mentee_subjects,mentee_topics,mentee_competencies,mentee_availability,mentee_difficulty_level,mentee_year_level,mentor_role,mentor_subjects,mentor_topics,mentor_competencies,mentor_availability,mentor_years_experience,mentor_teaching_experience_years,mentor_expertise_level,mentor_year_level,target_score
IT Fundamentals,"Command Line & Web Infra, Web Markup","Domain Name System (DNS), Forms & Inputs, CLI Navigation","Fri|18:00-20:00, Mon|09:00-11:00, Thu|15:00-17:00, Sat|09:00-11:00",2,1,Senior IT Student,"Computer Programming, IT Fundamentals, Intro to Human Computer Interaction, Introduction to Computing","Control Structures, Computer Networks Basics, Debugging & Execution, Digital Logic & Data Representation","Loop Control, Network Topologies, Syntax Errors, Data Encoding (ASCII/Unicode)","Wed|13:00-15:00, Mon|09:00-11:00",3,1,4,4,0.1712
"PE 1: PATH FIT 1 - Movement Enhancement, PE 2: PATH FIT 2 - Fitness Exercises",,,"Mon|09:00-11:00, Thu|15:00-17:00, Sat|09:00-11:00, Wed|13:00-15:00",3,1,Instructor,"Computer Programming, IT Fundamentals, PE 1: PATH FIT 1 - Movement Enhancement, PE 2: PATH FIT 2 - Fitness Exercises",Control Structures,Conditional Logic,"Mon|09:00-11:00, Thu|15:00-17:00, Tue|10:00-12:00, Wed|13:00-15:00",9,6,4,4,0.6106
IT Fundamentals,"Web Styling, Command Line & Web Infra, Web Markup","Box Model, Domain Name System (DNS), CLI Navigation, Forms & Inputs, Media & Tables","Sat|09:00-11:00, Tue|10:00-12:00, Fri|18:00-20:00, Thu|15:00-17:00",4,1,Instructor,"IT Fundamentals, Introduction to Computing","Command Line & Web Infra, Client-Side Scripting","CLI Navigation, HTTP Request Methods, DOM Manipulation","Wed|13:00-15:00, Tue|10:00-12:00, Thu|15:00-17:00, Fri|18:00-20:00",6,6,4,4,0.4565
"IT Fundamentals, NSTP 2: Civic Welfare Training Service","Web Styling, Web Markup, Client-Side Scripting","Responsive Layouts, Flexbox & Grid, CSS Selectors, Media & Tables, DOM Manipulation","Mon|09:00-11:00, Sat|09:00-11:00, Fri|18:00-20:00",3,1,Instructor,"Computer Programming, IT Fundamentals, Introduction to Computing","Digital Logic & Data Representation, Operating Systems & Architecture, Web Styling","Binary/Octal/Hex Conversions, Process Management, CSS Selectors","Mon|09:00-11:00, Sat|09:00-11:00, Wed|13:00-15:00, Thu|15:00-17:00",4,3,4,4,0.3176
"IT Fundamentals, Intro to Human Computer Interaction, Introduction to Computing","User Research & Behavioral Mapping, Operating Systems & Architecture, Command Line & Web Infra","Customer Journey Mapping, OS Fundamentals, HTTP Request Methods","Wed|13:00-15:00, Tue|10:00-12:00",4,1,Instructor,"IT Fundamentals, Intro to Human Computer Interaction, Introduction to Computing","User Research & Behavioral Mapping, Web Markup, Command Line & Web Infra, Client-Side Scripting, Operating Systems & Architecture","Customer Journey Mapping, Forms & Inputs, HTTP Request Methods, JavaScript Syntax, OS Fundamentals","Tue|10:00-12:00, Wed|13:00-15:00",12,3,4,4,0.8034
"Computer Programming, NSTP 2: Civic Welfare Training Service","Modular Programming, Data Structures, Debugging & Execution","Variable Scope & Lifetime, Basic Sorting Algorithms, Array Creation, Parameters & Return Values, Syntax Errors","Wed|13:00-15:00, Thu|15:00-17:00, Sat|09:00-11:00, Tue|10:00-12:00",4,1,Senior IT Student,"Computer Programming, IT Fundamentals",Web Styling,"Flexbox & Grid, Box Model","Fri|18:00-20:00, Tue|10:00-12:00",1,0,3,3,0.1952
GE EL 108: Philippine Indigenous Communities,,,"Thu|15:00-17:00, Tue|10:00-12:00, Fri|18:00-20:00, Wed|13:00-15:00",4,1,Senior IT Student,"GE EL 108: Philippine Indigenous Communities, Intro to Human Computer Interaction, Introduction to Computing","Interaction Design & Cognitive Models, Operating Systems & Architecture","Interaction Design Frameworks, File Systems & Permissions","Wed|13:00-15:00, Thu|15:00-17:00, Fri|18:00-20:00",1,0,4,3,0.4919
"Computer Programming, NSTP 2: Civic Welfare Training Service","Data Structures, Modular Programming","1D/2D Manipulation, Function Definitions, Array Creation","Thu|15:00-17:00, Fri|18:00-20:00",2,1,Instructor,"Computer Programming, Introduction to Computing","Data Structures, Debugging & Execution, Control Structures","Basic Sorting Algorithms, Console Debugging Techniques, Conditional Logic, Linear/Binary Searching","Thu|15:00-17:00, Wed|13:00-15:00, Sat|09:00-11:00",3,3,5,4,0.2995
"Intro to Human Computer Interaction, Introduction to Computing, IT Fundamentals","Command Line & Web Infra, Client-Side Scripting, Interaction Design & Cognitive Models","HTTP Request Methods, Event Listeners, Interaction Design Frameworks","Wed|13:00-15:00, Mon|09:00-11:00, Fri|18:00-20:00, Sat|09:00-11:00",4,1,Instructor,"Intro to Human Computer Interaction, Introduction to Computing","HCI Principles & Guidelines, User Research & Behavioral Mapping, Operating Systems & Architecture","System Prototype Proposal, User Research & Analysis, OS Fundamentals, File Systems & Permissions","Thu|15:00-17:00, Mon|09:00-11:00",12,11,3,4,0.3274
NSTP 2: Civic Welfare Training Service,,,"Sat|09:00-11:00, Wed|13:00-15:00",3,1,Senior IT Student,"IT Fundamentals, Introduction to Computing, Intro to Human Computer Interaction","Web Styling, Prototyping & UI Tooling, History & Hardware Evolution, User Research & Behavioral Mapping","Responsive Layouts, Box Model, Figma UI Design, Computing Generations, User Flow Diagrams","Wed|13:00-15:00, Sat|09:00-11:00",3,0,3,4,0.3363
"IT Fundamentals, Intro to Human Computer Interaction, Introduction to Computing","User Research & Behavioral Mapping, Web Styling, Client-Side Scripting, Interaction Design & Cognitive Models","Customer Journey Mapping, Responsive Layouts, DOM Manipulation, Interaction Design Frameworks, JavaScript Syntax","Sat|09:00-11:00, Fri|18:00-20:00",3,1,Instructor,"IT Fundamentals, Intro to Human Computer Interaction","Web Markup, User Research & Behavioral Mapping, HCI Principles & Guidelines","Media & Tables, User Flow Diagrams, HCI Principles & Paradigms","Tue|10:00-12:00, Wed|13:00-15:00, Sat|09:00-11:00",3,2,5,4,0.4096
"Intro to Human Computer Interaction, Introduction to Computing, PE 1: PATH FIT 1 - Movement Enhancement","Digital Logic & Data Representation, Interaction Design & Cognitive Models, History & Hardware Evolution","Data Encoding (ASCII/Unicode), Boolean Logic Gates, Human Information Processing, Computing Generations","Mon|09:00-11:00, Wed|13:00-15:00",3,1,Instructor,"IT Fundamentals, Intro to Human Computer Interaction, Introduction to Computing, PE 1: PATH FIT 1 - Movement Enhancement","Digital Logic & Data Representation, History & Hardware Evolution, Interaction Design & Cognitive Models, HCI Principles & Guidelines","Boolean Logic Gates, Computing Generations, Data Encoding (ASCII/Unicode), Human Information Processing, System Prototype Proposal","Mon|09:00-11:00, Wed|13:00-15:00",6,3,4,4,0.8165
"Introduction to Computing, Intro to Human Computer Interaction","HCI Principles & Guidelines, Prototyping & UI Tooling, High-Fidelity Design & Documentation, Operating Systems & Architecture","Guideline Categories of HCI, Figma UI Design, High-Fidelity Prototyping, Process Management","Tue|10:00-12:00, Mon|09:00-11:00, Thu|15:00-17:00",2,1,Senior IT Student,"Computer Programming, IT Fundamentals, Intro to Human Computer Interaction, Introduction to Computing","Prototyping & UI Tooling, Web Markup, HCI Principles & Guidelines, High-Fidelity Design & Documentation, Operating Systems & Architecture","Figma UI Design, Forms & Inputs, Guideline Categories of HCI, High-Fidelity Prototyping, Process Management","Mon|09:00-11:00, Sat|09:00-11:00, Tue|10:00-12:00",3,0,5,4,0.6828
"Intro to Human Computer Interaction, IT Fundamentals, Computer Programming","Web Styling, High-Fidelity Design & Documentation, Debugging & Execution","CSS Selectors, High-Fidelity Prototyping, Logic Troubleshooting","Mon|09:00-11:00, Sat|09:00-11:00, Thu|15:00-17:00",3,1,Senior IT Student,"Computer Programming, IT Fundamentals, Intro to Human Computer Interaction","Web Styling, Debugging & Execution, High-Fidelity Design & Documentation, Control Structures","CSS Selectors, Console Debugging Techniques, High-Fidelity Prototyping, Iteration Patterns, Logic Troubleshooting","Mon|09:00-11:00, Sat|09:00-11:00, Thu|15:00-17:00",3,2,5,3,0.8224
"PE 2: PATH FIT 2 - Fitness Exercises, PE 1: PATH FIT 1 - Movement Enhancement",,,"Sat|09:00-11:00, Wed|13:00-15:00, Tue|10:00-12:00",3,1,Instructor,"IT Fundamentals, PE 2: PATH FIT 2 - Fitness Exercises","Client-Side Scripting, Web Markup, Web Styling","DOM Manipulation, HTML5 Semantic Elements, Box Model","Tue|10:00-12:00, Thu|15:00-17:00, Wed|13:00-15:00",10,9,4,4,0.4987
"Computer Programming, IT Fundamentals, Introduction to Computing","Client-Side Scripting, Data Structures, Web Markup, Web Styling","DOM Manipulation, Linear/Binary Searching, Media & Tables, Responsive Layouts, Forms & Inputs","Tue|10:00-12:00, Mon|09:00-11:00",2,1,Instructor,"Intro to Human Computer Interaction, Computer Programming","User Research & Behavioral Mapping, Modular Programming, High-Fidelity Design & Documentation, Control Structures","Customer Journey Mapping, Variable Scope & Lifetime, Design Systems Documentation, Iteration Patterns, User Flow Diagrams","Mon|09:00-11:00, Thu|15:00-17:00",13,13,4,4,0.2013
"Intro to Human Computer Interaction, Introduction to Computing, IT Fundamentals","Web Styling, Prototyping & UI Tooling, Client-Side Scripting","Box Model, Wireframe Sketching, DOM Manipulation","Fri|18:00-20:00, Wed|13:00-15:00, Thu|15:00-17:00, Sat|09:00-11:00",5,1,Instructor,"Computer Programming, IT Fundamentals, Intro to Human Computer Interaction, Introduction to Computing","Web Styling, Client-Side Scripting, HCI Principles & Guidelines, Prototyping & UI Tooling","Box Model, CSS Selectors, DOM Manipulation, System Prototype Proposal, Wireframe Sketching","Fri|18:00-20:00, Sat|09:00-11:00, Wed|13:00-15:00",13,5,5,4,0.736
"GE EL 108: Philippine Indigenous Communities, GE 104: Readings in Philippine History",,,"Mon|09:00-11:00, Tue|10:00-12:00, Fri|18:00-20:00, Sat|09:00-11:00",4,1,Instructor,"GE EL 108: Philippine Indigenous Communities, Intro to Human Computer Interaction","User Research & Behavioral Mapping, Prototyping & UI Tooling","User Research & Analysis, Wireframe Sketching, User Flow Diagrams","Mon|09:00-11:00, Tue|10:00-12:00, Thu|15:00-17:00",15,11,4,4,0.5095
"PE 2: PATH FIT 2 - Fitness Exercises, PE 1: PATH FIT 1 - Movement Enhancement",,,"Wed|13:00-15:00, Thu|15:00-17:00, Fri|18:00-20:00",4,1,Instructor,"Intro to Human Computer Interaction, PE 1: PATH FIT 1 - Movement Enhancement, PE 2: PATH FIT 2 - Fitness Exercises",Interaction Design & Cognitive Models,Human Information Processing,"Mon|09:00-11:00, Thu|15:00-17:00, Wed|13:00-15:00",13,12,5,4,0.7203
"Computer Programming, IT Fundamentals","Web Styling, Client-Side Scripting, Control Structures","Flexbox & Grid, DOM Manipulation, Loop Control, Iteration Patterns","Thu|15:00-17:00, Tue|10:00-12:00, Sat|09:00-11:00, Mon|09:00-11:00",2,1,Senior IT Student,"Intro to Human Computer Interaction, Computer Programming, IT Fundamentals","Web Styling, HCI Principles & Guidelines, Client-Side Scripting","Box Model, Guideline Categories of HCI, DOM Manipulation","Sat|09:00-11:00, Mon|09:00-11:00",2,2,4,3,0.5102
Introduction to Computing,"History & Hardware Evolution, Operating Systems & Architecture","Memory & Storage Types, Process Management, Processor Architecture","Tue|10:00-12:00, Thu|15:00-17:00, Wed|13:00-15:00, Sat|09:00-11:00",3,1,Instructor,"Computer Programming, Introduction to Computing","Data Structures, Digital Logic & Data Representation, Control Structures","Array Creation, Data Encoding (ASCII/Unicode), Loop Control","Fri|18:00-20:00, Thu|15:00-17:00, Sat|09:00-11:00",4,4,3,4,0.3326
IT Fundamentals,"Command Line & Web Infra, Web Markup, Client-Side Scripting, Web Styling","HTTP Request Methods, Forms & Inputs, Event Listeners, HTML5 Semantic Elements, Flexbox & Grid","Thu|15:00-17:00, Wed|13:00-15:00, Mon|09:00-11:00, Fri|18:00-20:00",5,1,Instructor,"Intro to Human Computer Interaction, Computer Programming","Modular Programming, Interaction Design & Cognitive Models, Control Structures, User Research & Behavioral Mapping","Variable Scope & Lifetime, Human Information Processing, Loop Control, User Research & Analysis","Thu|15:00-17:00, Sat|09:00-11:00, Wed|13:00-15:00",12,10,5,4,0.1429
IT Fundamentals,"Command Line & Web Infra, Client-Side Scripting","HTTP Request Methods, JavaScript Syntax, Event Listeners","Sat|09:00-11:00, Thu|15:00-17:00, Wed|13:00-15:00, Mon|09:00-11:00",4,1,Senior IT Student,IT Fundamentals,"Web Styling, Client-Side Scripting, Command Line & Web Infra","Box Model, Event Listeners, Flexbox & Grid, HTTP Request Methods, JavaScript Syntax","Sat|09:00-11:00, Thu|15:00-17:00, Wed|13:00-15:00",2,2,4,3,0.7913
Intro to Human Computer Interaction,"User Research & Behavioral Mapping, HCI Principles & Guidelines, Interaction Design & Cognitive Models","User Flow Diagrams, HCI Principles & Paradigms, Guideline Categories of HCI, Human Information Processing","Thu|15:00-17:00, Tue|10:00-12:00",3,1,Instructor,"IT Fundamentals, Intro to Human Computer Interaction","Command Line & Web Infra, Prototyping & UI Tooling, HCI Principles & Guidelines","CLI Navigation, Domain Name System (DNS), Figma UI Design, Guideline Categories of HCI","Wed|13:00-15:00, Sat|09:00-11:00, Tue|10:00-12:00",14,5,3,4,0.3962
"Computer Programming, Introduction to Computing, IT Fundamentals","Command Line & Web Infra, Client-Side Scripting, Digital Logic & Data Representation, Data Structures","HTTP Request Methods, DOM Manipulation, Data Encoding (ASCII/Unicode), Basic Sorting Algorithms","Wed|13:00-15:00, Tue|10:00-12:00",3,1,Senior IT Student,"Introduction to Computing, Intro to Human Computer Interaction, Computer Programming","Data Structures, Operating Systems & Architecture, History & Hardware Evolution","Basic Sorting Algorithms, OS Fundamentals, Computing Generations","Tue|10:00-12:00, Mon|09:00-11:00, Wed|13:00-15:00",4,3,4,4,0.4551
Intro to Human Computer Interaction,"Prototyping & UI Tooling, High-Fidelity Design & Documentation, HCI Principles & Guidelines","Design System & Components, Design Systems Documentation, HCI Principles & Paradigms, System Prototype Proposal, Figma UI Design","Wed|13:00-15:00, Mon|09:00-11:00, Tue|10:00-12:00, Fri|18:00-20:00",4,1,Instructor,Intro to Human Computer Interaction,"Prototyping & UI Tooling, High-Fidelity Design & Documentation, HCI Principles & Guidelines, Interaction Design & Cognitive Models, User Research & Behavioral Mapping","Design System & Components, Design Systems Documentation, Figma UI Design, HCI Principles & Paradigms, Human Information Processing, System Prototype Proposal, User Flow Diagrams","Mon|09:00-11:00, Thu|15:00-17:00, Wed|13:00-15:00",15,5,4,4,0.7979
Computer Programming,"Control Structures, Data Structures, Modular Programming","Conditional Logic, Iteration Patterns, Loop Control, Basic Sorting Algorithms, Function Definitions","Fri|18:00-20:00, Thu|15:00-17:00, Wed|13:00-15:00, Mon|09:00-11:00",3,1,Senior IT Student,"Computer Programming, Intro to Human Computer Interaction","User Research & Behavioral Mapping, Prototyping & UI Tooling, High-Fidelity Design & Documentation, Data Structures, HCI Principles & Guidelines","User Research & Analysis, Wireframe Sketching, Design Systems Documentation, Basic Sorting Algorithms, HCI Principles & Paradigms","Wed|13:00-15:00, Tue|10:00-12:00",2,2,5,3,0.2991
"GE 105: Mathematics in the Modern World, GE 108: Understanding the Self",,,"Sat|09:00-11:00, Wed|13:00-15:00, Thu|15:00-17:00",3,1,Instructor,"GE 105: Mathematics in the Modern World, Introduction to Computing","Computer Networks Basics, Digital Logic & Data Representation","Client-Server Architecture, Data Encoding (ASCII/Unicode), Network Topologies","Mon|09:00-11:00, Sat|09:00-11:00, Tue|10:00-12:00",15,12,3,4,0.4795
Intro to Human Computer Interaction,"Interaction Design & Cognitive Models, HCI Principles & Guidelines, Prototyping & UI Tooling, User Research & Behavioral Mapping","Human Information Processing, System Prototype Proposal, Figma UI Design, Customer Journey Mapping","Thu|15:00-17:00, Mon|09:00-11:00, Sat|09:00-11:00, Tue|10:00-12:00",4,1,Instructor,"Intro to Human Computer Interaction, IT Fundamentals, Computer Programming","Modular Programming, HCI Principles & Guidelines, Data Structures, User Research & Behavioral Mapping","Variable Scope & Lifetime, System Prototype Proposal, Array Creation, User Research & Analysis","Thu|15:00-17:00, Fri|18:00-20:00",7,4,5,4,0.3541
"PE 2: PATH FIT 2 - Fitness Exercises, PE 1: PATH FIT 1 - Movement Enhancement",,,"Fri|18:00-20:00, Wed|13:00-15:00",4,1,Instructor,"Computer Programming, PE 1: PATH FIT 1 - Movement Enhancement, PE 2: PATH FIT 2 - Fitness Exercises","Control Structures, Modular Programming","Iteration Patterns, Parameters & Return Values","Fri|18:00-20:00, Sat|09:00-11:00, Thu|15:00-17:00, Wed|13:00-15:00",13,11,4,4,0.7953
"Introduction to Computing, IT Fundamentals","Digital Logic & Data Representation, Web Markup, Client-Side Scripting","Binary/Octal/Hex Conversions, Media & Tables, DOM Manipulation","Thu|15:00-17:00, Wed|13:00-15:00",4,1,Instructor,"IT Fundamentals, Intro to Human Computer Interaction, Introduction to Computing","Digital Logic & Data Representation, Client-Side Scripting, Web Markup, Computer Networks Basics","Binary/Octal/Hex Conversions, DOM Manipulation, Event Listeners, Media & Tables, Network Topologies","Fri|18:00-20:00, Thu|15:00-17:00, Tue|10:00-12:00, Wed|13:00-15:00",7,5,4,4,0.7344
"Introduction to Computing, Computer Programming","Data Structures, Modular Programming, Digital Logic & Data Representation, Control Structures","Basic Sorting Algorithms, Variable Scope & Lifetime, Array Creation, Boolean Logic Gates, Iteration Patterns","Thu|15:00-17:00, Wed|13:00-15:00, Fri|18:00-20:00, Sat|09:00-11:00",4,1,Instructor,"Computer Programming, Introduction to Computing","Debugging & Execution, Modular Programming, Computer Networks Basics, History & Hardware Evolution","Console Debugging Techniques, Function Definitions, Client-Server Architecture, Computing Generations","Wed|13:00-15:00, Thu|15:00-17:00",9,4,4,4,0.5355
NSTP 1: Civic Welfare Training Service,,,"Mon|09:00-11:00, Fri|18:00-20:00, Thu|15:00-17:00",2,1,Instructor,"Introduction to Computing, NSTP 1: Civic Welfare Training Service",Digital Logic & Data Representation,"Boolean Logic Gates, Data Encoding (ASCII/Unicode)","Fri|18:00-20:00, Mon|09:00-11:00, Sat|09:00-11:00, Thu|15:00-17:00",8,7,5,4,0.6087
"Introduction to Computing, IT Fundamentals, Intro to Human Computer Interaction","Web Styling, Web Markup, Digital Logic & Data Representation, HCI Principles & Guidelines, Operating Systems & Architecture","Responsive Layouts, Media & Tables, Data Encoding (ASCII/Unicode), System Prototype Proposal, OS Fundamentals","Sat|09:00-11:00, Mon|09:00-11:00, Thu|15:00-17:00, Fri|18:00-20:00",5,1,Senior IT Student,"IT Fundamentals, Computer Programming","Client-Side Scripting, Data Structures, Control Structures","JavaScript Syntax, Array Creation, Loop Control","Thu|15:00-17:00, Fri|18:00-20:00, Tue|10:00-12:00, Sat|09:00-11:00",2,0,3,3,0.2373
NSTP 2: Civic Welfare Training Service,,,"Sat|09:00-11:00, Mon|09:00-11:00, Thu|15:00-17:00",3,1,Senior IT Student,"IT Fundamentals, Intro to Human Computer Interaction, NSTP 2: Civic Welfare Training Service","User Research & Behavioral Mapping, HCI Principles & Guidelines, Prototyping & UI Tooling","User Flow Diagrams, HCI Principles & Paradigms, Figma UI Design","Thu|15:00-17:00, Wed|13:00-15:00, Tue|10:00-12:00",1,0,4,4,0.4369
"IT Fundamentals, Introduction to Computing","Command Line & Web Infra, Client-Side Scripting, Web Markup, Digital Logic & Data Representation, Operating Systems & Architecture","HTTP Request Methods, DOM Manipulation, HTML5 Semantic Elements, Data Encoding (ASCII/Unicode), File Systems & Permissions","Mon|09:00-11:00, Fri|18:00-20:00, Thu|15:00-17:00, Tue|10:00-12:00",3,1,Instructor,IT Fundamentals,"Command Line & Web Infra, Web Markup","HTTP Request Methods, Domain Name System (DNS), CLI Navigation, Media & Tables","Mon|09:00-11:00, Sat|09:00-11:00, Wed|13:00-15:00, Tue|10:00-12:00",12,7,3,4,0.4593
"GE 104: Readings in Philippine History, GE 108: Understanding the Self",,,"Fri|18:00-20:00, Wed|13:00-15:00",4,1,Senior IT Student,"GE 104: Readings in Philippine History, IT Fundamentals","Command Line & Web Infra, Web Styling","HTTP Request Methods, Box Model, Flexbox & Grid","Thu|15:00-17:00, Mon|09:00-11:00",4,4,3,3,0.353
IT Fundamentals,"Web Styling, Command Line & Web Infra","Flexbox & Grid, CLI Navigation, Domain Name System (DNS), Box Model","Thu|15:00-17:00, Wed|13:00-15:00, Mon|09:00-11:00, Fri|18:00-20:00",3,1,Instructor,"Computer Programming, IT Fundamentals","Client-Side Scripting, Web Markup","JavaScript Syntax, Forms & Inputs","Wed|13:00-15:00, Thu|15:00-17:00, Mon|09:00-11:00, Fri|18:00-20:00",3,3,3,4,0.3948
GE 105: Mathematics in the Modern World,,,"Wed|13:00-15:00, Fri|18:00-20:00, Thu|15:00-17:00",4,1,Senior IT Student,"Computer Programming, GE 105: Mathematics in the Modern World, Introduction to Computing","History & Hardware Evolution, Control Structures, Modular Programming","Computing Generations, Conditional Logic, Parameters & Return Values","Fri|18:00-20:00, Tue|10:00-12:00, Wed|13:00-15:00",1,1,4,4,0.5184
"Introduction to Computing, Computer Programming","Control Structures, History & Hardware Evolution, Modular Programming","Iteration Patterns, Memory & Storage Types, Variable Scope & Lifetime","Sat|09:00-11:00, Fri|18:00-20:00",2,1,Senior IT Student,"Computer Programming, Introduction to Computing, IT Fundamentals, Intro to Human Computer Interaction","Operating Systems & Architecture, High-Fidelity Design & Documentation, Modular Programming","File Systems & Permissions, High-Fidelity Prototyping, Variable Scope & Lifetime","Wed|13:00-15:00, Tue|10:00-12:00, Mon|09:00-11:00, Sat|09:00-11:00",2,0,4,3,0.388
GE EL 108: Philippine Indigenous Communities,,,"Tue|10:00-12:00, Wed|13:00-15:00",2,1,Instructor,"GE EL 108: Philippine Indigenous Communities, GE 105: Mathematics in the Modern World",,,"Fri|18:00-20:00, Mon|09:00-11:00",10,10,4,4,0.4841
"Computer Programming, IT Fundamentals, Introduction to Computing, NSTP 2: Civic Welfare Training Service","Data Structures, Digital Logic & Data Representation, History & Hardware Evolution","Basic Sorting Algorithms, Data Encoding (ASCII/Unicode), Memory & Storage Types, 1D/2D Manipulation, Linear/Binary Searching","Fri|18:00-20:00, Tue|10:00-12:00, Mon|09:00-11:00",3,1,Instructor,"Intro to Human Computer Interaction, IT Fundamentals, Computer Programming","Control Structures, User Research & Behavioral Mapping, Modular Programming, Web Markup","Conditional Logic, Customer Journey Mapping, User Flow Diagrams, Variable Scope & Lifetime, HTML5 Semantic Elements","Wed|13:00-15:00, Thu|15:00-17:00, Fri|18:00-20:00",10,5,5,4,0.245
"GE EL 108: Philippine Indigenous Communities, GE 108: Understanding the Self",,,"Thu|15:00-17:00, Mon|09:00-11:00, Fri|18:00-20:00, Sat|09:00-11:00",2,1,Instructor,"Computer Programming, GE EL 108: Philippine Indigenous Communities, IT Fundamentals",Web Styling,"Flexbox & Grid, Box Model","Wed|13:00-15:00, Mon|09:00-11:00, Thu|15:00-17:00, Tue|10:00-12:00",14,2,4,4,0.4062
"Introduction to Computing, IT Fundamentals","Client-Side Scripting, Web Styling, Operating Systems & Architecture","Event Listeners, CSS Selectors, Process Management","Wed|13:00-15:00, Fri|18:00-20:00",3,1,Senior IT Student,"Computer Programming, GE 104: Readings in Philippine History, GE EL 108: Philippine Indigenous Communities, IT Fundamentals, Introduction to Computing","Debugging & Execution, Modular Programming, Computer Networks Basics","Logic Troubleshooting, Variable Scope & Lifetime, OSI Model Layers","Mon|09:00-11:00, Sat|09:00-11:00, Tue|10:00-12:00, Thu|15:00-17:00",2,2,3,4,0.2368
"IT Fundamentals, Intro to Human Computer Interaction","User Research & Behavioral Mapping, Web Markup, Web Styling","Customer Journey Mapping, Media & Tables, Forms & Inputs, Box Model, Flexbox & Grid","Mon|09:00-11:00, Sat|09:00-11:00, Wed|13:00-15:00, Tue|10:00-12:00",5,1,Instructor,"IT Fundamentals, Introduction to Computing","Web Styling, Command Line & Web Infra, History & Hardware Evolution, Client-Side Scripting","CSS Selectors, Domain Name System (DNS), Computing Generations, Event Listeners","Sat|09:00-11:00, Fri|18:00-20:00, Thu|15:00-17:00, Wed|13:00-15:00",3,2,4,4,0.2916
Computer Programming,"Debugging & Execution, Control Structures, Data Structures","Console Debugging Techniques, Iteration Patterns, 1D/2D Manipulation","Wed|13:00-15:00, Mon|09:00-11:00, Fri|18:00-20:00",4,1,Senior IT Student,"Computer Programming, IT Fundamentals","Data Structures, Debugging & Execution, Client-Side Scripting, Command Line & Web Infra, Control Structures","1D/2D Manipulation, Console Debugging Techniques, DOM Manipulation, HTTP Request Methods, Iteration Patterns, Logic Troubleshooting","Mon|09:00-11:00, Thu|15:00-17:00, Wed|13:00-15:00",4,0,5,3,0.577
"Intro to Human Computer Interaction, IT Fundamentals, Computer Programming","HCI Principles & Guidelines, Client-Side Scripting, Prototyping & UI Tooling, Data Structures","Guideline Categories of HCI, JavaScript Syntax, Design System & Components, Array Creation","Wed|13:00-15:00, Mon|09:00-11:00, Thu|15:00-17:00, Fri|18:00-20:00",3,1,Instructor,Intro to Human Computer Interaction,"High-Fidelity Design & Documentation, User Research & Behavioral Mapping, Interaction Design & Cognitive Models","High-Fidelity Prototyping, User Research & Analysis, Interaction Design Frameworks","Tue|10:00-12:00, Mon|09:00-11:00, Fri|18:00-20:00",15,7,3,4,0.2607
"Computer Programming, GE 108: Understanding the Self, IT Fundamentals, Introduction to Computing","Digital Logic & Data Representation, Computer Networks Basics","Data Encoding (ASCII/Unicode), Binary/Octal/Hex Conversions, OSI Model Layers","Thu|15:00-17:00, Fri|18:00-20:00, Wed|13:00-15:00, Sat|09:00-11:00",3,1,Senior IT Student,"IT Fundamentals, Intro to Human Computer Interaction, Introduction to Computing","User Research & Behavioral Mapping, Digital Logic & Data Representation, History & Hardware Evolution","Customer Journey Mapping, Binary/Octal/Hex Conversions, Memory & Storage Types","Sat|09:00-11:00, Mon|09:00-11:00",3,2,3,3,0.3554
"Introduction to Computing, Computer Programming","Modular Programming, Operating Systems & Architecture, Computer Networks Basics, Data Structures","Parameters & Return Values, OS Fundamentals, OSI Model Layers, Function Definitions, Array Creation","Tue|10:00-12:00, Mon|09:00-11:00, Thu|15:00-17:00, Fri|18:00-20:00",3,1,Senior IT Student,"Computer Programming, Introduction to Computing","Data Structures, Modular Programming, Computer Networks Basics, Operating Systems & Architecture","Array Creation, Function Definitions, Network Topologies, OS Fundamentals, OSI Model Layers, Parameters & Return Values","Fri|18:00-20:00, Mon|09:00-11:00, Thu|15:00-17:00, Tue|10:00-12:00",3,3,5,4,0.938
"Computer Programming, GE 104: Readings in Philippine History, GE EL 108: Philippine Indigenous Communities, IT Fundamentals, Introduction to Computing","Modular Programming, Client-Side Scripting, Data Structures, Computer Networks Basics","Variable Scope & Lifetime, DOM Manipulation, Linear/Binary Searching, Client-Server Architecture, Event Listeners","Sat|09:00-11:00, Thu|15:00-17:00, Tue|10:00-12:00",4,1,Senior IT Student,"Computer Programming, GE 104: Readings in Philippine History, GE EL 108: Philippine Indigenous Communities, IT Fundamentals, Introduction to Computing","Computer Networks Basics, Client-Side Scripting, Data Structures, Operating Systems & Architecture, History & Hardware Evolution, Modular Programming","Client-Server Architecture, DOM Manipulation, Event Listeners, Linear/Binary Searching, Process Management, Processor Architecture, Variable Scope & Lifetime","Mon|09:00-11:00, Sat|09:00-11:00, Thu|15:00-17:00, Wed|13:00-15:00",3,3,4,3,0.7972
Introduction to Computing,"Operating Systems & Architecture, Computer Networks Basics","File Systems & Permissions, Client-Server Architecture, OSI Model Layers","Sat|09:00-11:00, Wed|13:00-15:00",4,1,Instructor,"Computer Programming, IT Fundamentals, Intro to Human Computer Interaction, Introduction to Computing","Operating Systems & Architecture, Web Markup, HCI Principles & Guidelines, History & Hardware Evolution, Web Styling","Process Management, Media & Tables, System Prototype Proposal, Computing Generations, Flexbox & Grid","Wed|13:00-15:00, Thu|15:00-17:00",6,6,5,4,0.2828
"Intro to Human Computer Interaction, Computer Programming, IT Fundamentals","Client-Side Scripting, Web Markup, Prototyping & UI Tooling, High-Fidelity Design & Documentation, Command Line & Web Infra","JavaScript Syntax, HTML5 Semantic Elements, Design System & Components, Design Systems Documentation, HTTP Request Methods","Wed|13:00-15:00, Mon|09:00-11:00",5,1,Instructor,"Intro to Human Computer Interaction, Introduction to Computing","HCI Principles & Guidelines, Computer Networks Basics, User Research & Behavioral Mapping","System Prototype Proposal, Client-Server Architecture, User Research & Analysis","Thu|15:00-17:00, Fri|18:00-20:00, Tue|10:00-12:00",4,2,4,4,0.1877
"Intro to Human Computer Interaction, NSTP 2: Civic Welfare Training Service","User Research & Behavioral Mapping, Interaction Design & Cognitive Models, HCI Principles & Guidelines","User Research & Analysis, Interaction Design Frameworks, HCI Principles & Paradigms","Mon|09:00-11:00, Wed|13:00-15:00, Tue|10:00-12:00",3,1,Instructor,"Intro to Human Computer Interaction, Computer Programming","HCI Principles & Guidelines, Prototyping & UI Tooling, User Research & Behavioral Mapping","HCI Principles & Paradigms, Wireframe Sketching, Customer Journey Mapping","Thu|15:00-17:00, Mon|09:00-11:00, Wed|13:00-15:00, Fri|18:00-20:00",11,11,4,4,0.4279
"GE 108: Understanding the Self, GE 105: Mathematics in the Modern World",,,"Fri|18:00-20:00, Sat|09:00-11:00, Mon|09:00-11:00",5,1,Senior IT Student,"GE 108: Understanding the Self, IT Fundamentals","Web Markup, Client-Side Scripting, Web Styling","HTML5 Semantic Elements, Event Listeners, Flexbox & Grid","Fri|18:00-20:00, Thu|15:00-17:00",3,0,3,3,0.4015
"Computer Programming, GE 105: Mathematics in the Modern World, GE EL 108: Philippine Indigenous Communities, IT Fundamentals, Introduction to Computing","Client-Side Scripting, Data Structures, Web Markup","Event Listeners, 1D/2D Manipulation, Media & Tables","Sat|09:00-11:00, Mon|09:00-11:00, Wed|13:00-15:00, Fri|18:00-20:00",2,1,Senior IT Student,"Computer Programming, GE 105: Mathematics in the Modern World, Intro to Human Computer Interaction","HCI Principles & Guidelines, User Research & Behavioral Mapping, Data Structures, High-Fidelity Design & Documentation","System Prototype Proposal, User Flow Diagrams, Linear/Binary Searching, Design Systems Documentation","Mon|09:00-11:00, Thu|15:00-17:00",2,0,3,4,0.2825
"IT Fundamentals, Intro to Human Computer Interaction","HCI Principles & Guidelines, Client-Side Scripting, Web Markup, High-Fidelity Design & Documentation, User Research & Behavioral Mapping","System Prototype Proposal, DOM Manipulation, Forms & Inputs, High-Fidelity Prototyping, User Flow Diagrams","Wed|13:00-15:00, Sat|09:00-11:00",2,1,Senior IT Student,"IT Fundamentals, Intro to Human Computer Interaction","Client-Side Scripting, Prototyping & UI Tooling, Web Markup, Command Line & Web Infra, High-Fidelity Design & Documentation, HCI Principles & Guidelines, User Research & Behavioral Mapping","DOM Manipulation, Design System & Components, Forms & Inputs, HTTP Request Methods, High-Fidelity Prototyping, System Prototype Proposal, User Flow Diagrams","Sat|09:00-11:00, Thu|15:00-17:00, Wed|13:00-15:00",3,2,5,4,0.846
Intro to Human Computer Interaction,"Prototyping & UI Tooling, Interaction Design & Cognitive Models, User Research & Behavioral Mapping","Wireframe Sketching, Human Information Processing, User Research & Analysis","Mon|09:00-11:00, Wed|13:00-15:00",5,1,Instructor,"Intro to Human Computer Interaction, Computer Programming","High-Fidelity Design & Documentation, Data Structures, Control Structures, Prototyping & UI Tooling, Modular Programming","High-Fidelity Prototyping, Basic Sorting Algorithms, Loop Control, Wireframe Sketching, Function Definitions","Thu|15:00-17:00, Wed|13:00-15:00, Tue|10:00-12:00, Mon|09:00-11:00",4,4,4,4,0.4125
"Intro to Human Computer Interaction, Introduction to Computing, PE 1: PATH FIT 1 - Movement Enhancement, PE 2: PATH FIT 2 - Fitness Exercises","HCI Principles & Guidelines, Operating Systems & Architecture, Interaction Design & Cognitive Models, History & Hardware Evolution","Guideline Categories of HCI, OS Fundamentals, Human Information Processing, File Systems & Permissions, Processor Architecture","Wed|13:00-15:00, Thu|15:00-17:00, Mon|09:00-11:00",4,1,Instructor,"Computer Programming, Introduction to Computing, IT Fundamentals","Client-Side Scripting, Computer Networks Basics, Command Line & Web Infra, Modular Programming","DOM Manipulation, Client-Server Architecture, CLI Navigation, Function Definitions","Thu|15:00-17:00, Tue|10:00-12:00, Wed|13:00-15:00, Sat|09:00-11:00",15,6,5,4,0.2292
Computer Programming,"Control Structures, Debugging & Execution, Modular Programming","Iteration Patterns, Logic Troubleshooting, Function Definitions, Conditional Logic","Wed|13:00-15:00, Sat|09:00-11:00, Mon|09:00-11:00, Fri|18:00-20:00",4,1,Senior IT Student,"Computer Programming, Intro to Human Computer Interaction, Introduction to Computing, IT Fundamentals","HCI Principles & Guidelines, Command Line & Web Infra, Digital Logic & Data Representation","System Prototype Proposal, HTTP Request Methods, Data Encoding (ASCII/Unicode)","Tue|10:00-12:00, Fri|18:00-20:00, Mon|09:00-11:00, Thu|15:00-17:00",3,3,4,3,0.2132
"Intro to Human Computer Interaction, IT Fundamentals, Computer Programming","Interaction Design & Cognitive Models, Prototyping & UI Tooling, Client-Side Scripting, Control Structures, Data Structures","Human Information Processing, Wireframe Sketching, JavaScript Syntax, Iteration Patterns, Array Creation","Fri|18:00-20:00, Wed|13:00-15:00, Tue|10:00-12:00, Sat|09:00-11:00",5,1,Instructor,Intro to Human Computer Interaction,"HCI Principles & Guidelines, Prototyping & UI Tooling","HCI Principles & Paradigms, Guideline Categories of HCI, Wireframe Sketching, System Prototype Proposal","Tue|10:00-12:00, Sat|09:00-11:00, Wed|13:00-15:00",8,6,3,4,0.3491
"Computer Programming, IT Fundamentals","Data Structures, Client-Side Scripting, Modular Programming, Web Styling","1D/2D Manipulation, JavaScript Syntax, Variable Scope & Lifetime, Responsive Layouts","Mon|09:00-11:00, Fri|18:00-20:00, Tue|10:00-12:00, Wed|13:00-15:00",4,1,Instructor,"Computer Programming, IT Fundamentals, Intro to Human Computer Interaction, Introduction to Computing, PE 1: PATH FIT 1 - Movement Enhancement, PE 2: PATH FIT 2 - Fitness Exercises","History & Hardware Evolution, Control Structures, User Research & Behavioral Mapping, Prototyping & UI Tooling, Web Styling","Processor Architecture, Conditional Logic, User Research & Analysis, Wireframe Sketching, Flexbox & Grid","Thu|15:00-17:00, Wed|13:00-15:00, Sat|09:00-11:00, Mon|09:00-11:00",10,5,5,4,0.293
"GE 104: Readings in Philippine History, GE 105: Mathematics in the Modern World",,,"Tue|10:00-12:00, Wed|13:00-15:00, Fri|18:00-20:00, Thu|15:00-17:00",3,1,Senior IT Student,"Computer Programming, GE 104: Readings in Philippine History, GE 105: Mathematics in the Modern World, Introduction to Computing",History & Hardware Evolution,Processor Architecture,"Thu|15:00-17:00, Tue|10:00-12:00, Wed|13:00-15:00",1,0,4,3,0.5708
"Intro to Human Computer Interaction, Introduction to Computing, IT Fundamentals","Operating Systems & Architecture, High-Fidelity Design & Documentation, Prototyping & UI Tooling, Web Styling, Client-Side Scripting","Process Management, Design Systems Documentation, Design System & Components, Responsive Layouts, JavaScript Syntax","Thu|15:00-17:00, Wed|13:00-15:00, Sat|09:00-11:00",2,1,Instructor,"Computer Programming, IT Fundamentals","Modular Programming, Web Markup, Web Styling","Variable Scope & Lifetime, Media & Tables, Responsive Layouts","Mon|09:00-11:00, Thu|15:00-17:00",7,6,5,4,0.233
"Computer Programming, GE EL 108: Philippine Indigenous Communities, Intro to Human Computer Interaction","Modular Programming, Control Structures, Debugging & Execution, Interaction Design & Cognitive Models, HCI Principles & Guidelines","Variable Scope & Lifetime, Iteration Patterns, Console Debugging Techniques, Interaction Design Frameworks, Guideline Categories of HCI","Wed|13:00-15:00, Fri|18:00-20:00, Mon|09:00-11:00, Thu|15:00-17:00",2,1,Instructor,"Computer Programming, IT Fundamentals, Introduction to Computing","Operating Systems & Architecture, Command Line & Web Infra","OS Fundamentals, HTTP Request Methods","Mon|09:00-11:00, Sat|09:00-11:00, Fri|18:00-20:00, Thu|15:00-17:00",15,9,4,4,0.2208
PE 2: PATH FIT 2 - Fitness Exercises,,,"Wed|13:00-15:00, Tue|10:00-12:00, Thu|15:00-17:00, Sat|09:00-11:00",5,1,Instructor,"Computer Programming, IT Fundamentals, PE 2: PATH FIT 2 - Fitness Exercises",Debugging & Execution,Logic Troubleshooting,"Mon|09:00-11:00, Sat|09:00-11:00, Tue|10:00-12:00, Wed|13:00-15:00",15,13,5,4,0.5441
"Intro to Human Computer Interaction, Computer Programming, Introduction to Computing","Digital Logic & Data Representation, Prototyping & UI Tooling, Operating Systems & Architecture, Debugging & Execution","Boolean Logic Gates, Design System & Components, Process Management, Logic Troubleshooting, Figma UI Design","Tue|10:00-12:00, Mon|09:00-11:00, Fri|18:00-20:00, Thu|15:00-17:00",2,1,Instructor,"Computer Programming, Intro to Human Computer Interaction","High-Fidelity Design & Documentation, User Research & Behavioral Mapping, HCI Principles & Guidelines, Prototyping & UI Tooling","High-Fidelity Prototyping, Customer Journey Mapping, System Prototype Proposal, Design System & Components","Mon|09:00-11:00, Tue|10:00-12:00, Fri|18:00-20:00, Wed|13:00-15:00",13,9,4,4,0.4451
Intro to Human Computer Interaction,"Prototyping & UI Tooling, User Research & Behavioral Mapping, Interaction Design & Cognitive Models","Wireframe Sketching, User Research & Analysis, Design System & Components, Human Information Processing","Thu|15:00-17:00, Tue|10:00-12:00, Fri|18:00-20:00, Sat|09:00-11:00",4,1,Instructor,"Computer Programming, IT Fundamentals, Intro to Human Computer Interaction","Prototyping & UI Tooling, Web Styling, Modular Programming","Figma UI Design, Box Model, Flexbox & Grid, Function Definitions","Wed|13:00-15:00, Mon|09:00-11:00",9,7,5,4,0.2457
"Intro to Human Computer Interaction, IT Fundamentals","User Research & Behavioral Mapping, Web Styling, Prototyping & UI Tooling, Client-Side Scripting","Customer Journey Mapping, Box Model, Wireframe Sketching, Event Listeners","Tue|10:00-12:00, Mon|09:00-11:00, Sat|09:00-11:00",3,1,Instructor,"Introduction to Computing, Intro to Human Computer Interaction","Interaction Design & Cognitive Models, Digital Logic & Data Representation, Prototyping & UI Tooling, High-Fidelity Design & Documentation","Interaction Design Frameworks, Binary/Octal/Hex Conversions, Figma UI Design, Design Systems Documentation, Boolean Logic Gates","Sat|09:00-11:00, Thu|15:00-17:00, Fri|18:00-20:00",11,4,4,4,0.2792
"IT Fundamentals, Computer Programming","Modular Programming, Data Structures, Client-Side Scripting","Function Definitions, Linear/Binary Searching, JavaScript Syntax","Sat|09:00-11:00, Mon|09:00-11:00, Tue|10:00-12:00, Thu|15:00-17:00",3,1,Senior IT Student,"Computer Programming, IT Fundamentals, Intro to Human Computer Interaction, Introduction to Computing","Web Styling, Modular Programming, Control Structures, Client-Side Scripting, Data Structures","Flexbox & Grid, Function Definitions, Iteration Patterns, JavaScript Syntax, Linear/Binary Searching, Loop Control","Fri|18:00-20:00, Mon|09:00-11:00, Sat|09:00-11:00",4,4,5,4,0.551
Intro to Human Computer Interaction,"User Research & Behavioral Mapping, HCI Principles & Guidelines","User Research & Analysis, System Prototype Proposal, User Flow Diagrams","Wed|13:00-15:00, Tue|10:00-12:00, Mon|09:00-11:00, Sat|09:00-11:00",3,1,Instructor,"Computer Programming, Intro to Human Computer Interaction","Debugging & Execution, HCI Principles & Guidelines, User Research & Behavioral Mapping","Console Debugging Techniques, HCI Principles & Paradigms, System Prototype Proposal, User Flow Diagrams, User Research & Analysis","Mon|09:00-11:00, Tue|10:00-12:00, Wed|13:00-15:00",5,3,4,4,0.6233
IT Fundamentals,"Command Line & Web Infra, Web Styling","HTTP Request Methods, Box Model, Flexbox & Grid, Domain Name System (DNS)","Sat|09:00-11:00, Fri|18:00-20:00, Mon|09:00-11:00, Tue|10:00-12:00",5,1,Senior IT Student,"IT Fundamentals, Intro to Human Computer Interaction","Web Styling, Command Line & Web Infra, Prototyping & UI Tooling","Flexbox & Grid, HTTP Request Methods, Wireframe Sketching","Sat|09:00-11:00, Wed|13:00-15:00, Mon|09:00-11:00, Fri|18:00-20:00",2,0,4,4,0.6025
"IT Fundamentals, Computer Programming","Debugging & Execution, Data Structures, Modular Programming","Logic Troubleshooting, 1D/2D Manipulation, Console Debugging Techniques, Parameters & Return Values","Tue|10:00-12:00, Fri|18:00-20:00",2,1,Instructor,"IT Fundamentals, Introduction to Computing","Web Markup, Digital Logic & Data Representation","Forms & Inputs, Boolean Logic Gates","Tue|10:00-12:00, Fri|18:00-20:00, Sat|09:00-11:00, Mon|09:00-11:00",11,9,4,4,0.2763
"Intro to Human Computer Interaction, Introduction to Computing, Computer Programming","Prototyping & UI Tooling, Modular Programming, Control Structures, Data Structures","Wireframe Sketching, Function Definitions, Conditional Logic, 1D/2D Manipulation","Mon|09:00-11:00, Fri|18:00-20:00, Thu|15:00-17:00, Wed|13:00-15:00",3,1,Instructor,"Computer Programming, Intro to Human Computer Interaction, Introduction to Computing","Data Structures, Control Structures, Modular Programming, History & Hardware Evolution, Prototyping & UI Tooling","1D/2D Manipulation, Conditional Logic, Function Definitions, Iteration Patterns, Processor Architecture, Wireframe Sketching","Fri|18:00-20:00, Mon|09:00-11:00, Sat|09:00-11:00",10,2,4,4,0.8123
"GE EL 108: Philippine Indigenous Communities, GE 104: Readings in Philippine History",,,"Thu|15:00-17:00, Sat|09:00-11:00, Mon|09:00-11:00",5,1,Instructor,"GE 104: Readings in Philippine History, GE EL 108: Philippine Indigenous Communities, IT Fundamentals",Web Markup,Media & Tables,"Fri|18:00-20:00, Sat|09:00-11:00, Thu|15:00-17:00",3,2,4,4,0.7275
"Intro to Human Computer Interaction, IT Fundamentals, Computer Programming","Data Structures, Client-Side Scripting, Prototyping & UI Tooling","Array Creation, Event Listeners, Figma UI Design","Tue|10:00-12:00, Mon|09:00-11:00, Fri|18:00-20:00",5,1,Instructor,"Computer Programming, Intro to Human Computer Interaction","Control Structures, Data Structures","Iteration Patterns, Array Creation","Mon|09:00-11:00, Thu|15:00-17:00, Sat|09:00-11:00, Fri|18:00-20:00",9,9,3,4,0.4769
Computer Programming,"Data Structures, Debugging & Execution, Modular Programming","Array Creation, Logic Troubleshooting, Variable Scope & Lifetime, Linear/Binary Searching","Fri|18:00-20:00, Wed|13:00-15:00, Tue|10:00-12:00, Thu|15:00-17:00",3,1,Instructor,"Computer Programming, IT Fundamentals","Data Structures, Web Styling, Debugging & Execution, Modular Programming","Array Creation, Box Model, Linear/Binary Searching, Logic Troubleshooting, Variable Scope & Lifetime","Fri|18:00-20:00, Sat|09:00-11:00, Tue|10:00-12:00, Wed|13:00-15:00",3,3,5,4,0.6902
"IT Fundamentals, Intro to Human Computer Interaction, Computer Programming","High-Fidelity Design & Documentation, Command Line & Web Infra, Modular Programming, Data Structures","High-Fidelity Prototyping, Domain Name System (DNS), Parameters & Return Values, 1D/2D Manipulation","Tue|10:00-12:00, Wed|13:00-15:00",5,1,Instructor,"GE 104: Readings in Philippine History, GE 105: Mathematics in the Modern World",,,"Sat|09:00-11:00, Mon|09:00-11:00, Thu|15:00-17:00",7,3,4,4,0.1014
NSTP 1: Civic Welfare Training Service,,,"Thu|15:00-17:00, Fri|18:00-20:00, Mon|09:00-11:00",2,1,Instructor,"Computer Programming, Intro to Human Computer Interaction, Introduction to Computing, IT Fundamentals","HCI Principles & Guidelines, Debugging & Execution, Client-Side Scripting","HCI Principles & Paradigms, Console Debugging Techniques, Event Listeners","Tue|10:00-12:00, Fri|18:00-20:00, Sat|09:00-11:00",14,14,4,4,0.1959
"IT Fundamentals, Computer Programming","Command Line & Web Infra, Client-Side Scripting, Data Structures, Control Structures","Domain Name System (DNS), Event Listeners, DOM Manipulation, Array Creation, Iteration Patterns","Mon|09:00-11:00, Thu|15:00-17:00, Wed|13:00-15:00",3,1,Instructor,"Computer Programming, IT Fundamentals","Modular Programming, Web Styling","Parameters & Return Values, Box Model","Fri|18:00-20:00, Thu|15:00-17:00, Wed|13:00-15:00, Mon|09:00-11:00",8,3,3,4,0.5452
"IT Fundamentals, Computer Programming","Debugging & Execution, Modular Programming, Control Structures","Syntax Errors, Function Definitions, Iteration Patterns, Conditional Logic","Sat|09:00-11:00, Wed|13:00-15:00",3,1,Instructor,"Introduction to Computing, IT Fundamentals, Intro to Human Computer Interaction, Computer Programming","Digital Logic & Data Representation, Debugging & Execution, History & Hardware Evolution, HCI Principles & Guidelines, Operating Systems & Architecture","Binary/Octal/Hex Conversions, Syntax Errors, Computing Generations, Guideline Categories of HCI, File Systems & Permissions","Mon|09:00-11:00, Tue|10:00-12:00",4,4,4,4,0.3234
"Computer Programming, IT Fundamentals, Intro to Human Computer Interaction, NSTP 1: Civic Welfare Training Service","User Research & Behavioral Mapping, Web Styling, Prototyping & UI Tooling","User Flow Diagrams, Box Model, Wireframe Sketching","Mon|09:00-11:00, Fri|18:00-20:00, Thu|15:00-17:00",3,1,Senior IT Student,"IT Fundamentals, Computer Programming","Web Markup, Command Line & Web Infra, Control Structures","Media & Tables, Domain Name System (DNS), HTTP Request Methods, Conditional Logic","Sat|09:00-11:00, Mon|09:00-11:00, Fri|18:00-20:00, Tue|10:00-12:00",3,0,3,3,0.3202
Introduction to Computing,"Operating Systems & Architecture, Digital Logic & Data Representation","Process Management, OS Fundamentals, Data Encoding (ASCII/Unicode)","Mon|09:00-11:00, Fri|18:00-20:00, Sat|09:00-11:00, Thu|15:00-17:00",3,1,Instructor,"IT Fundamentals, Introduction to Computing","Digital Logic & Data Representation, Operating Systems & Architecture","Data Encoding (ASCII/Unicode), File Systems & Permissions, OS Fundamentals, Process Management","Fri|18:00-20:00, Mon|09:00-11:00, Sat|09:00-11:00",8,2,4,4,0.756
"Computer Programming, GE 104: Readings in Philippine History, GE EL 108: Philippine Indigenous Communities, Intro to Human Computer Interaction, Introduction to Computing","Modular Programming, Data Structures, Operating Systems & Architecture, Prototyping & UI Tooling","Parameters & Return Values, Linear/Binary Searching, OS Fundamentals, Figma UI Design, Array Creation","Thu|15:00-17:00, Tue|10:00-12:00",2,1,Instructor,"IT Fundamentals, Introduction to Computing, Computer Programming","Data Structures, History & Hardware Evolution, Computer Networks Basics, Debugging & Execution","Basic Sorting Algorithms, Processor Architecture, Network Topologies, Syntax Errors","Fri|18:00-20:00, Thu|15:00-17:00, Mon|09:00-11:00, Wed|13:00-15:00",9,4,5,4,0.2567
Introduction to Computing,"Computer Networks Basics, History & Hardware Evolution, Operating Systems & Architecture","Client-Server Architecture, OSI Model Layers, Memory & Storage Types, OS Fundamentals","Wed|13:00-15:00, Mon|09:00-11:00, Fri|18:00-20:00",2,1,Instructor,"Intro to Human Computer Interaction, Introduction to Computing","Computer Networks Basics, History & Hardware Evolution, Operating Systems & Architecture, User Research & Behavioral Mapping","Client-Server Architecture, Memory & Storage Types, OS Fundamentals, OSI Model Layers, User Research & Analysis","Fri|18:00-20:00, Mon|09:00-11:00, Thu|15:00-17:00, Wed|13:00-15:00",3,2,4,4,0.6917
NSTP 2: Civic Welfare Training Service,,,"Wed|13:00-15:00, Thu|15:00-17:00",4,1,Instructor,"Computer Programming, NSTP 2: Civic Welfare Training Service","Data Structures, Control Structures, Debugging & Execution","Basic Sorting Algorithms, Iteration Patterns, Logic Troubleshooting","Sat|09:00-11:00, Thu|15:00-17:00, Wed|13:00-15:00",4,2,4,4,0.6724
"Introduction to Computing, Computer Programming","Debugging & Execution, Modular Programming, Data Structures","Logic Troubleshooting, Parameters & Return Values, Array Creation","Fri|18:00-20:00, Tue|10:00-12:00, Thu|15:00-17:00, Mon|09:00-11:00",3,1,Instructor,"Intro to Human Computer Interaction, Computer Programming, IT Fundamentals, Introduction to Computing","Command Line & Web Infra, Prototyping & UI Tooling, Data Structures, Modular Programming, Digital Logic & Data Representation","HTTP Request Methods, Wireframe Sketching, Basic Sorting Algorithms, Function Definitions, Data Encoding (ASCII/Unicode)","Thu|15:00-17:00, Wed|13:00-15:00",10,7,4,4,0.3625
"Computer Programming, Intro to Human Computer Interaction","Debugging & Execution, Data Structures, User Research & Behavioral Mapping","Logic Troubleshooting, Array Creation, User Research & Analysis, Basic Sorting Algorithms","Fri|18:00-20:00, Tue|10:00-12:00, Mon|09:00-11:00, Wed|13:00-15:00",4,1,Senior IT Student,"Computer Programming, Intro to Human Computer Interaction, Introduction to Computing","Data Structures, User Research & Behavioral Mapping, Digital Logic & Data Representation, Debugging & Execution, Modular Programming","Array Creation, Basic Sorting Algorithms, Customer Journey Mapping, Data Encoding (ASCII/Unicode), Logic Troubleshooting, Parameters & Return Values, User Research & Analysis","Fri|18:00-20:00, Tue|10:00-12:00, Wed|13:00-15:00",1,1,5,4,0.6797
"IT Fundamentals, Intro to Human Computer Interaction, PE 1: PATH FIT 1 - Movement Enhancement","Prototyping & UI Tooling, Command Line & Web Infra, Web Styling","Wireframe Sketching, Domain Name System (DNS), Flexbox & Grid","Fri|18:00-20:00, Mon|09:00-11:00, Thu|15:00-17:00, Tue|10:00-12:00",4,1,Senior IT Student,"Computer Programming, Intro to Human Computer Interaction, IT Fundamentals, Introduction to Computing","Command Line & Web Infra, Digital Logic & Data Representation, Web Styling, Modular Programming, Prototyping & UI Tooling","Domain Name System (DNS), Data Encoding (ASCII/Unicode), Responsive Layouts, Variable Scope & Lifetime, Figma UI Design","Mon|09:00-11:00, Sat|09:00-11:00, Tue|10:00-12:00",1,1,4,3,0.4458
Intro to Human Computer Interaction,"User Research & Behavioral Mapping, High-Fidelity Design & Documentation","User Flow Diagrams, High-Fidelity Prototyping, Design Systems Documentation","Mon|09:00-11:00, Wed|13:00-15:00, Sat|09:00-11:00",5,1,Instructor,"Computer Programming, IT Fundamentals, Introduction to Computing, Intro to Human Computer Interaction","Computer Networks Basics, History & Hardware Evolution, Digital Logic & Data Representation, Web Markup","Network Topologies, Processor Architecture, Binary/Octal/Hex Conversions, Forms & Inputs","Sat|09:00-11:00, Thu|15:00-17:00",13,4,5,4,0.2167
Intro to Human Computer Interaction,"HCI Principles & Guidelines, High-Fidelity Design & Documentation, Interaction Design & Cognitive Models, Prototyping & UI Tooling","HCI Principles & Paradigms, High-Fidelity Prototyping, Interaction Design Frameworks, Design System & Components","Sat|09:00-11:00, Mon|09:00-11:00, Fri|18:00-20:00",4,1,Senior IT Student,"Intro to Human Computer Interaction, IT Fundamentals, Computer Programming","Command Line & Web Infra, Debugging & Execution, User Research & Behavioral Mapping, Client-Side Scripting, Data Structures","HTTP Request Methods, Logic Troubleshooting, User Flow Diagrams, Event Listeners, Array Creation","Mon|09:00-11:00, Tue|10:00-12:00, Wed|13:00-15:00",1,0,4,3,0.218
Intro to Human Computer Interaction,"Prototyping & UI Tooling, User Research & Behavioral Mapping, High-Fidelity Design & Documentation","Figma UI Design, Customer Journey Mapping, High-Fidelity Prototyping","Thu|15:00-17:00, Fri|18:00-20:00",5,1,Instructor,"Computer Programming, Intro to Human Computer Interaction","Data Structures, User Research & Behavioral Mapping, Prototyping & UI Tooling, High-Fidelity Design & Documentation, Modular Programming","1D/2D Manipulation, Customer Journey Mapping, Figma UI Design, High-Fidelity Prototyping, Variable Scope & Lifetime","Fri|18:00-20:00, Thu|15:00-17:00, Wed|13:00-15:00",8,2,4,4,0.6319
"Intro to Human Computer Interaction, Computer Programming","Modular Programming, Control Structures, User Research & Behavioral Mapping","Variable Scope & Lifetime, Conditional Logic, Iteration Patterns, User Research & Analysis","Fri|18:00-20:00, Mon|09:00-11:00",3,1,Senior IT Student,"Intro to Human Computer Interaction, IT Fundamentals","Web Styling, Interaction Design & Cognitive Models","Box Model, CSS Selectors, Interaction Design Frameworks, Flexbox & Grid","Thu|15:00-17:00, Fri|18:00-20:00, Tue|10:00-12:00, Sat|09:00-11:00",3,0,4,3,0.2216
IT Fundamentals,"Client-Side Scripting, Web Styling","JavaScript Syntax, Box Model, Flexbox & Grid","Thu|15:00-17:00, Mon|09:00-11:00",3,1,Instructor,"Intro to Human Computer Interaction, Introduction to Computing, IT Fundamentals, Computer Programming","Command Line & Web Infra, Computer Networks Basics, Client-Side Scripting","Domain Name System (DNS), Network Topologies, Event Listeners","Wed|13:00-15:00, Sat|09:00-11:00",12,10,5,4,0.2166
"Introduction to Computing, Intro to Human Computer Interaction, Computer Programming","Operating Systems & Architecture, Interaction Design & Cognitive Models, Computer Networks Basics, Prototyping & UI Tooling","File Systems & Permissions, Interaction Design Frameworks, Network Topologies, Wireframe Sketching","Sat|09:00-11:00, Thu|15:00-17:00",4,1,Instructor,"Intro to Human Computer Interaction, Introduction to Computing, IT Fundamentals","Digital Logic & Data Representation, Computer Networks Basics, Web Styling, Operating Systems & Architecture","Boolean Logic Gates, OSI Model Layers, Box Model, Responsive Layouts, Process Management","Mon|09:00-11:00, Thu|15:00-17:00, Wed|13:00-15:00, Sat|09:00-11:00",15,15,4,4,0.4702
"Computer Programming, Intro to Human Computer Interaction","Debugging & Execution, Interaction Design & Cognitive Models, User Research & Behavioral Mapping, Data Structures","Syntax Errors, Human Information Processing, User Research & Analysis, 1D/2D Manipulation","Thu|15:00-17:00, Wed|13:00-15:00, Mon|09:00-11:00, Sat|09:00-11:00",2,1,Instructor,"Computer Programming, Introduction to Computing","History & Hardware Evolution, Control Structures","Processor Architecture, Loop Control","Tue|10:00-12:00, Sat|09:00-11:00, Wed|13:00-15:00",7,2,3,4,0.2604
"Computer Programming, Introduction to Computing","Computer Networks Basics, Modular Programming","OSI Model Layers, Network Topologies, Client-Server Architecture, Function Definitions","Sat|09:00-11:00, Mon|09:00-11:00, Fri|18:00-20:00",2,1,Senior IT Student,"Intro to Human Computer Interaction, Introduction to Computing, IT Fundamentals, Computer Programming","Data Structures, Prototyping & UI Tooling, Web Styling, Interaction Design & Cognitive Models","Basic Sorting Algorithms, Wireframe Sketching, Flexbox & Grid, Human Information Processing","Wed|13:00-15:00, Sat|09:00-11:00",1,0,4,3,0.2819
PE 1: PATH FIT 1 - Movement Enhancement,,,"Fri|18:00-20:00, Sat|09:00-11:00",2,1,Senior IT Student,"Computer Programming, IT Fundamentals, PE 1: PATH FIT 1 - Movement Enhancement","Data Structures, Web Markup, Web Styling, Client-Side Scripting","1D/2D Manipulation, HTML5 Semantic Elements, Responsive Layouts, DOM Manipulation","Tue|10:00-12:00, Mon|09:00-11:00, Fri|18:00-20:00",4,2,3,3,0.4519
Computer Programming,"Data Structures, Modular Programming","Array Creation, Parameters & Return Values, Variable Scope & Lifetime","Sat|09:00-11:00, Fri|18:00-20:00, Wed|13:00-15:00, Thu|15:00-17:00",2,1,Instructor,"Computer Programming, IT Fundamentals","Data Structures, Command Line & Web Infra, Web Styling, Modular Programming","Array Creation, Basic Sorting Algorithms, CLI Navigation, CSS Selectors, Parameters & Return Values, Variable Scope & Lifetime","Fri|18:00-20:00, Mon|09:00-11:00, Sat|09:00-11:00, Wed|13:00-15:00",9,3,5,4,0.5271
Introduction to Computing,"History & Hardware Evolution, Operating Systems & Architecture, Computer Networks Basics","Memory & Storage Types, OS Fundamentals, Network Topologies, OSI Model Layers","Fri|18:00-20:00, Tue|10:00-12:00, Thu|15:00-17:00",2,1,Senior IT Student,"Introduction to Computing, Computer Programming","Debugging & Execution, Data Structures, Control Structures","Syntax Errors, 1D/2D Manipulation, Console Debugging Techniques, Conditional Logic, Loop Control","Wed|13:00-15:00, Mon|09:00-11:00",2,1,5,3,0.2213
IT Fundamentals,"Command Line & Web Infra, Web Markup, Web Styling","HTTP Request Methods, CLI Navigation, Domain Name System (DNS), Forms & Inputs, Box Model","Thu|15:00-17:00, Tue|10:00-12:00, Mon|09:00-11:00, Sat|09:00-11:00",2,1,Senior IT Student,IT Fundamentals,"Web Styling, Command Line & Web Infra, Web Markup","Box Model, CLI Navigation, Domain Name System (DNS), Forms & Inputs, HTTP Request Methods, Media & Tables","Mon|09:00-11:00, Thu|15:00-17:00, Tue|10:00-12:00",4,2,4,3,0.9009
"Computer Programming, IT Fundamentals, Introduction to Computing, PE 1: PATH FIT 1 - Movement Enhancement, PE 2: PATH FIT 2 - Fitness Exercises","History & Hardware Evolution, Web Styling, Operating Systems & Architecture, Data Structures","Processor Architecture, Box Model, Process Management, 1D/2D Manipulation","Sat|09:00-11:00, Fri|18:00-20:00, Mon|09:00-11:00",4,1,Instructor,"Computer Programming, IT Fundamentals, Intro to Human Computer Interaction","Web Styling, Data Structures","CSS Selectors, Basic Sorting Algorithms","Sat|09:00-11:00, Mon|09:00-11:00, Tue|10:00-12:00, Wed|13:00-15:00",3,2,3,4,0.3856
"Computer Programming, Introduction to Computing","Digital Logic & Data Representation, Computer Networks Basics","Boolean Logic Gates, Network Topologies, OSI Model Layers","Thu|15:00-17:00, Tue|10:00-12:00, Wed|13:00-15:00, Mon|09:00-11:00",4,1,Senior IT Student,"Computer Programming, IT Fundamentals, Introduction to Computing","Digital Logic & Data Representation, Computer Networks Basics, Operating Systems & Architecture","Boolean Logic Gates, Network Topologies, OS Fundamentals, OSI Model Layers","Mon|09:00-11:00, Thu|15:00-17:00, Tue|10:00-12:00",1,1,4,4,0.7396
"IT Fundamentals, Introduction to Computing","Command Line & Web Infra, Web Styling, Client-Side Scripting","Domain Name System (DNS), Responsive Layouts, Event Listeners","Wed|13:00-15:00, Fri|18:00-20:00, Tue|10:00-12:00, Thu|15:00-17:00",3,1,Instructor,"Computer Programming, IT Fundamentals","Control Structures, Web Markup","Loop Control, HTML5 Semantic Elements","Tue|10:00-12:00, Fri|18:00-20:00",13,13,4,4,0.2693
Intro to Human Computer Interaction,"Interaction Design & Cognitive Models, HCI Principles & Guidelines, Prototyping & UI Tooling","Human Information Processing, Guideline Categories of HCI, Interaction Design Frameworks, Wireframe Sketching, Design System & Components","Thu|15:00-17:00, Mon|09:00-11:00, Tue|10:00-12:00",5,1,Senior IT Student,"Intro to Human Computer Interaction, IT Fundamentals, Computer Programming, Introduction to Computing","Debugging & Execution, User Research & Behavioral Mapping, Data Structures","Logic Troubleshooting, Customer Journey Mapping, Basic Sorting Algorithms","Sat|09:00-11:00, Tue|10:00-12:00, Fri|18:00-20:00",1,0,4,3,0.1833
"IT Fundamentals, Computer Programming","Web Markup, Web Styling","Media & Tables, Responsive Layouts, Box Model","Mon|09:00-11:00, Tue|10:00-12:00, Sat|09:00-11:00, Thu|15:00-17:00",4,1,Instructor,"Computer Programming, IT Fundamentals, Intro to Human Computer Interaction","Interaction Design & Cognitive Models, Web Styling, Modular Programming","Interaction Design Frameworks, CSS Selectors, Function Definitions","Tue|10:00-12:00, Wed|13:00-15:00",6,4,3,4,0.3943
"GE 108: Understanding the Self, IT Fundamentals, Intro to Human Computer Interaction","HCI Principles & Guidelines, Interaction Design & Cognitive Models, Prototyping & UI Tooling, Client-Side Scripting","Guideline Categories of HCI, Human Information Processing, Design System & Components, JavaScript Syntax","Thu|15:00-17:00, Mon|09:00-11:00",3,1,Senior IT Student,"Computer Programming, Introduction to Computing","Operating Systems & Architecture, Control Structures, Digital Logic & Data Representation","File Systems & Permissions, Process Management, Iteration Patterns, Data Encoding (ASCII/Unicode)","Sat|09:00-11:00, Thu|15:00-17:00",1,0,3,4,0.1624
"PE 1: PATH FIT 1 - Movement Enhancement, PE 2: PATH FIT 2 - Fitness Exercises",,,"Mon|09:00-11:00, Tue|10:00-12:00, Thu|15:00-17:00",5,1,Senior IT Student,"Computer Programming, Intro to Human Computer Interaction, PE 1: PATH FIT 1 - Movement Enhancement","Data Structures, Modular Programming","Linear/Binary Searching, Parameters & Return Values","Thu|15:00-17:00, Tue|10:00-12:00, Mon|09:00-11:00",4,3,3,4,0.4778
IT Fundamentals,"Web Styling, Command Line & Web Infra, Client-Side Scripting","CSS Selectors, CLI Navigation, DOM Manipulation, HTTP Request Methods","Fri|18:00-20:00, Mon|09:00-11:00, Thu|15:00-17:00, Wed|13:00-15:00",3,1,Instructor,"Computer Programming, IT Fundamentals","Data Structures, Control Structures, Debugging & Execution","Linear/Binary Searching, Loop Control, Syntax Errors","Tue|10:00-12:00, Mon|09:00-11:00, Wed|13:00-15:00, Fri|18:00-20:00",11,7,4,4,0.3482
Introduction to Computing,"Digital Logic & Data Representation, Operating Systems & Architecture, History & Hardware Evolution","Boolean Logic Gates, File Systems & Permissions, Computing Generations","Fri|18:00-20:00, Thu|15:00-17:00",3,1,Instructor,"Computer Programming, Introduction to Computing","Digital Logic & Data Representation, History & Hardware Evolution, Operating Systems & Architecture","Boolean Logic Gates, Computing Generations, Data Encoding (ASCII/Unicode), File Systems & Permissions","Fri|18:00-20:00, Sat|09:00-11:00, Thu|15:00-17:00, Wed|13:00-15:00",12,11,5,4,0.7357
"IT Fundamentals, Introduction to Computing","Web Markup, Client-Side Scripting, Operating Systems & Architecture","Forms & Inputs, JavaScript Syntax, OS Fundamentals","Mon|09:00-11:00, Fri|18:00-20:00",4,1,Instructor,"IT Fundamentals, Intro to Human Computer Interaction, PE 1: PATH FIT 1 - Movement Enhancement, PE 2: PATH FIT 2 - Fitness Exercises","User Research & Behavioral Mapping, Prototyping & UI Tooling, Web Styling","User Research & Analysis, Figma UI Design, Box Model","Wed|13:00-15:00, Thu|15:00-17:00",11,7,4,4,0.1734
"Computer Programming, Introduction to Computing","Operating Systems & Architecture, History & Hardware Evolution, Debugging & Execution, Data Structures","Process Management, Memory & Storage Types, Syntax Errors, Linear/Binary Searching","Fri|18:00-20:00, Sat|09:00-11:00, Wed|13:00-15:00, Mon|09:00-11:00",5,1,Senior IT Student,"Computer Programming, IT Fundamentals, Introduction to Computing","Control Structures, Computer Networks Basics","Loop Control, OSI Model Layers","Fri|18:00-20:00, Mon|09:00-11:00, Tue|10:00-12:00",1,1,4,3,0.3398
IT Fundamentals,"Command Line & Web Infra, Web Markup","CLI Navigation, Forms & Inputs, HTTP Request Methods","Sat|09:00-11:00, Wed|13:00-15:00, Thu|15:00-17:00, Mon|09:00-11:00",3,1,Instructor,"Introduction to Computing, Intro to Human Computer Interaction","HCI Principles & Guidelines, Digital Logic & Data Representation, Interaction Design & Cognitive Models, Computer Networks Basics","Guideline Categories of HCI, Data Encoding (ASCII/Unicode), Interaction Design Frameworks, HCI Principles & Paradigms, Client-Server Architecture","Sat|09:00-11:00, Tue|10:00-12:00, Fri|18:00-20:00, Thu|15:00-17:00",4,3,5,4,0.1079
"Introduction to Computing, Computer Programming","History & Hardware Evolution, Computer Networks Basics, Digital Logic & Data Representation","Memory & Storage Types, OSI Model Layers, Data Encoding (ASCII/Unicode)","Tue|10:00-12:00, Mon|09:00-11:00, Fri|18:00-20:00",3,1,Instructor,"Computer Programming, Introduction to Computing","Data Structures, Operating Systems & Architecture, History & Hardware Evolution, Control Structures","Linear/Binary Searching, OS Fundamentals, Computing Generations, Conditional Logic","Wed|13:00-15:00, Tue|10:00-12:00",9,6,3,4,0.5314
Introduction to Computing,"Operating Systems & Architecture, History & Hardware Evolution, Digital Logic & Data Representation, Computer Networks Basics","Process Management, Memory & Storage Types, Computing Generations, Data Encoding (ASCII/Unicode), Network Topologies","Mon|09:00-11:00, Wed|13:00-15:00, Thu|15:00-17:00",3,1,Senior IT Student,"Intro to Human Computer Interaction, Introduction to Computing","History & Hardware Evolution, Operating Systems & Architecture, Prototyping & UI Tooling, HCI Principles & Guidelines","Memory & Storage Types, File Systems & Permissions, Wireframe Sketching, System Prototype Proposal","Tue|10:00-12:00, Thu|15:00-17:00, Mon|09:00-11:00",3,3,3,4,0.4405
IT Fundamentals,Command Line & Web Infra,"HTTP Request Methods, Domain Name System (DNS), CLI Navigation","Mon|09:00-11:00, Wed|13:00-15:00",4,1,Instructor,"IT Fundamentals, Introduction to Computing","Digital Logic & Data Representation, History & Hardware Evolution","Binary/Octal/Hex Conversions, Computing Generations, Boolean Logic Gates","Thu|15:00-17:00, Fri|18:00-20:00, Tue|10:00-12:00, Sat|09:00-11:00",4,3,4,4,0.2911
"Computer Programming, Intro to Human Computer Interaction, Introduction to Computing, PE 1: PATH FIT 1 - Movement Enhancement","Control Structures, History & Hardware Evolution, Data Structures","Iteration Patterns, Processor Architecture, Linear/Binary Searching","Thu|15:00-17:00, Tue|10:00-12:00, Fri|18:00-20:00, Wed|13:00-15:00",3,1,Instructor,"Intro to Human Computer Interaction, IT Fundamentals","Prototyping & UI Tooling, Web Styling, Web Markup, HCI Principles & Guidelines","Wireframe Sketching, CSS Selectors, Forms & Inputs, HCI Principles & Paradigms","Tue|10:00-12:00, Fri|18:00-20:00",4,3,5,4,0.1985
Introduction to Computing,"Digital Logic & Data Representation, Operating Systems & Architecture","Boolean Logic Gates, File Systems & Permissions, Data Encoding (ASCII/Unicode)","Wed|13:00-15:00, Thu|15:00-17:00, Fri|18:00-20:00",4,1,Senior IT Student,"Intro to Human Computer Interaction, Introduction to Computing","Operating Systems & Architecture, Computer Networks Basics, High-Fidelity Design & Documentation","OS Fundamentals, File Systems & Permissions, Network Topologies, Design Systems Documentation","Thu|15:00-17:00, Wed|13:00-15:00",4,2,3,3,0.4242
"PE 2: PATH FIT 2 - Fitness Exercises, PE 1: PATH FIT 1 - Movement Enhancement",,,"Sat|09:00-11:00, Mon|09:00-11:00, Tue|10:00-12:00",3,1,Instructor,"IT Fundamentals, Intro to Human Computer Interaction, Computer Programming","Command Line & Web Infra, Control Structures, HCI Principles & Guidelines","HTTP Request Methods, Iteration Patterns, HCI Principles & Paradigms","Wed|13:00-15:00, Mon|09:00-11:00, Tue|10:00-12:00, Fri|18:00-20:00",14,9,5,4,0.2424
"Introduction to Computing, PE 1: PATH FIT 1 - Movement Enhancement","History & Hardware Evolution, Operating Systems & Architecture, Computer Networks Basics","Computing Generations, Process Management, Client-Server Architecture","Sat|09:00-11:00, Tue|10:00-12:00, Wed|13:00-15:00",3,1,Instructor,"Introduction to Computing, PE 1: PATH FIT 1 - Movement Enhancement","Computer Networks Basics, History & Hardware Evolution, Digital Logic & Data Representation, Operating Systems & Architecture","Client-Server Architecture, Computing Generations, Data Encoding (ASCII/Unicode), Process Management","Fri|18:00-20:00, Sat|09:00-11:00, Thu|15:00-17:00, Tue|10:00-12:00",12,10,5,4,0.8232
PE 2: PATH FIT 2 - Fitness Exercises,,,"Thu|15:00-17:00, Mon|09:00-11:00",3,1,Instructor,"Computer Programming, PE 2: PATH FIT 2 - Fitness Exercises","Data Structures, Debugging & Execution","Array Creation, Console Debugging Techniques, Syntax Errors","Mon|09:00-11:00, Sat|09:00-11:00, Thu|15:00-17:00",10,4,4,4,0.6559
Computer Programming,"Debugging & Execution, Data Structures","Logic Troubleshooting, Console Debugging Techniques, Syntax Errors, 1D/2D Manipulation","Thu|15:00-17:00, Wed|13:00-15:00, Sat|09:00-11:00",3,1,Senior IT Student,"Intro to Human Computer Interaction, IT Fundamentals, Introduction to Computing, Computer Programming","Command Line & Web Infra, Computer Networks Basics, Data Structures, Control Structures, Web Styling","CLI Navigation, Network Topologies, Array Creation, Loop Control, Flexbox & Grid","Wed|13:00-15:00, Sat|09:00-11:00, Fri|18:00-20:00",4,0,3,4,0.2863
"IT Fundamentals, Introduction to Computing, Intro to Human Computer Interaction","Web Styling, HCI Principles & Guidelines, Operating Systems & Architecture","CSS Selectors, HCI Principles & Paradigms, Process Management","Tue|10:00-12:00, Mon|09:00-11:00, Thu|15:00-17:00, Sat|09:00-11:00",3,1,Instructor,"Computer Programming, IT Fundamentals, Intro to Human Computer Interaction, Introduction to Computing","Web Styling, HCI Principles & Guidelines, Operating Systems & Architecture","CSS Selectors, HCI Principles & Paradigms, OS Fundamentals, Process Management","Fri|18:00-20:00, Mon|09:00-11:00, Sat|09:00-11:00, Tue|10:00-12:00",13,7,5,4,0.8128
"Computer Programming, Intro to Human Computer Interaction, Introduction to Computing","Interaction Design & Cognitive Models, Computer Networks Basics, Debugging & Execution, Prototyping & UI Tooling, Data Structures","Interaction Design Frameworks, Network Topologies, Logic Troubleshooting, Wireframe Sketching, Linear/Binary Searching","Wed|13:00-15:00, Tue|10:00-12:00",5,1,Instructor,"Computer Programming, IT Fundamentals, Intro to Human Computer Interaction, Introduction to Computing","Web Styling, Modular Programming, Interaction Design & Cognitive Models, Data Structures, Debugging & Execution, Computer Networks Basics, Prototyping & UI Tooling","Flexbox & Grid, Function Definitions, Interaction Design Frameworks, Linear/Binary Searching, Logic Troubleshooting, Network Topologies, Wireframe Sketching","Fri|18:00-20:00, Mon|09:00-11:00, Tue|10:00-12:00, Wed|13:00-15:00",6,6,5,4,0.7687
"IT Fundamentals, Computer Programming, Introduction to Computing","Client-Side Scripting, Command Line & Web Infra, Modular Programming","DOM Manipulation, HTTP Request Methods, Parameters & Return Values","Fri|18:00-20:00, Thu|15:00-17:00, Tue|10:00-12:00",3,1,Senior IT Student,"Computer Programming, IT Fundamentals, Intro to Human Computer Interaction, Introduction to Computing","Client-Side Scripting, Command Line & Web Infra, Debugging & Execution, Modular Programming, History & Hardware Evolution","DOM Manipulation, HTTP Request Methods, Logic Troubleshooting, Parameters & Return Values, Processor Architecture","Fri|18:00-20:00, Mon|09:00-11:00, Sat|09:00-11:00, Thu|15:00-17:00",2,0,5,4,0.6772
PE 1: PATH FIT 1 - Movement Enhancement,,,"Thu|15:00-17:00, Sat|09:00-11:00, Fri|18:00-20:00, Tue|10:00-12:00",4,1,Senior IT Student,"IT Fundamentals, PE 1: PATH FIT 1 - Movement Enhancement","Web Styling, Client-Side Scripting","Flexbox & Grid, DOM Manipulation","Mon|09:00-11:00, Sat|09:00-11:00",3,2,3,3,0.4893
"IT Fundamentals, Introduction to Computing, Intro to Human Computer Interaction","Digital Logic & Data Representation, Interaction Design & Cognitive Models, Prototyping & UI Tooling, Operating Systems & Architecture","Data Encoding (ASCII/Unicode), Human Information Processing, Wireframe Sketching, File Systems & Permissions","Sat|09:00-11:00, Tue|10:00-12:00, Wed|13:00-15:00",4,1,Senior IT Student,"IT Fundamentals, Intro to Human Computer Interaction, Introduction to Computing","Client-Side Scripting, HCI Principles & Guidelines","DOM Manipulation, HCI Principles & Paradigms","Mon|09:00-11:00, Fri|18:00-20:00, Tue|10:00-12:00, Sat|09:00-11:00",4,2,4,3,0.5108
"Introduction to Computing, IT Fundamentals, Intro to Human Computer Interaction","Digital Logic & Data Representation, Operating Systems & Architecture, HCI Principles & Guidelines","Binary/Octal/Hex Conversions, Process Management, Guideline Categories of HCI","Thu|15:00-17:00, Mon|09:00-11:00, Wed|13:00-15:00",4,1,Senior IT Student,"IT Fundamentals, Intro to Human Computer Interaction, Introduction to Computing","Digital Logic & Data Representation, HCI Principles & Guidelines, Operating Systems & Architecture, Web Styling","Binary/Octal/Hex Conversions, Guideline Categories of HCI, Process Management, Responsive Layouts","Fri|18:00-20:00, Mon|09:00-11:00, Sat|09:00-11:00, Thu|15:00-17:00",1,1,5,3,0.8096
GE EL 108: Philippine Indigenous Communities,,,"Tue|10:00-12:00, Wed|13:00-15:00, Thu|15:00-17:00, Sat|09:00-11:00",3,1,Instructor,"GE 105: Mathematics in the Modern World, IT Fundamentals, Intro to Human Computer Interaction, Introduction to Computing","Web Styling, Operating Systems & Architecture","Flexbox & Grid, OS Fundamentals, Box Model","Thu|15:00-17:00, Wed|13:00-15:00",7,7,4,4,0.2406
PE 2: PATH FIT 2 - Fitness Exercises,,,"Sat|09:00-11:00, Wed|13:00-15:00, Thu|15:00-17:00",5,1,Instructor,"Computer Programming, IT Fundamentals","Debugging & Execution, Web Markup, Web Styling, Modular Programming","Logic Troubleshooting, Forms & Inputs, Responsive Layouts, Parameters & Return Values","Tue|10:00-12:00, Mon|09:00-11:00, Thu|15:00-17:00",8,8,4,4,0.221
"Intro to Human Computer Interaction, Computer Programming","Interaction Design & Cognitive Models, Modular Programming","Interaction Design Frameworks, Human Information Processing, Variable Scope & Lifetime","Mon|09:00-11:00, Tue|10:00-12:00, Sat|09:00-11:00, Fri|18:00-20:00",4,1,Instructor,"Computer Programming, IT Fundamentals, Intro to Human Computer Interaction","Client-Side Scripting, Control Structures, Modular Programming","Event Listeners, Conditional Logic, Parameters & Return Values","Thu|15:00-17:00, Mon|09:00-11:00, Sat|09:00-11:00",3,2,4,4,0.4363
"Computer Programming, IT Fundamentals, Intro to Human Computer Interaction","Data Structures, HCI Principles & Guidelines, Web Markup, Interaction Design & Cognitive Models, Client-Side Scripting","Basic Sorting Algorithms, Guideline Categories of HCI, Media & Tables, Human Information Processing, Event Listeners","Sat|09:00-11:00, Thu|15:00-17:00, Tue|10:00-12:00, Wed|13:00-15:00",4,1,Instructor,"Intro to Human Computer Interaction, Introduction to Computing, IT Fundamentals","History & Hardware Evolution, Operating Systems & Architecture, Digital Logic & Data Representation, Interaction Design & Cognitive Models","Memory & Storage Types, File Systems & Permissions, Boolean Logic Gates, Interaction Design Frameworks","Tue|10:00-12:00, Mon|09:00-11:00, Thu|15:00-17:00",11,8,4,4,0.354
Intro to Human Computer Interaction,"User Research & Behavioral Mapping, High-Fidelity Design & Documentation, Prototyping & UI Tooling","User Flow Diagrams, High-Fidelity Prototyping, Design System & Components","Mon|09:00-11:00, Thu|15:00-17:00",4,1,Instructor,"IT Fundamentals, Intro to Human Computer Interaction, Introduction to Computing, Computer Programming","Web Styling, HCI Principles & Guidelines, Digital Logic & Data Representation, Prototyping & UI Tooling","CSS Selectors, Guideline Categories of HCI, Binary/Octal/Hex Conversions, Wireframe Sketching","Sat|09:00-11:00, Thu|15:00-17:00, Mon|09:00-11:00",14,12,5,4,0.3006
IT Fundamentals,"Command Line & Web Infra, Web Styling, Client-Side Scripting","HTTP Request Methods, Box Model, DOM Manipulation, CLI Navigation, Flexbox & Grid","Mon|09:00-11:00, Sat|09:00-11:00, Tue|10:00-12:00, Thu|15:00-17:00",3,1,Instructor,"Computer Programming, IT Fundamentals, Introduction to Computing","Web Styling, Command Line & Web Infra, Debugging & Execution, Client-Side Scripting, Modular Programming","Box Model, CLI Navigation, Console Debugging Techniques, DOM Manipulation, Flexbox & Grid, Function Definitions, HTTP Request Methods","Mon|09:00-11:00, Sat|09:00-11:00, Thu|15:00-17:00, Tue|10:00-12:00",4,3,5,4,0.5664
"Introduction to Computing, Computer Programming, IT Fundamentals","Operating Systems & Architecture, Web Styling, History & Hardware Evolution, Client-Side Scripting, Digital Logic & Data Representation","File Systems & Permissions, Responsive Layouts, Computing Generations, DOM Manipulation, Binary/Octal/Hex Conversions","Thu|15:00-17:00, Fri|18:00-20:00, Sat|09:00-11:00, Wed|13:00-15:00",3,1,Senior IT Student,Introduction to Computing,Computer Networks Basics,"OSI Model Layers, Network Topologies, Client-Server Architecture","Fri|18:00-20:00, Thu|15:00-17:00, Sat|09:00-11:00",4,2,3,4,0.3105
Computer Programming,"Debugging & Execution, Modular Programming, Data Structures","Logic Troubleshooting, Parameters & Return Values, 1D/2D Manipulation, Console Debugging Techniques, Linear/Binary Searching","Sat|09:00-11:00, Fri|18:00-20:00, Tue|10:00-12:00, Mon|09:00-11:00",3,1,Senior IT Student,"Computer Programming, IT Fundamentals","Data Structures, Web Styling, Client-Side Scripting","Linear/Binary Searching, CSS Selectors, Box Model, Event Listeners","Wed|13:00-15:00, Mon|09:00-11:00, Sat|09:00-11:00, Thu|15:00-17:00",3,3,4,4,0.3998
"Intro to Human Computer Interaction, NSTP 2: Civic Welfare Training Service","Interaction Design & Cognitive Models, Prototyping & UI Tooling, High-Fidelity Design & Documentation","Human Information Processing, Design System & Components, Design Systems Documentation","Mon|09:00-11:00, Wed|13:00-15:00",3,1,Senior IT Student,"IT Fundamentals, Intro to Human Computer Interaction, Introduction to Computing, NSTP 2: Civic Welfare Training Service","Prototyping & UI Tooling, High-Fidelity Design & Documentation, HCI Principles & Guidelines, Interaction Design & Cognitive Models, Computer Networks Basics","Design System & Components, Design Systems Documentation, Guideline Categories of HCI, High-Fidelity Prototyping, Human Information Processing, Network Topologies","Fri|18:00-20:00, Mon|09:00-11:00, Wed|13:00-15:00",4,3,4,4,0.6308
"Introduction to Computing, Intro to Human Computer Interaction","User Research & Behavioral Mapping, High-Fidelity Design & Documentation, HCI Principles & Guidelines","User Flow Diagrams, Design Systems Documentation, System Prototype Proposal","Sat|09:00-11:00, Wed|13:00-15:00",4,1,Instructor,"IT Fundamentals, Introduction to Computing","Web Styling, Operating Systems & Architecture, Web Markup","Flexbox & Grid, File Systems & Permissions, Media & Tables","Tue|10:00-12:00, Fri|18:00-20:00",9,2,3,4,0.2013
Computer Programming,"Control Structures, Data Structures, Modular Programming","Loop Control, Linear/Binary Searching, Function Definitions, Iteration Patterns","Tue|10:00-12:00, Wed|13:00-15:00",4,1,Instructor,"IT Fundamentals, Computer Programming, Intro to Human Computer Interaction, Introduction to Computing","User Research & Behavioral Mapping, Control Structures, Command Line & Web Infra, Web Styling","User Flow Diagrams, Conditional Logic, Domain Name System (DNS), Box Model","Wed|13:00-15:00, Tue|10:00-12:00",9,8,4,4,0.3445
"Computer Programming, IT Fundamentals, PE 1: PATH FIT 1 - Movement Enhancement, PE 2: PATH FIT 2 - Fitness Exercises","Debugging & Execution, Web Markup, Modular Programming, Client-Side Scripting, Web Styling","Logic Troubleshooting, Forms & Inputs, Function Definitions, JavaScript Syntax, Responsive Layouts","Tue|10:00-12:00, Mon|09:00-11:00, Wed|13:00-15:00, Sat|09:00-11:00",2,1,Instructor,"Computer Programming, IT Fundamentals, Introduction to Computing","Operating Systems & Architecture, History & Hardware Evolution, Digital Logic & Data Representation","OS Fundamentals, Memory & Storage Types, Data Encoding (ASCII/Unicode)","Wed|13:00-15:00, Tue|10:00-12:00",11,3,4,4,0.2829
PE 1: PATH FIT 1 - Movement Enhancement,,,"Sat|09:00-11:00, Tue|10:00-12:00",5,1,Senior IT Student,"IT Fundamentals, Introduction to Computing, PE 1: PATH FIT 1 - Movement Enhancement","Web Styling, Web Markup, History & Hardware Evolution, Computer Networks Basics","Box Model, HTML5 Semantic Elements, Processor Architecture, Network Topologies","Mon|09:00-11:00, Sat|09:00-11:00, Fri|18:00-20:00",3,0,3,3,0.4113
"Intro to Human Computer Interaction, Computer Programming","Control Structures, Prototyping & UI Tooling, HCI Principles & Guidelines, High-Fidelity Design & Documentation","Loop Control, Design System & Components, HCI Principles & Paradigms, Design Systems Documentation","Mon|09:00-11:00, Fri|18:00-20:00, Sat|09:00-11:00, Wed|13:00-15:00",5,1,Instructor,"Intro to Human Computer Interaction, Introduction to Computing","Digital Logic & Data Representation, Interaction Design & Cognitive Models, Prototyping & UI Tooling","Binary/Octal/Hex Conversions, Interaction Design Frameworks, Figma UI Design","Wed|13:00-15:00, Fri|18:00-20:00, Mon|09:00-11:00, Tue|10:00-12:00",9,8,4,4,0.3337
GE 104: Readings in Philippine History,,,"Thu|15:00-17:00, Fri|18:00-20:00, Wed|13:00-15:00, Sat|09:00-11:00",3,1,Instructor,"Computer Programming, IT Fundamentals, Intro to Human Computer Interaction, Introduction to Computing, NSTP 1: Civic Welfare Training Service","Web Markup, Operating Systems & Architecture, Client-Side Scripting","HTML5 Semantic Elements, File Systems & Permissions, Process Management, Event Listeners","Tue|10:00-12:00, Sat|09:00-11:00",9,4,4,4,0.2172
Computer Programming,"Control Structures, Modular Programming, Debugging & Execution","Loop Control, Parameters & Return Values, Function Definitions, Logic Troubleshooting, Conditional Logic","Sat|09:00-11:00, Mon|09:00-11:00, Wed|13:00-15:00",2,1,Instructor,"Computer Programming, IT Fundamentals, Introduction to Computing, NSTP 2: Civic Welfare Training Service","History & Hardware Evolution, Client-Side Scripting, Web Styling, Computer Networks Basics","Memory & Storage Types, DOM Manipulation, Responsive Layouts, Client-Server Architecture","Wed|13:00-15:00, Thu|15:00-17:00, Tue|10:00-12:00",12,11,4,4,0.176
Intro to Human Computer Interaction,"HCI Principles & Guidelines, Prototyping & UI Tooling, User Research & Behavioral Mapping","System Prototype Proposal, Design System & Components, User Research & Analysis, User Flow Diagrams","Thu|15:00-17:00, Wed|13:00-15:00, Fri|18:00-20:00",4,1,Senior IT Student,"IT Fundamentals, Intro to Human Computer Interaction","Interaction Design & Cognitive Models, Web Styling","Human Information Processing, Responsive Layouts","Sat|09:00-11:00, Mon|09:00-11:00, Fri|18:00-20:00",4,4,3,3,0.2677
"GE 104: Readings in Philippine History, GE 105: Mathematics in the Modern World",,,"Tue|10:00-12:00, Fri|18:00-20:00, Wed|13:00-15:00",3,1,Instructor,"GE 104: Readings in Philippine History, IT Fundamentals, Intro to Human Computer Interaction","Prototyping & UI Tooling, Client-Side Scripting","Wireframe Sketching, JavaScript Syntax","Sat|09:00-11:00, Tue|10:00-12:00, Fri|18:00-20:00, Thu|15:00-17:00",5,3,3,4,0.4719
"Introduction to Computing, Intro to Human Computer Interaction","History & Hardware Evolution, Operating Systems & Architecture, Computer Networks Basics","Memory & Storage Types, File Systems & Permissions, Client-Server Architecture","Mon|09:00-11:00, Tue|10:00-12:00",4,1,Instructor,"Intro to Human Computer Interaction, Introduction to Computing","Computer Networks Basics, Operating Systems & Architecture, History & Hardware Evolution","Client-Server Architecture, File Systems & Permissions, Memory & Storage Types, Process Management","Fri|18:00-20:00, Mon|09:00-11:00, Tue|10:00-12:00",12,10,5,4,0.9403
"IT Fundamentals, Intro to Human Computer Interaction","Interaction Design & Cognitive Models, Client-Side Scripting, Command Line & Web Infra","Interaction Design Frameworks, DOM Manipulation, HTTP Request Methods","Fri|18:00-20:00, Thu|15:00-17:00",3,1,Senior IT Student,"IT Fundamentals, Intro to Human Computer Interaction, Introduction to Computing","Client-Side Scripting, Command Line & Web Infra, Interaction Design & Cognitive Models, History & Hardware Evolution","DOM Manipulation, HTTP Request Methods, Interaction Design Frameworks, Memory & Storage Types","Fri|18:00-20:00, Mon|09:00-11:00, Thu|15:00-17:00, Tue|10:00-12:00",2,0,5,3,0.7155
Computer Programming,"Debugging & Execution, Control Structures, Modular Programming","Logic Troubleshooting, Conditional Logic, Function Definitions, Syntax Errors","Tue|10:00-12:00, Fri|18:00-20:00, Sat|09:00-11:00",5,1,Senior IT Student,Computer Programming,"Control Structures, Modular Programming, Debugging & Execution","Conditional Logic, Function Definitions, Iteration Patterns, Logic Troubleshooting, Syntax Errors, Variable Scope & Lifetime","Fri|18:00-20:00, Mon|09:00-11:00, Tue|10:00-12:00",2,2,4,4,0.9058
"Introduction to Computing, IT Fundamentals, Computer Programming","Data Structures, Computer Networks Basics","Array Creation, Linear/Binary Searching, OSI Model Layers","Thu|15:00-17:00, Fri|18:00-20:00",3,1,Instructor,"Computer Programming, IT Fundamentals, Introduction to Computing","Data Structures, Client-Side Scripting, Computer Networks Basics","Array Creation, DOM Manipulation, Linear/Binary Searching, OSI Model Layers","Fri|18:00-20:00, Sat|09:00-11:00, Thu|15:00-17:00",9,8,4,4,0.8395
NSTP 1: Civic Welfare Training Service,,,"Mon|09:00-11:00, Tue|10:00-12:00, Thu|15:00-17:00, Wed|13:00-15:00",4,1,Instructor,"Introduction to Computing, Computer Programming","Data Structures, History & Hardware Evolution, Debugging & Execution, Modular Programming","Linear/Binary Searching, Computing Generations, Console Debugging Techniques, Variable Scope & Lifetime, Parameters & Return Values","Mon|09:00-11:00, Fri|18:00-20:00, Thu|15:00-17:00",11,8,5,4,0.2392
"IT Fundamentals, Intro to Human Computer Interaction","User Research & Behavioral Mapping, Web Styling, HCI Principles & Guidelines, Client-Side Scripting","User Research & Analysis, CSS Selectors, HCI Principles & Paradigms, Box Model, DOM Manipulation","Tue|10:00-12:00, Mon|09:00-11:00, Wed|13:00-15:00",4,1,Instructor,"IT Fundamentals, Intro to Human Computer Interaction, Introduction to Computing","Web Styling, Client-Side Scripting, HCI Principles & Guidelines, Web Markup, Computer Networks Basics, Operating Systems & Architecture, User Research & Behavioral Mapping","Box Model, CSS Selectors, DOM Manipulation, HCI Principles & Paradigms, HTML5 Semantic Elements, OSI Model Layers, Process Management, User Research & Analysis","Fri|18:00-20:00, Mon|09:00-11:00, Tue|10:00-12:00",13,5,5,4,0.6629
"Introduction to Computing, Intro to Human Computer Interaction","Operating Systems & Architecture, User Research & Behavioral Mapping, HCI Principles & Guidelines, Computer Networks Basics","File Systems & Permissions, User Research & Analysis, Guideline Categories of HCI, Customer Journey Mapping, Client-Server Architecture","Wed|13:00-15:00, Thu|15:00-17:00, Tue|10:00-12:00, Fri|18:00-20:00",4,1,Instructor,"Computer Programming, Intro to Human Computer Interaction, Introduction to Computing","Computer Networks Basics, User Research & Behavioral Mapping, Prototyping & UI Tooling, Operating Systems & Architecture, HCI Principles & Guidelines","Client-Server Architecture, Customer Journey Mapping, Figma UI Design, File Systems & Permissions, Guideline Categories of HCI, OSI Model Layers, User Research & Analysis","Thu|15:00-17:00, Tue|10:00-12:00, Wed|13:00-15:00",10,4,4,4,0.7352
"Introduction to Computing, Intro to Human Computer Interaction","History & Hardware Evolution, Digital Logic & Data Representation, Interaction Design & Cognitive Models, User Research & Behavioral Mapping","Computing Generations, Memory & Storage Types, Boolean Logic Gates, Interaction Design Frameworks, User Flow Diagrams","Mon|09:00-11:00, Sat|09:00-11:00, Wed|13:00-15:00",3,1,Instructor,"IT Fundamentals, Intro to Human Computer Interaction, Introduction to Computing","Operating Systems & Architecture, User Research & Behavioral Mapping, Web Styling, Command Line & Web Infra","Process Management, User Research & Analysis, CSS Selectors, Domain Name System (DNS)","Thu|15:00-17:00, Sat|09:00-11:00, Mon|09:00-11:00, Fri|18:00-20:00",6,2,4,4,0.4346
"Computer Programming, IT Fundamentals, Introduction to Computing","Web Markup, Control Structures, Debugging & Execution, Data Structures","Media & Tables, Loop Control, Syntax Errors, Linear/Binary Searching","Thu|15:00-17:00, Wed|13:00-15:00, Sat|09:00-11:00",4,1,Instructor,"Computer Programming, Introduction to Computing","Modular Programming, Computer Networks Basics, Digital Logic & Data Representation","Variable Scope & Lifetime, OSI Model Layers, Boolean Logic Gates, Data Encoding (ASCII/Unicode)","Wed|13:00-15:00, Sat|09:00-11:00, Tue|10:00-12:00",10,8,3,4,0.3905
"GE EL 108: Philippine Indigenous Communities, IT Fundamentals, Introduction to Computing","Digital Logic & Data Representation, Client-Side Scripting, Computer Networks Basics, History & Hardware Evolution, Command Line & Web Infra","Data Encoding (ASCII/Unicode), DOM Manipulation, Network Topologies, Processor Architecture, HTTP Request Methods","Thu|15:00-17:00, Tue|10:00-12:00, Wed|13:00-15:00, Fri|18:00-20:00",5,1,Instructor,"GE EL 108: Philippine Indigenous Communities, Intro to Human Computer Interaction","Interaction Design & Cognitive Models, HCI Principles & Guidelines","Human Information Processing, Guideline Categories of HCI","Sat|09:00-11:00, Tue|10:00-12:00, Fri|18:00-20:00",9,7,4,4,0.2257
PE 2: PATH FIT 2 - Fitness Exercises,,,"Thu|15:00-17:00, Wed|13:00-15:00",2,1,Senior IT Student,"IT Fundamentals, Introduction to Computing, PE 2: PATH FIT 2 - Fitness Exercises","Client-Side Scripting, Web Styling, Computer Networks Basics, Operating Systems & Architecture","DOM Manipulation, Flexbox & Grid, OSI Model Layers, File Systems & Permissions","Thu|15:00-17:00, Tue|10:00-12:00",3,1,3,3,0.4225
"GE 108: Understanding the Self, GE EL 108: Philippine Indigenous Communities, IT Fundamentals, Intro to Human Computer Interaction, Introduction to Computing","Digital Logic & Data Representation, Prototyping & UI Tooling, User Research & Behavioral Mapping","Boolean Logic Gates, Design System & Components, User Flow Diagrams","Fri|18:00-20:00, Wed|13:00-15:00, Thu|15:00-17:00",3,1,Instructor,"GE 108: Understanding the Self, GE EL 108: Philippine Indigenous Communities, IT Fundamentals, Intro to Human Computer Interaction, Introduction to Computing","Digital Logic & Data Representation, Web Styling, Client-Side Scripting, Prototyping & UI Tooling, Operating Systems & Architecture, User Research & Behavioral Mapping","Boolean Logic Gates, CSS Selectors, DOM Manipulation, Design System & Components, Process Management, User Flow Diagrams","Fri|18:00-20:00, Thu|15:00-17:00, Wed|13:00-15:00",9,4,5,4,0.7483
NSTP 1: Civic Welfare Training Service,,,"Sat|09:00-11:00, Tue|10:00-12:00",4,1,Senior IT Student,"Computer Programming, IT Fundamentals, NSTP 1: Civic Welfare Training Service","Modular Programming, Web Markup","Function Definitions, Parameters & Return Values, Media & Tables","Wed|13:00-15:00, Sat|09:00-11:00, Tue|10:00-12:00, Thu|15:00-17:00",4,2,4,3,0.5279
"Computer Programming, IT Fundamentals, NSTP 1: Civic Welfare Training Service","Modular Programming, Command Line & Web Infra, Web Styling, Web Markup","Parameters & Return Values, HTTP Request Methods, Function Definitions, Box Model, HTML5 Semantic Elements","Tue|10:00-12:00, Sat|09:00-11:00, Fri|18:00-20:00",4,1,Senior IT Student,"Computer Programming, IT Fundamentals, NSTP 1: Civic Welfare Training Service","Web Styling, Command Line & Web Infra, Modular Programming, Web Markup, Debugging & Execution","Box Model, CLI Navigation, Function Definitions, HTML5 Semantic Elements, HTTP Request Methods, Parameters & Return Values, Syntax Errors","Sat|09:00-11:00, Tue|10:00-12:00, Wed|13:00-15:00",2,0,5,3,0.819
"Introduction to Computing, Computer Programming, IT Fundamentals","Command Line & Web Infra, Data Structures, Debugging & Execution, History & Hardware Evolution","CLI Navigation, 1D/2D Manipulation, Syntax Errors, Processor Architecture","Mon|09:00-11:00, Wed|13:00-15:00, Tue|10:00-12:00",4,1,Instructor,"IT Fundamentals, Introduction to Computing","Command Line & Web Infra, Operating Systems & Architecture, Digital Logic & Data Representation","CLI Navigation, File Systems & Permissions, Binary/Octal/Hex Conversions","Sat|09:00-11:00, Thu|15:00-17:00, Mon|09:00-11:00",12,6,4,4,0.4402
IT Fundamentals,"Client-Side Scripting, Web Styling, Web Markup, Command Line & Web Infra","Event Listeners, Responsive Layouts, Forms & Inputs, CLI Navigation, Media & Tables","Tue|10:00-12:00, Wed|13:00-15:00, Fri|18:00-20:00",5,1,Senior IT Student,"Intro to Human Computer Interaction, Computer Programming, IT Fundamentals","HCI Principles & Guidelines, Prototyping & UI Tooling, Control Structures","Guideline Categories of HCI, Wireframe Sketching, Iteration Patterns","Mon|09:00-11:00, Sat|09:00-11:00, Fri|18:00-20:00",2,0,3,4,0.2425
Introduction to Computing,"History & Hardware Evolution, Computer Networks Basics, Digital Logic & Data Representation","Processor Architecture, Client-Server Architecture, Boolean Logic Gates, Memory & Storage Types, OSI Model Layers","Thu|15:00-17:00, Wed|13:00-15:00, Tue|10:00-12:00, Mon|09:00-11:00",5,1,Instructor,"Introduction to Computing, Intro to Human Computer Interaction","Interaction Design & Cognitive Models, HCI Principles & Guidelines, User Research & Behavioral Mapping, Operating Systems & Architecture","Interaction Design Frameworks, System Prototype Proposal, User Research & Analysis, File Systems & Permissions","Fri|18:00-20:00, Thu|15:00-17:00, Sat|09:00-11:00, Wed|13:00-15:00",5,3,5,4,0.3306
"Intro to Human Computer Interaction, IT Fundamentals","Web Markup, Prototyping & UI Tooling, High-Fidelity Design & Documentation","Forms & Inputs, Figma UI Design, High-Fidelity Prototyping","Wed|13:00-15:00, Tue|10:00-12:00, Sat|09:00-11:00",2,1,Instructor,"IT Fundamentals, Computer Programming, Introduction to Computing","Digital Logic & Data Representation, Data Structures, Web Markup, History & Hardware Evolution","Boolean Logic Gates, Basic Sorting Algorithms, HTML5 Semantic Elements, Processor Architecture","Fri|18:00-20:00, Wed|13:00-15:00",12,5,5,4,0.2125
"Intro to Human Computer Interaction, Introduction to Computing, NSTP 2: Civic Welfare Training Service","Prototyping & UI Tooling, HCI Principles & Guidelines, History & Hardware Evolution","Wireframe Sketching, System Prototype Proposal, Computing Generations","Tue|10:00-12:00, Fri|18:00-20:00, Wed|13:00-15:00, Sat|09:00-11:00",5,1,Instructor,"Computer Programming, Intro to Human Computer Interaction, Introduction to Computing, NSTP 2: Civic Welfare Training Service","History & Hardware Evolution, Modular Programming, HCI Principles & Guidelines, Prototyping & UI Tooling","Computing Generations, Parameters & Return Values, System Prototype Proposal, Wireframe Sketching","Fri|18:00-20:00, Mon|09:00-11:00, Thu|15:00-17:00, Tue|10:00-12:00",14,11,5,4,0.7497
Introduction to Computing,"History & Hardware Evolution, Digital Logic & Data Representation","Memory & Storage Types, Processor Architecture, Boolean Logic Gates","Tue|10:00-12:00, Thu|15:00-17:00, Mon|09:00-11:00",3,1,Senior IT Student,"IT Fundamentals, Computer Programming, Intro to Human Computer Interaction","Modular Programming, Web Styling, Client-Side Scripting","Parameters & Return Values, Flexbox & Grid, Event Listeners","Thu|15:00-17:00, Tue|10:00-12:00, Fri|18:00-20:00, Sat|09:00-11:00",4,0,4,3,0.1502
Computer Programming,"Data Structures, Debugging & Execution, Control Structures","Array Creation, Logic Troubleshooting, Loop Control, Console Debugging Techniques","Sat|09:00-11:00, Mon|09:00-11:00, Tue|10:00-12:00",4,1,Instructor,"Computer Programming, IT Fundamentals","Control Structures, Command Line & Web Infra, Web Styling","Conditional Logic, CLI Navigation, Box Model, CSS Selectors","Wed|13:00-15:00, Thu|15:00-17:00",6,4,4,4,0.3405
Introduction to Computing,"Digital Logic & Data Representation, History & Hardware Evolution","Data Encoding (ASCII/Unicode), Computing Generations, Memory & Storage Types, Boolean Logic Gates","Mon|09:00-11:00, Thu|15:00-17:00, Tue|10:00-12:00, Sat|09:00-11:00",2,1,Instructor,"IT Fundamentals, Introduction to Computing","Client-Side Scripting, Web Styling","JavaScript Syntax, Flexbox & Grid","Mon|09:00-11:00, Fri|18:00-20:00, Wed|13:00-15:00",3,3,3,4,0.2933
Computer Programming,"Modular Programming, Debugging & Execution, Data Structures","Parameters & Return Values, Syntax Errors, Linear/Binary Searching, Function Definitions","Tue|10:00-12:00, Mon|09:00-11:00, Thu|15:00-17:00, Sat|09:00-11:00",5,1,Instructor,"Computer Programming, GE 105: Mathematics in the Modern World, GE EL 108: Philippine Indigenous Communities, IT Fundamentals, Intro to Human Computer Interaction","Web Styling, High-Fidelity Design & Documentation, Prototyping & UI Tooling, Debugging & Execution","Box Model, Design Systems Documentation, Figma UI Design, Syntax Errors","Wed|13:00-15:00, Sat|09:00-11:00, Fri|18:00-20:00",11,4,4,4,0.2509
"Intro to Human Computer Interaction, IT Fundamentals, Introduction to Computing","Command Line & Web Infra, Web Markup, Client-Side Scripting, Interaction Design & Cognitive Models, Operating Systems & Architecture","CLI Navigation, Media & Tables, JavaScript Syntax, Human Information Processing, File Systems & Permissions","Tue|10:00-12:00, Fri|18:00-20:00, Thu|15:00-17:00",4,1,Senior IT Student,"IT Fundamentals, Intro to Human Computer Interaction, Introduction to Computing, PE 1: PATH FIT 1 - Movement Enhancement","Web Styling, Digital Logic & Data Representation, Command Line & Web Infra","Responsive Layouts, Data Encoding (ASCII/Unicode), HTTP Request Methods","Fri|18:00-20:00, Sat|09:00-11:00, Wed|13:00-15:00, Mon|09:00-11:00",4,3,3,3,0.397
Introduction to Computing,"Computer Networks Basics, Operating Systems & Architecture, History & Hardware Evolution","OSI Model Layers, Process Management, Processor Architecture","Sat|09:00-11:00, Mon|09:00-11:00, Wed|13:00-15:00",4,1,Instructor,"IT Fundamentals, Introduction to Computing","Digital Logic & Data Representation, Web Markup, Computer Networks Basics, Operating Systems & Architecture, History & Hardware Evolution","Binary/Octal/Hex Conversions, Forms & Inputs, OSI Model Layers, Process Management, Processor Architecture","Mon|09:00-11:00, Sat|09:00-11:00, Wed|13:00-15:00",4,4,4,4,0.6342
Computer Programming,"Modular Programming, Debugging & Execution","Parameters & Return Values, Logic Troubleshooting, Console Debugging Techniques","Sat|09:00-11:00, Mon|09:00-11:00, Wed|13:00-15:00",5,1,Instructor,Computer Programming,"Modular Programming, Data Structures","Parameters & Return Values, Basic Sorting Algorithms","Wed|13:00-15:00, Tue|10:00-12:00, Thu|15:00-17:00, Fri|18:00-20:00",11,7,4,4,0.618
"Intro to Human Computer Interaction, IT Fundamentals, Computer Programming","Modular Programming, Web Markup, Command Line & Web Infra, Web Styling","Parameters & Return Values, HTML5 Semantic Elements, Domain Name System (DNS), Variable Scope & Lifetime, CSS Selectors","Thu|15:00-17:00, Sat|09:00-11:00, Fri|18:00-20:00",2,1,Instructor,"Computer Programming, IT Fundamentals, Intro to Human Computer Interaction","Web Styling, Command Line & Web Infra, Web Markup, Control Structures, Modular Programming","CSS Selectors, Domain Name System (DNS), HTML5 Semantic Elements, Loop Control, Parameters & Return Values, Responsive Layouts, Variable Scope & Lifetime","Sat|09:00-11:00, Thu|15:00-17:00, Tue|10:00-12:00, Wed|13:00-15:00",15,15,4,4,0.8523
"Computer Programming, Introduction to Computing, IT Fundamentals","Modular Programming, Digital Logic & Data Representation, Computer Networks Basics","Parameters & Return Values, Binary/Octal/Hex Conversions, OSI Model Layers","Tue|10:00-12:00, Sat|09:00-11:00, Wed|13:00-15:00, Fri|18:00-20:00",2,1,Instructor,"Computer Programming, Introduction to Computing","Debugging & Execution, History & Hardware Evolution, Data Structures, Computer Networks Basics","Syntax Errors, Memory & Storage Types, Linear/Binary Searching, Network Topologies","Fri|18:00-20:00, Mon|09:00-11:00, Wed|13:00-15:00, Sat|09:00-11:00",4,2,4,4,0.4419
"Intro to Human Computer Interaction, Introduction to Computing","Computer Networks Basics, Operating Systems & Architecture","OSI Model Layers, Process Management, OS Fundamentals","Sat|09:00-11:00, Thu|15:00-17:00",2,1,Senior IT Student,"IT Fundamentals, Intro to Human Computer Interaction","Web Markup, Prototyping & UI Tooling","Forms & Inputs, Wireframe Sketching, Design System & Components","Wed|13:00-15:00, Thu|15:00-17:00, Tue|10:00-12:00",1,0,4,4,0.227
NSTP 2: Civic Welfare Training Service,,,"Mon|09:00-11:00, Thu|15:00-17:00, Fri|18:00-20:00",5,1,Senior IT Student,"Intro to Human Computer Interaction, IT Fundamentals, Introduction to Computing","Operating Systems & Architecture, Web Markup, Interaction Design & Cognitive Models, Web Styling, History & Hardware Evolution","Process Management, Media & Tables, Human Information Processing, Box Model, Processor Architecture","Thu|15:00-17:00, Sat|09:00-11:00, Wed|13:00-15:00, Tue|10:00-12:00",1,0,5,4,0.2376
"Introduction to Computing, Computer Programming, Intro to Human Computer Interaction","Interaction Design & Cognitive Models, Computer Networks Basics, History & Hardware Evolution, Control Structures","Interaction Design Frameworks, Network Topologies, Memory & Storage Types, Iteration Patterns, Loop Control","Wed|13:00-15:00, Tue|10:00-12:00, Mon|09:00-11:00, Thu|15:00-17:00",5,1,Instructor,"Introduction to Computing, Computer Programming, Intro to Human Computer Interaction","History & Hardware Evolution, Modular Programming, Control Structures, Prototyping & UI Tooling","Processor Architecture, Variable Scope & Lifetime, Conditional Logic, Figma UI Design","Wed|13:00-15:00, Fri|18:00-20:00, Thu|15:00-17:00, Sat|09:00-11:00",6,6,4,4,0.58
NSTP 2: Civic Welfare Training Service,,,"Sat|09:00-11:00, Fri|18:00-20:00, Mon|09:00-11:00, Tue|10:00-12:00",3,1,Senior IT Student,"Computer Programming, Intro to Human Computer Interaction, Introduction to Computing, NSTP 1: Civic Welfare Training Service","User Research & Behavioral Mapping, High-Fidelity Design & Documentation, HCI Principles & Guidelines","User Research & Analysis, High-Fidelity Prototyping, Guideline Categories of HCI","Fri|18:00-20:00, Sat|09:00-11:00, Mon|09:00-11:00",1,1,5,4,0.25
"Introduction to Computing, Intro to Human Computer Interaction","Computer Networks Basics, Interaction Design & Cognitive Models, HCI Principles & Guidelines, High-Fidelity Design & Documentation","Network Topologies, OSI Model Layers, Interaction Design Frameworks, HCI Principles & Paradigms, High-Fidelity Prototyping","Mon|09:00-11:00, Wed|13:00-15:00",5,1,Instructor,"IT Fundamentals, Introduction to Computing","Operating Systems & Architecture, Client-Side Scripting","Process Management, DOM Manipulation","Mon|09:00-11:00, Fri|18:00-20:00, Wed|13:00-15:00",5,4,3,4,0.3076
Intro to Human Computer Interaction,"Prototyping & UI Tooling, High-Fidelity Design & Documentation, Interaction Design & Cognitive Models, User Research & Behavioral Mapping","Figma UI Design, Design System & Components, High-Fidelity Prototyping, Interaction Design Frameworks, Customer Journey Mapping","Fri|18:00-20:00, Tue|10:00-12:00",4,1,Instructor,"IT Fundamentals, Intro to Human Computer Interaction","User Research & Behavioral Mapping, Prototyping & UI Tooling, High-Fidelity Design & Documentation, Interaction Design & Cognitive Models, Web Styling","Customer Journey Mapping, Design System & Components, Figma UI Design, High-Fidelity Prototyping, Interaction Design Frameworks, Responsive Layouts","Fri|18:00-20:00, Tue|10:00-12:00",14,13,5,4,0.7451
"Computer Programming, IT Fundamentals","Debugging & Execution, Control Structures, Web Styling","Syntax Errors, Iteration Patterns, Box Model","Sat|09:00-11:00, Mon|09:00-11:00, Tue|10:00-12:00, Thu|15:00-17:00",3,1,Instructor,"Computer Programming, IT Fundamentals, Intro to Human Computer Interaction","Web Styling, Control Structures, Debugging & Execution, Modular Programming","Box Model, Iteration Patterns, Syntax Errors, Variable Scope & Lifetime","Mon|09:00-11:00, Sat|09:00-11:00, Tue|10:00-12:00",3,3,4,4,0.7376
"Computer Programming, Introduction to Computing, IT Fundamentals","Web Styling, Modular Programming, Client-Side Scripting, Computer Networks Basics, Debugging & Execution","Flexbox & Grid, Parameters & Return Values, JavaScript Syntax, OSI Model Layers, Logic Troubleshooting","Thu|15:00-17:00, Sat|09:00-11:00, Tue|10:00-12:00",3,1,Senior IT Student,"IT Fundamentals, Computer Programming","Web Styling, Debugging & Execution, Web Markup, Control Structures","Responsive Layouts, Logic Troubleshooting, Media & Tables, Flexbox & Grid, Conditional Logic","Thu|15:00-17:00, Mon|09:00-11:00, Sat|09:00-11:00",4,1,4,4,0.5177
"Introduction to Computing, IT Fundamentals, Intro to Human Computer Interaction","Web Styling, Prototyping & UI Tooling","CSS Selectors, Wireframe Sketching, Figma UI Design","Sat|09:00-11:00, Mon|09:00-11:00, Thu|15:00-17:00",4,1,Instructor,"IT Fundamentals, Intro to Human Computer Interaction, Introduction to Computing","Web Styling, User Research & Behavioral Mapping, High-Fidelity Design & Documentation, Prototyping & UI Tooling","CSS Selectors, Customer Journey Mapping, Design Systems Documentation, Figma UI Design, Wireframe Sketching","Mon|09:00-11:00, Sat|09:00-11:00, Thu|15:00-17:00, Tue|10:00-12:00",12,2,5,4,0.7901
"Intro to Human Computer Interaction, Introduction to Computing","User Research & Behavioral Mapping, Computer Networks Basics, Digital Logic & Data Representation","User Research & Analysis, Client-Server Architecture, Data Encoding (ASCII/Unicode)","Fri|18:00-20:00, Tue|10:00-12:00, Thu|15:00-17:00, Sat|09:00-11:00",3,1,Senior IT Student,Intro to Human Computer Interaction,"Interaction Design & Cognitive Models, User Research & Behavioral Mapping","Human Information Processing, User Research & Analysis","Sat|09:00-11:00, Tue|10:00-12:00, Mon|09:00-11:00, Thu|15:00-17:00",3,0,3,4,0.4635
"Computer Programming, GE 104: Readings in Philippine History, GE 108: Understanding the Self, IT Fundamentals, Intro to Human Computer Interaction","Debugging & Execution, Data Structures, HCI Principles & Guidelines","Logic Troubleshooting, Array Creation, HCI Principles & Paradigms","Wed|13:00-15:00, Thu|15:00-17:00, Sat|09:00-11:00",5,1,Instructor,"IT Fundamentals, Introduction to Computing","Digital Logic & Data Representation, Web Markup, Operating Systems & Architecture, History & Hardware Evolution","Boolean Logic Gates, HTML5 Semantic Elements, OS Fundamentals, Memory & Storage Types","Thu|15:00-17:00, Sat|09:00-11:00, Fri|18:00-20:00, Tue|10:00-12:00",6,6,4,4,0.1957
IT Fundamentals,"Web Styling, Web Markup, Command Line & Web Infra","CSS Selectors, HTML5 Semantic Elements, Media & Tables, CLI Navigation, Domain Name System (DNS)","Wed|13:00-15:00, Mon|09:00-11:00, Tue|10:00-12:00, Fri|18:00-20:00",5,1,Instructor,"IT Fundamentals, Intro to Human Computer Interaction, Introduction to Computing","History & Hardware Evolution, Command Line & Web Infra","Computing Generations, Domain Name System (DNS)","Sat|09:00-11:00, Wed|13:00-15:00",10,7,3,4,0.3298
"GE 105: Mathematics in the Modern World, GE 108: Understanding the Self",,,"Fri|18:00-20:00, Mon|09:00-11:00, Wed|13:00-15:00",4,1,Instructor,"Intro to Human Computer Interaction, IT Fundamentals, Introduction to Computing, Computer Programming","Computer Networks Basics, Modular Programming, Control Structures","OSI Model Layers, Parameters & Return Values, Iteration Patterns","Fri|18:00-20:00, Wed|13:00-15:00, Sat|09:00-11:00",10,6,4,4,0.301
"Computer Programming, IT Fundamentals","Command Line & Web Infra, Client-Side Scripting, Web Markup, Data Structures","CLI Navigation, JavaScript Syntax, Media & Tables, HTTP Request Methods, Linear/Binary Searching","Tue|10:00-12:00, Wed|13:00-15:00, Sat|09:00-11:00, Mon|09:00-11:00",2,1,Instructor,"PE 2: PATH FIT 2 - Fitness Exercises, PE 1: PATH FIT 1 - Movement Enhancement",,,"Tue|10:00-12:00, Mon|09:00-11:00, Sat|09:00-11:00, Wed|13:00-15:00",8,6,5,4,0.1538
"IT Fundamentals, Intro to Human Computer Interaction","Web Styling, Prototyping & UI Tooling, Command Line & Web Infra","CSS Selectors, Wireframe Sketching, CLI Navigation","Thu|15:00-17:00, Fri|18:00-20:00, Mon|09:00-11:00",3,1,Instructor,"Intro to Human Computer Interaction, Introduction to Computing, IT Fundamentals","Web Styling, Client-Side Scripting, Operating Systems & Architecture, Web Markup, Interaction Design & Cognitive Models","Box Model, Event Listeners, File Systems & Permissions, Forms & Inputs, Interaction Design Frameworks","Fri|18:00-20:00, Sat|09:00-11:00, Mon|09:00-11:00",12,12,5,4,0.399
"Introduction to Computing, Intro to Human Computer Interaction","Computer Networks Basics, HCI Principles & Guidelines, Prototyping & UI Tooling","OSI Model Layers, HCI Principles & Paradigms, Wireframe Sketching","Tue|10:00-12:00, Fri|18:00-20:00, Thu|15:00-17:00, Mon|09:00-11:00",4,1,Instructor,"Computer Programming, IT Fundamentals, Introduction to Computing, PE 1: PATH FIT 1 - Movement Enhancement, PE 2: PATH FIT 2 - Fitness Exercises","Operating Systems & Architecture, Web Styling, Debugging & Execution","Process Management, Responsive Layouts, Logic Troubleshooting","Tue|10:00-12:00, Mon|09:00-11:00",8,8,4,4,0.2061
NSTP 1: Civic Welfare Training Service,,,"Thu|15:00-17:00, Fri|18:00-20:00, Wed|13:00-15:00",3,1,Instructor,"Computer Programming, Introduction to Computing, IT Fundamentals, Intro to Human Computer Interaction","Modular Programming, Control Structures, Operating Systems & Architecture, User Research & Behavioral Mapping","Function Definitions, Loop Control, OS Fundamentals, Iteration Patterns, User Research & Analysis","Mon|09:00-11:00, Fri|18:00-20:00",8,5,4,4,0.2356
IT Fundamentals,"Web Styling, Command Line & Web Infra","Flexbox & Grid, CSS Selectors, Domain Name System (DNS)","Wed|13:00-15:00, Fri|18:00-20:00, Sat|09:00-11:00",4,1,Senior IT Student,IT Fundamentals,"Web Markup, Client-Side Scripting","HTML5 Semantic Elements, Event Listeners","Fri|18:00-20:00, Mon|09:00-11:00, Tue|10:00-12:00, Wed|13:00-15:00",3,1,4,4,0.5344
"Computer Programming, Introduction to Computing, IT Fundamentals","Client-Side Scripting, Web Styling, Data Structures, Modular Programming","Event Listeners, CSS Selectors, Array Creation, Parameters & Return Values","Thu|15:00-17:00, Mon|09:00-11:00",2,1,Senior IT Student,"Computer Programming, IT Fundamentals","Web Styling, Client-Side Scripting, Web Markup","Flexbox & Grid, JavaScript Syntax, Event Listeners, Forms & Inputs","Wed|13:00-15:00, Sat|09:00-11:00, Fri|18:00-20:00, Mon|09:00-11:00",2,0,3,4,0.5119
"Introduction to Computing, Computer Programming","Debugging & Execution, Control Structures, Data Structures, Operating Systems & Architecture","Syntax Errors, Console Debugging Techniques, Iteration Patterns, Array Creation, Process Management","Tue|10:00-12:00, Fri|18:00-20:00",3,1,Instructor,"Computer Programming, IT Fundamentals, Introduction to Computing","Data Structures, Control Structures, Debugging & Execution, Operating Systems & Architecture","1D/2D Manipulation, Array Creation, Conditional Logic, Console Debugging Techniques, Iteration Patterns, Process Management, Syntax Errors","Fri|18:00-20:00, Mon|09:00-11:00, Tue|10:00-12:00, Wed|13:00-15:00",5,4,5,4,0.8119
Introduction to Computing,"History & Hardware Evolution, Digital Logic & Data Representation, Operating Systems & Architecture, Computer Networks Basics","Processor Architecture, Data Encoding (ASCII/Unicode), File Systems & Permissions, Client-Server Architecture, Boolean Logic Gates","Thu|15:00-17:00, Sat|09:00-11:00, Fri|18:00-20:00, Mon|09:00-11:00",4,1,Senior IT Student,"IT Fundamentals, Introduction to Computing","History & Hardware Evolution, Digital Logic & Data Representation, Command Line & Web Infra, Computer Networks Basics","Computing Generations, Data Encoding (ASCII/Unicode), CLI Navigation, Boolean Logic Gates, Network Topologies","Fri|18:00-20:00, Sat|09:00-11:00",1,1,3,3,0.4943
"Computer Programming, Intro to Human Computer Interaction","User Research & Behavioral Mapping, Data Structures, Prototyping & UI Tooling","Customer Journey Mapping, Array Creation, Wireframe Sketching","Thu|15:00-17:00, Wed|13:00-15:00, Sat|09:00-11:00, Fri|18:00-20:00",5,1,Senior IT Student,"Introduction to Computing, Intro to Human Computer Interaction, IT Fundamentals, Computer Programming","Control Structures, Command Line & Web Infra, Web Styling, HCI Principles & Guidelines","Conditional Logic, Domain Name System (DNS), CSS Selectors, HCI Principles & Paradigms","Sat|09:00-11:00, Wed|13:00-15:00, Mon|09:00-11:00",3,2,4,3,0.2991
"Computer Programming, Intro to Human Computer Interaction, Introduction to Computing, PE 1: PATH FIT 1 - Movement Enhancement","Computer Networks Basics, Prototyping & UI Tooling, Modular Programming, User Research & Behavioral Mapping, Control Structures","Network Topologies, Figma UI Design, Function Definitions, User Research & Analysis, Conditional Logic","Thu|15:00-17:00, Fri|18:00-20:00",4,1,Instructor,"Computer Programming, Intro to Human Computer Interaction","Data Structures, Prototyping & UI Tooling, HCI Principles & Guidelines","Basic Sorting Algorithms, Wireframe Sketching, Linear/Binary Searching, System Prototype Proposal","Tue|10:00-12:00, Fri|18:00-20:00",8,8,4,4,0.3574
"Computer Programming, GE 105: Mathematics in the Modern World, GE 108: Understanding the Self, IT Fundamentals, Introduction to Computing","Modular Programming, History & Hardware Evolution, Digital Logic & Data Representation","Parameters & Return Values, Computing Generations, Binary/Octal/Hex Conversions","Fri|18:00-20:00, Thu|15:00-17:00, Tue|10:00-12:00, Sat|09:00-11:00",4,1,Instructor,"Computer Programming, GE 105: Mathematics in the Modern World, IT Fundamentals, Introduction to Computing","History & Hardware Evolution, Control Structures","Processor Architecture, Loop Control","Thu|15:00-17:00, Tue|10:00-12:00, Wed|13:00-15:00, Fri|18:00-20:00",3,2,4,4,0.5202
Intro to Human Computer Interaction,"HCI Principles & Guidelines, High-Fidelity Design & Documentation, Prototyping & UI Tooling","System Prototype Proposal, High-Fidelity Prototyping, Wireframe Sketching","Thu|15:00-17:00, Fri|18:00-20:00, Mon|09:00-11:00",4,1,Senior IT Student,"IT Fundamentals, Intro to Human Computer Interaction, Introduction to Computing","Computer Networks Basics, User Research & Behavioral Mapping, Operating Systems & Architecture, High-Fidelity Design & Documentation, HCI Principles & Guidelines, Prototyping & UI Tooling","Client-Server Architecture, Customer Journey Mapping, File Systems & Permissions, High-Fidelity Prototyping, System Prototype Proposal, Wireframe Sketching","Fri|18:00-20:00, Mon|09:00-11:00, Thu|15:00-17:00, Wed|13:00-15:00",3,3,5,4,0.5233
"IT Fundamentals, Introduction to Computing, PE 1: PATH FIT 1 - Movement Enhancement, PE 2: PATH FIT 2 - Fitness Exercises","History & Hardware Evolution, Digital Logic & Data Representation, Web Styling, Web Markup, Operating Systems & Architecture","Memory & Storage Types, Data Encoding (ASCII/Unicode), Flexbox & Grid, Forms & Inputs, File Systems & Permissions","Sat|09:00-11:00, Fri|18:00-20:00, Mon|09:00-11:00",3,1,Senior IT Student,"IT Fundamentals, Introduction to Computing","Web Styling, Operating Systems & Architecture, Client-Side Scripting","Box Model, OS Fundamentals, DOM Manipulation","Wed|13:00-15:00, Mon|09:00-11:00, Fri|18:00-20:00",4,2,3,3,0.4206
"Computer Programming, Intro to Human Computer Interaction, Introduction to Computing","Prototyping & UI Tooling, Data Structures, Modular Programming","Wireframe Sketching, Linear/Binary Searching, Variable Scope & Lifetime","Tue|10:00-12:00, Thu|15:00-17:00, Fri|18:00-20:00, Sat|09:00-11:00",3,1,Instructor,Computer Programming,"Debugging & Execution, Data Structures, Control Structures","Logic Troubleshooting, Linear/Binary Searching, Loop Control, 1D/2D Manipulation","Mon|09:00-11:00, Tue|10:00-12:00",9,9,4,4,0.3046
"Computer Programming, Intro to Human Computer Interaction, IT Fundamentals","Client-Side Scripting, Web Markup, Control Structures","JavaScript Syntax, Forms & Inputs, Loop Control","Thu|15:00-17:00, Sat|09:00-11:00, Wed|13:00-15:00",4,1,Senior IT Student,"Computer Programming, IT Fundamentals, Intro to Human Computer Interaction","Web Styling, Client-Side Scripting, Data Structures","Box Model, DOM Manipulation, Basic Sorting Algorithms, CSS Selectors","Fri|18:00-20:00, Thu|15:00-17:00, Sat|09:00-11:00, Wed|13:00-15:00",3,1,3,3,0.5634
GE 108: Understanding the Self,,,"Mon|09:00-11:00, Fri|18:00-20:00, Sat|09:00-11:00",5,1,Senior IT Student,"GE 108: Understanding the Self, IT Fundamentals, Introduction to Computing","Web Markup, Operating Systems & Architecture","HTML5 Semantic Elements, OS Fundamentals","Mon|09:00-11:00, Fri|18:00-20:00",1,0,3,3,0.4476
NSTP 1: Civic Welfare Training Service,,,"Tue|10:00-12:00, Wed|13:00-15:00, Fri|18:00-20:00, Sat|09:00-11:00",5,1,Instructor,"IT Fundamentals, Intro to Human Computer Interaction, NSTP 1: Civic Welfare Training Service","Command Line & Web Infra, Client-Side Scripting, High-Fidelity Design & Documentation","CLI Navigation, DOM Manipulation, High-Fidelity Prototyping","Mon|09:00-11:00, Tue|10:00-12:00, Wed|13:00-15:00",9,8,4,4,0.46
"PE 1: PATH FIT 1 - Movement Enhancement, PE 2: PATH FIT 2 - Fitness Exercises",,,"Thu|15:00-17:00, Tue|10:00-12:00",4,1,Instructor,"Computer Programming, PE 1: PATH FIT 1 - Movement Enhancement","Debugging & Execution, Data Structures, Modular Programming","Console Debugging Techniques, Basic Sorting Algorithms, Array Creation, Variable Scope & Lifetime","Mon|09:00-11:00, Thu|15:00-17:00, Wed|13:00-15:00, Sat|09:00-11:00",4,2,3,4,0.4695
"Computer Programming, Introduction to Computing, NSTP 2: Civic Welfare Training Service","Data Structures, Computer Networks Basics, Debugging & Execution","1D/2D Manipulation, Network Topologies, Syntax Errors, Console Debugging Techniques","Mon|09:00-11:00, Fri|18:00-20:00, Thu|15:00-17:00, Tue|10:00-12:00",4,1,Instructor,Computer Programming,"Data Structures, Debugging & Execution","Basic Sorting Algorithms, Logic Troubleshooting","Mon|09:00-11:00, Fri|18:00-20:00, Wed|13:00-15:00",13,6,4,4,0.4294
"Computer Programming, IT Fundamentals, Introduction to Computing, NSTP 1: Civic Welfare Training Service","Computer Networks Basics, Control Structures, Command Line & Web Infra","Network Topologies, Iteration Patterns, Domain Name System (DNS)","Tue|10:00-12:00, Wed|13:00-15:00, Thu|15:00-17:00, Mon|09:00-11:00",5,1,Instructor,"Computer Programming, IT Fundamentals, Introduction to Computing","Debugging & Execution, Control Structures","Console Debugging Techniques, Conditional Logic","Fri|18:00-20:00, Tue|10:00-12:00, Thu|15:00-17:00, Sat|09:00-11:00",15,10,3,4,0.4557
"Introduction to Computing, Intro to Human Computer Interaction","High-Fidelity Design & Documentation, History & Hardware Evolution, HCI Principles & Guidelines, Digital Logic & Data Representation","High-Fidelity Prototyping, Processor Architecture, HCI Principles & Paradigms, Binary/Octal/Hex Conversions","Sat|09:00-11:00, Fri|18:00-20:00",4,1,Instructor,"Computer Programming, Intro to Human Computer Interaction, Introduction to Computing","Digital Logic & Data Representation, HCI Principles & Guidelines, High-Fidelity Design & Documentation, Control Structures, History & Hardware Evolution","Binary/Octal/Hex Conversions, HCI Principles & Paradigms, High-Fidelity Prototyping, Iteration Patterns, Processor Architecture","Fri|18:00-20:00, Sat|09:00-11:00, Thu|15:00-17:00, Tue|10:00-12:00",6,3,4,4,0.7739
"Introduction to Computing, Computer Programming","History & Hardware Evolution, Digital Logic & Data Representation, Data Structures, Modular Programming, Operating Systems & Architecture","Memory & Storage Types, Binary/Octal/Hex Conversions, Array Creation, Function Definitions, Process Management","Tue|10:00-12:00, Thu|15:00-17:00",3,1,Instructor,"Computer Programming, IT Fundamentals, Introduction to Computing","Data Structures, Digital Logic & Data Representation, Operating Systems & Architecture, Modular Programming, History & Hardware Evolution, Computer Networks Basics","Array Creation, Binary/Octal/Hex Conversions, File Systems & Permissions, Function Definitions, Memory & Storage Types, OSI Model Layers, Parameters & Return Values, Process Management","Mon|09:00-11:00, Thu|15:00-17:00, Tue|10:00-12:00",4,2,5,4,0.7326
IT Fundamentals,"Web Styling, Client-Side Scripting, Web Markup","CSS Selectors, Event Listeners, HTML5 Semantic Elements, Media & Tables","Sat|09:00-11:00, Fri|18:00-20:00",4,1,Senior IT Student,"IT Fundamentals, Intro to Human Computer Interaction, Introduction to Computing","Web Styling, Command Line & Web Infra, Client-Side Scripting, Web Markup","CSS Selectors, Domain Name System (DNS), Event Listeners, HTML5 Semantic Elements, Media & Tables","Fri|18:00-20:00, Sat|09:00-11:00",4,1,5,4,0.6399
"Intro to Human Computer Interaction, Computer Programming, Introduction to Computing","HCI Principles & Guidelines, High-Fidelity Design & Documentation, Digital Logic & Data Representation, User Research & Behavioral Mapping, Data Structures","System Prototype Proposal, High-Fidelity Prototyping, Data Encoding (ASCII/Unicode), User Research & Analysis, Basic Sorting Algorithms","Thu|15:00-17:00, Mon|09:00-11:00, Tue|10:00-12:00",3,1,Instructor,GE 105: Mathematics in the Modern World,,,"Mon|09:00-11:00, Tue|10:00-12:00",7,2,4,4,0.1616
"Intro to Human Computer Interaction, Introduction to Computing, PE 2: PATH FIT 2 - Fitness Exercises","User Research & Behavioral Mapping, History & Hardware Evolution, Prototyping & UI Tooling","Customer Journey Mapping, Computing Generations, Wireframe Sketching, Design System & Components","Thu|15:00-17:00, Mon|09:00-11:00, Fri|18:00-20:00, Wed|13:00-15:00",2,1,Senior IT Student,"Intro to Human Computer Interaction, Introduction to Computing, PE 2: PATH FIT 2 - Fitness Exercises","History & Hardware Evolution, User Research & Behavioral Mapping, Prototyping & UI Tooling, Interaction Design & Cognitive Models, HCI Principles & Guidelines","Computing Generations, Customer Journey Mapping, Design System & Components, Interaction Design Frameworks, System Prototype Proposal, User Flow Diagrams, Wireframe Sketching","Fri|18:00-20:00, Mon|09:00-11:00, Thu|15:00-17:00",2,0,4,4,0.7573
NSTP 2: Civic Welfare Training Service,,,"Mon|09:00-11:00, Thu|15:00-17:00",4,1,Instructor,"Computer Programming, NSTP 2: Civic Welfare Training Service","Modular Programming, Control Structures, Data Structures","Function Definitions, Iteration Patterns, Basic Sorting Algorithms, Linear/Binary Searching","Thu|15:00-17:00, Tue|10:00-12:00",7,3,4,4,0.5934
NSTP 1: Civic Welfare Training Service,,,"Thu|15:00-17:00, Sat|09:00-11:00",4,1,Senior IT Student,"Computer Programming, IT Fundamentals, Intro to Human Computer Interaction, Introduction to Computing, PE 1: PATH FIT 1 - Movement Enhancement, PE 2: PATH FIT 2 - Fitness Exercises","Web Styling, Control Structures, Operating Systems & Architecture, HCI Principles & Guidelines","Box Model, Loop Control, Process Management, Guideline Categories of HCI","Tue|10:00-12:00, Fri|18:00-20:00, Sat|09:00-11:00, Wed|13:00-15:00",3,3,3,3,0.2326
Introduction to Computing,"Operating Systems & Architecture, History & Hardware Evolution, Computer Networks Basics","File Systems & Permissions, Computing Generations, OS Fundamentals, Client-Server Architecture, Network Topologies","Sat|09:00-11:00, Mon|09:00-11:00, Thu|15:00-17:00",4,1,Instructor,NSTP 1: Civic Welfare Training Service,,,"Mon|09:00-11:00, Sat|09:00-11:00, Thu|15:00-17:00, Wed|13:00-15:00",7,3,5,4,0.1797
"Introduction to Computing, Computer Programming, IT Fundamentals","Web Markup, Computer Networks Basics, Debugging & Execution, Web Styling, History & Hardware Evolution","HTML5 Semantic Elements, Client-Server Architecture, Logic Troubleshooting, Box Model, Computing Generations","Mon|09:00-11:00, Thu|15:00-17:00, Wed|13:00-15:00, Fri|18:00-20:00",2,1,Instructor,"Computer Programming, IT Fundamentals, Introduction to Computing, Intro to Human Computer Interaction","Operating Systems & Architecture, User Research & Behavioral Mapping, Command Line & Web Infra","OS Fundamentals, User Research & Analysis, CLI Navigation","Thu|15:00-17:00, Fri|18:00-20:00, Mon|09:00-11:00",4,3,4,4,0.4071
NSTP 1: Civic Welfare Training Service,,,"Wed|13:00-15:00, Tue|10:00-12:00",4,1,Instructor,"Computer Programming, IT Fundamentals, Introduction to Computing, Intro to Human Computer Interaction","Operating Systems & Architecture, User Research & Behavioral Mapping, History & Hardware Evolution, Web Styling","OS Fundamentals, User Research & Analysis, Processor Architecture, Box Model","Thu|15:00-17:00, Sat|09:00-11:00, Mon|09:00-11:00",4,3,4,4,0.1988
"IT Fundamentals, Computer Programming, Intro to Human Computer Interaction","Web Styling, Command Line & Web Infra, Interaction Design & Cognitive Models, Debugging & Execution","Box Model, HTTP Request Methods, Interaction Design Frameworks, Flexbox & Grid, Console Debugging Techniques","Wed|13:00-15:00, Mon|09:00-11:00",2,1,Senior IT Student,"Computer Programming, IT Fundamentals","Modular Programming, Web Markup, Client-Side Scripting","Variable Scope & Lifetime, HTML5 Semantic Elements, DOM Manipulation","Sat|09:00-11:00, Mon|09:00-11:00, Wed|13:00-15:00",3,3,4,3,0.3792
"PE 2: PATH FIT 2 - Fitness Exercises, PE 1: PATH FIT 1 - Movement Enhancement",,,"Sat|09:00-11:00, Wed|13:00-15:00, Thu|15:00-17:00, Fri|18:00-20:00",5,1,Instructor,"Computer Programming, Intro to Human Computer Interaction, PE 2: PATH FIT 2 - Fitness Exercises","Data Structures, High-Fidelity Design & Documentation, Modular Programming","1D/2D Manipulation, Design Systems Documentation, Variable Scope & Lifetime, Linear/Binary Searching","Tue|10:00-12:00, Thu|15:00-17:00, Wed|13:00-15:00",15,15,4,4,0.3944
"Computer Programming, IT Fundamentals","Web Styling, Modular Programming, Data Structures, Client-Side Scripting","Box Model, Variable Scope & Lifetime, Linear/Binary Searching, Event Listeners, DOM Manipulation","Tue|10:00-12:00, Sat|09:00-11:00",2,1,Senior IT Student,"IT Fundamentals, Introduction to Computing, Intro to Human Computer Interaction","Operating Systems & Architecture, Computer Networks Basics, Client-Side Scripting","Process Management, Network Topologies, Event Listeners","Mon|09:00-11:00, Sat|09:00-11:00, Thu|15:00-17:00",2,2,4,4,0.3
"IT Fundamentals, Introduction to Computing, NSTP 2: Civic Welfare Training Service","Client-Side Scripting, Computer Networks Basics, Digital Logic & Data Representation, Operating Systems & Architecture","Event Listeners, Client-Server Architecture, Data Encoding (ASCII/Unicode), File Systems & Permissions","Fri|18:00-20:00, Thu|15:00-17:00",3,1,Instructor,"Computer Programming, IT Fundamentals","Web Styling, Data Structures, Modular Programming, Control Structures","Box Model, Array Creation, Variable Scope & Lifetime, Loop Control","Fri|18:00-20:00, Tue|10:00-12:00, Thu|15:00-17:00",4,3,4,4,0.2572
"Computer Programming, Intro to Human Computer Interaction, Introduction to Computing, NSTP 1: Civic Welfare Training Service","High-Fidelity Design & Documentation, Debugging & Execution, Digital Logic & Data Representation, User Research & Behavioral Mapping, Operating Systems & Architecture","Design Systems Documentation, Console Debugging Techniques, Data Encoding (ASCII/Unicode), User Flow Diagrams, OS Fundamentals","Sat|09:00-11:00, Wed|13:00-15:00",4,1,Instructor,"Introduction to Computing, Computer Programming, IT Fundamentals","Command Line & Web Infra, Digital Logic & Data Representation, Control Structures, Web Styling","CLI Navigation, Data Encoding (ASCII/Unicode), Conditional Logic, CSS Selectors","Tue|10:00-12:00, Thu|15:00-17:00, Fri|18:00-20:00",15,9,5,4,0.2693
"Computer Programming, NSTP 1: Civic Welfare Training Service","Debugging & Execution, Data Structures, Control Structures","Console Debugging Techniques, Basic Sorting Algorithms, Conditional Logic, Loop Control, Logic Troubleshooting","Wed|13:00-15:00, Thu|15:00-17:00, Tue|10:00-12:00, Sat|09:00-11:00",4,1,Instructor,"Computer Programming, NSTP 1: Civic Welfare Training Service","Data Structures, Control Structures, Debugging & Execution","Basic Sorting Algorithms, Conditional Logic, Console Debugging Techniques, Logic Troubleshooting, Loop Control","Fri|18:00-20:00, Thu|15:00-17:00, Wed|13:00-15:00",12,6,5,4,0.9373
Introduction to Computing,"Digital Logic & Data Representation, Computer Networks Basics, Operating Systems & Architecture","Boolean Logic Gates, Client-Server Architecture, Process Management","Sat|09:00-11:00, Wed|13:00-15:00",4,1,Instructor,"Introduction to Computing, Computer Programming","Modular Programming, Debugging & Execution, Computer Networks Basics","Function Definitions, Logic Troubleshooting, Client-Server Architecture","Sat|09:00-11:00, Thu|15:00-17:00, Mon|09:00-11:00",12,8,5,4,0.3974
"GE 105: Mathematics in the Modern World, GE EL 108: Philippine Indigenous Communities, IT Fundamentals","Web Styling, Web Markup","Flexbox & Grid, Media & Tables, HTML5 Semantic Elements","Wed|13:00-15:00, Thu|15:00-17:00, Sat|09:00-11:00",2,1,Instructor,"Computer Programming, IT Fundamentals, Introduction to Computing, Intro to Human Computer Interaction","Operating Systems & Architecture, Client-Side Scripting, User Research & Behavioral Mapping","File Systems & Permissions, JavaScript Syntax, User Research & Analysis","Sat|09:00-11:00, Wed|13:00-15:00, Mon|09:00-11:00, Fri|18:00-20:00",7,7,5,4,0.1907
Computer Programming,"Debugging & Execution, Modular Programming, Data Structures","Console Debugging Techniques, Function Definitions, Basic Sorting Algorithms, Linear/Binary Searching","Mon|09:00-11:00, Tue|10:00-12:00",3,1,Instructor,"Computer Programming, Intro to Human Computer Interaction","Control Structures, Data Structures","Iteration Patterns, Array Creation, 1D/2D Manipulation","Thu|15:00-17:00, Wed|13:00-15:00",14,7,4,4,0.3106
"Computer Programming, IT Fundamentals, Introduction to Computing, PE 1: PATH FIT 1 - Movement Enhancement","Modular Programming, Web Markup, Web Styling","Variable Scope & Lifetime, Forms & Inputs, Responsive Layouts, Parameters & Return Values, HTML5 Semantic Elements","Mon|09:00-11:00, Thu|15:00-17:00",5,1,Senior IT Student,"Computer Programming, IT Fundamentals, Intro to Human Computer Interaction, Introduction to Computing, PE 1: PATH FIT 1 - Movement Enhancement","Debugging & Execution, Web Markup, Control Structures, Modular Programming, Web Styling","Console Debugging Techniques, Forms & Inputs, HTML5 Semantic Elements, Iteration Patterns, Parameters & Return Values, Responsive Layouts, Variable Scope & Lifetime","Fri|18:00-20:00, Mon|09:00-11:00, Thu|15:00-17:00",1,1,4,4,0.7421
Introduction to Computing,"Digital Logic & Data Representation, Computer Networks Basics, History & Hardware Evolution","Binary/Octal/Hex Conversions, Network Topologies, Client-Server Architecture, Memory & Storage Types, Data Encoding (ASCII/Unicode)","Mon|09:00-11:00, Tue|10:00-12:00",5,1,Instructor,"IT Fundamentals, Introduction to Computing","Digital Logic & Data Representation, Computer Networks Basics, History & Hardware Evolution, Operating Systems & Architecture","Binary/Octal/Hex Conversions, Client-Server Architecture, Data Encoding (ASCII/Unicode), Memory & Storage Types, Network Topologies, OS Fundamentals, OSI Model Layers","Fri|18:00-20:00, Mon|09:00-11:00, Sat|09:00-11:00, Tue|10:00-12:00",4,4,4,4,0.7034
"Computer Programming, Intro to Human Computer Interaction, Introduction to Computing","Control Structures, Data Structures, HCI Principles & Guidelines, Operating Systems & Architecture, Digital Logic & Data Representation","Loop Control, Basic Sorting Algorithms, HCI Principles & Paradigms, OS Fundamentals, Boolean Logic Gates","Sat|09:00-11:00, Fri|18:00-20:00, Tue|10:00-12:00",4,1,Senior IT Student,"Computer Programming, Intro to Human Computer Interaction","Interaction Design & Cognitive Models, Modular Programming","Interaction Design Frameworks, Function Definitions","Mon|09:00-11:00, Wed|13:00-15:00, Sat|09:00-11:00",2,1,4,3,0.3605
"Introduction to Computing, Intro to Human Computer Interaction, Computer Programming","User Research & Behavioral Mapping, Data Structures","Customer Journey Mapping, 1D/2D Manipulation, User Flow Diagrams, Array Creation","Fri|18:00-20:00, Thu|15:00-17:00",3,1,Instructor,"Computer Programming, Intro to Human Computer Interaction, Introduction to Computing","Data Structures, User Research & Behavioral Mapping, Prototyping & UI Tooling, Debugging & Execution, Control Structures","1D/2D Manipulation, Array Creation, Customer Journey Mapping, Design System & Components, Logic Troubleshooting, Loop Control, User Flow Diagrams","Fri|18:00-20:00, Mon|09:00-11:00, Thu|15:00-17:00",4,2,4,4,0.7476
"Computer Programming, PE 1: PATH FIT 1 - Movement Enhancement, PE 2: PATH FIT 2 - Fitness Exercises","Data Structures, Modular Programming","Array Creation, Basic Sorting Algorithms, Function Definitions","Sat|09:00-11:00, Fri|18:00-20:00, Wed|13:00-15:00",5,1,Instructor,"Computer Programming, IT Fundamentals, Intro to Human Computer Interaction, PE 1: PATH FIT 1 - Movement Enhancement, PE 2: PATH FIT 2 - Fitness Exercises","Data Structures, Modular Programming, Interaction Design & Cognitive Models","Array Creation, Basic Sorting Algorithms, Function Definitions, Interaction Design Frameworks, Variable Scope & Lifetime","Fri|18:00-20:00, Mon|09:00-11:00, Sat|09:00-11:00, Wed|13:00-15:00",10,5,5,4,0.7018
GE 108: Understanding the Self,,,"Sat|09:00-11:00, Mon|09:00-11:00, Tue|10:00-12:00",4,1,Senior IT Student,"GE 108: Understanding the Self, Intro to Human Computer Interaction, Introduction to Computing","Computer Networks Basics, Digital Logic & Data Representation, History & Hardware Evolution","Client-Server Architecture, Binary/Octal/Hex Conversions, Memory & Storage Types, Processor Architecture","Wed|13:00-15:00, Thu|15:00-17:00",3,0,4,4,0.4348
GE 105: Mathematics in the Modern World,,,"Wed|13:00-15:00, Thu|15:00-17:00, Fri|18:00-20:00",4,1,Senior IT Student,"Computer Programming, IT Fundamentals, Intro to Human Computer Interaction, NSTP 1: Civic Welfare Training Service","User Research & Behavioral Mapping, Prototyping & UI Tooling, Interaction Design & Cognitive Models","User Research & Analysis, Figma UI Design, Wireframe Sketching, Design System & Components, Human Information Processing","Thu|15:00-17:00, Wed|13:00-15:00",2,2,5,4,0.2748
"Computer Programming, IT Fundamentals, Intro to Human Computer Interaction, NSTP 2: Civic Welfare Training Service","High-Fidelity Design & Documentation, Control Structures, Client-Side Scripting, Command Line & Web Infra","High-Fidelity Prototyping, Conditional Logic, DOM Manipulation, Domain Name System (DNS)","Thu|15:00-17:00, Wed|13:00-15:00",3,1,Senior IT Student,"Computer Programming, IT Fundamentals","Client-Side Scripting, Modular Programming","JavaScript Syntax, Variable Scope & Lifetime","Mon|09:00-11:00, Sat|09:00-11:00, Wed|13:00-15:00, Fri|18:00-20:00",1,1,4,3,0.3273
"Computer Programming, Intro to Human Computer Interaction, NSTP 2: Civic Welfare Training Service","User Research & Behavioral Mapping, Debugging & Execution, Data Structures","User Research & Analysis, Console Debugging Techniques, Syntax Errors, Array Creation","Mon|09:00-11:00, Tue|10:00-12:00, Wed|13:00-15:00",4,1,Instructor,"Computer Programming, IT Fundamentals","Debugging & Execution, Web Markup, Data Structures","Logic Troubleshooting, HTML5 Semantic Elements, Basic Sorting Algorithms","Sat|09:00-11:00, Mon|09:00-11:00, Tue|10:00-12:00",7,2,4,4,0.3711
Introduction to Computing,"History & Hardware Evolution, Computer Networks Basics, Digital Logic & Data Representation","Processor Architecture, Network Topologies, Data Encoding (ASCII/Unicode), Boolean Logic Gates, Client-Server Architecture","Fri|18:00-20:00, Thu|15:00-17:00, Sat|09:00-11:00, Mon|09:00-11:00",3,1,Instructor,"Computer Programming, IT Fundamentals, Introduction to Computing","Digital Logic & Data Representation, Computer Networks Basics, Debugging & Execution, Operating Systems & Architecture, Client-Side Scripting, History & Hardware Evolution","Boolean Logic Gates, Client-Server Architecture, Console Debugging Techniques, Data Encoding (ASCII/Unicode), File Systems & Permissions, JavaScript Syntax, Network Topologies, Processor Architecture","Fri|18:00-20:00, Thu|15:00-17:00, Wed|13:00-15:00",3,2,4,4,0.5072
"Intro to Human Computer Interaction, Computer Programming, IT Fundamentals","Interaction Design & Cognitive Models, Client-Side Scripting, High-Fidelity Design & Documentation, Debugging & Execution, Web Styling","Interaction Design Frameworks, JavaScript Syntax, Design Systems Documentation, Syntax Errors, CSS Selectors","Tue|10:00-12:00, Sat|09:00-11:00",5,1,Senior IT Student,"Computer Programming, Intro to Human Computer Interaction","User Research & Behavioral Mapping, Data Structures","User Flow Diagrams, Basic Sorting Algorithms","Wed|13:00-15:00, Sat|09:00-11:00, Tue|10:00-12:00",4,1,4,3,0.3887
IT Fundamentals,"Web Styling, Command Line & Web Infra, Web Markup","Responsive Layouts, HTTP Request Methods, CLI Navigation, HTML5 Semantic Elements, CSS Selectors","Wed|13:00-15:00, Tue|10:00-12:00",2,1,Instructor,"Introduction to Computing, IT Fundamentals","History & Hardware Evolution, Computer Networks Basics","Processor Architecture, Memory & Storage Types, OSI Model Layers","Sat|09:00-11:00, Mon|09:00-11:00, Thu|15:00-17:00",4,3,5,4,0.2552
"Computer Programming, NSTP 2: Civic Welfare Training Service","Control Structures, Data Structures, Modular Programming, Debugging & Execution","Conditional Logic, Array Creation, Variable Scope & Lifetime, Console Debugging Techniques","Wed|13:00-15:00, Fri|18:00-20:00, Thu|15:00-17:00",5,1,Instructor,"Computer Programming, NSTP 2: Civic Welfare Training Service","Data Structures, Control Structures, Debugging & Execution, Modular Programming","Array Creation, Conditional Logic, Console Debugging Techniques, Iteration Patterns, Variable Scope & Lifetime","Fri|18:00-20:00, Thu|15:00-17:00, Wed|13:00-15:00",7,6,5,4,0.9422
"Introduction to Computing, Computer Programming, IT Fundamentals","Data Structures, Computer Networks Basics, Debugging & Execution","Linear/Binary Searching, Network Topologies, Logic Troubleshooting","Sat|09:00-11:00, Wed|13:00-15:00, Fri|18:00-20:00",2,1,Instructor,Introduction to Computing,"Computer Networks Basics, Digital Logic & Data Representation, Operating Systems & Architecture","OSI Model Layers, Binary/Octal/Hex Conversions, Boolean Logic Gates, File Systems & Permissions","Wed|13:00-15:00, Sat|09:00-11:00, Mon|09:00-11:00",10,8,3,4,0.3011
"IT Fundamentals, Introduction to Computing","Client-Side Scripting, Web Styling","Event Listeners, Responsive Layouts, Flexbox & Grid","Sat|09:00-11:00, Wed|13:00-15:00, Thu|15:00-17:00",2,1,Senior IT Student,"Intro to Human Computer Interaction, IT Fundamentals, Computer Programming","Control Structures, User Research & Behavioral Mapping, Prototyping & UI Tooling, Web Styling","Conditional Logic, Customer Journey Mapping, Design System & Components, CSS Selectors","Fri|18:00-20:00, Wed|13:00-15:00, Thu|15:00-17:00, Sat|09:00-11:00",4,4,4,3,0.2769
NSTP 1: Civic Welfare Training Service,,,"Thu|15:00-17:00, Tue|10:00-12:00",5,1,Instructor,GE 105: Mathematics in the Modern World,,,"Tue|10:00-12:00, Wed|13:00-15:00, Sat|09:00-11:00, Fri|18:00-20:00",10,9,5,4,0.2787
"Computer Programming, Introduction to Computing","Debugging & Execution, Digital Logic & Data Representation, Modular Programming","Console Debugging Techniques, Data Encoding (ASCII/Unicode), Function Definitions","Mon|09:00-11:00, Fri|18:00-20:00",5,1,Senior IT Student,"Computer Programming, Intro to Human Computer Interaction","Modular Programming, Prototyping & UI Tooling","Parameters & Return Values, Figma UI Design","Mon|09:00-11:00, Thu|15:00-17:00",2,0,4,4,0.335
NSTP 2: Civic Welfare Training Service,,,"Sat|09:00-11:00, Thu|15:00-17:00, Mon|09:00-11:00",3,1,Senior IT Student,"IT Fundamentals, Intro to Human Computer Interaction, NSTP 2: Civic Welfare Training Service","Web Styling, Command Line & Web Infra","Box Model, HTTP Request Methods","Fri|18:00-20:00, Sat|09:00-11:00, Thu|15:00-17:00, Tue|10:00-12:00",4,1,5,3,0.4297
"GE 104: Readings in Philippine History, GE EL 108: Philippine Indigenous Communities",,,"Tue|10:00-12:00, Wed|13:00-15:00, Thu|15:00-17:00",2,1,Senior IT Student,"Intro to Human Computer Interaction, IT Fundamentals, Introduction to Computing, Computer Programming","Control Structures, Web Styling, Interaction Design & Cognitive Models, User Research & Behavioral Mapping, Computer Networks Basics","Loop Control, CSS Selectors, Human Information Processing, Customer Journey Mapping, Network Topologies","Wed|13:00-15:00, Fri|18:00-20:00, Mon|09:00-11:00",3,1,3,3,0.1719
"IT Fundamentals, Computer Programming","Data Structures, Web Markup","1D/2D Manipulation, Forms & Inputs, Linear/Binary Searching","Wed|13:00-15:00, Tue|10:00-12:00",4,1,Senior IT Student,"Computer Programming, IT Fundamentals, Introduction to Computing","Operating Systems & Architecture, History & Hardware Evolution, Modular Programming","Process Management, Processor Architecture, Variable Scope & Lifetime","Mon|09:00-11:00, Wed|13:00-15:00, Sat|09:00-11:00",3,2,3,4,0.3879
"IT Fundamentals, Intro to Human Computer Interaction","Command Line & Web Infra, Prototyping & UI Tooling, HCI Principles & Guidelines","CLI Navigation, Design System & Components, System Prototype Proposal","Fri|18:00-20:00, Thu|15:00-17:00",2,1,Senior IT Student,"IT Fundamentals, Introduction to Computing, Computer Programming","Web Markup, Data Structures, Computer Networks Basics, Debugging & Execution","Media & Tables, Array Creation, Network Topologies, Syntax Errors","Tue|10:00-12:00, Mon|09:00-11:00, Wed|13:00-15:00, Fri|18:00-20:00",4,0,4,4,0.2006
IT Fundamentals,"Client-Side Scripting, Web Styling, Command Line & Web Infra, Web Markup","Event Listeners, CSS Selectors, HTTP Request Methods, HTML5 Semantic Elements, DOM Manipulation","Tue|10:00-12:00, Thu|15:00-17:00, Mon|09:00-11:00, Fri|18:00-20:00",4,1,Instructor,IT Fundamentals,"Command Line & Web Infra, Web Markup, Web Styling","CLI Navigation, Forms & Inputs, Responsive Layouts, Flexbox & Grid","Mon|09:00-11:00, Wed|13:00-15:00, Tue|10:00-12:00, Sat|09:00-11:00",10,9,3,4,0.6732
"Introduction to Computing, Computer Programming, Intro to Human Computer Interaction","Modular Programming, High-Fidelity Design & Documentation, Operating Systems & Architecture, Control Structures","Parameters & Return Values, High-Fidelity Prototyping, File Systems & Permissions, Conditional Logic","Sat|09:00-11:00, Wed|13:00-15:00",3,1,Instructor,"Computer Programming, Intro to Human Computer Interaction, Introduction to Computing","Control Structures, Operating Systems & Architecture, High-Fidelity Design & Documentation, Debugging & Execution, Modular Programming, HCI Principles & Guidelines","Conditional Logic, File Systems & Permissions, High-Fidelity Prototyping, Logic Troubleshooting, Parameters & Return Values, System Prototype Proposal","Mon|09:00-11:00, Sat|09:00-11:00, Wed|13:00-15:00",9,8,4,4,0.8289
"Computer Programming, Introduction to Computing, Intro to Human Computer Interaction","Operating Systems & Architecture, Modular Programming, Computer Networks Basics, Data Structures","OS Fundamentals, Parameters & Return Values, Network Topologies, Basic Sorting Algorithms","Fri|18:00-20:00, Tue|10:00-12:00, Thu|15:00-17:00",4,1,Instructor,"Computer Programming, Intro to Human Computer Interaction, Introduction to Computing","Data Structures, Debugging & Execution, Computer Networks Basics, Operating Systems & Architecture, Modular Programming, History & Hardware Evolution","Basic Sorting Algorithms, Logic Troubleshooting, Network Topologies, OS Fundamentals, Parameters & Return Values, Processor Architecture","Fri|18:00-20:00, Mon|09:00-11:00, Thu|15:00-17:00, Tue|10:00-12:00",10,5,5,4,0.8434
"Introduction to Computing, Computer Programming","Data Structures, Computer Networks Basics, Digital Logic & Data Representation","Array Creation, Network Topologies, Boolean Logic Gates","Sat|09:00-11:00, Wed|13:00-15:00",3,1,Senior IT Student,Introduction to Computing,"Operating Systems & Architecture, History & Hardware Evolution","File Systems & Permissions, Processor Architecture","Thu|15:00-17:00, Sat|09:00-11:00, Mon|09:00-11:00, Tue|10:00-12:00",3,0,4,4,0.3232
NSTP 1: Civic Welfare Training Service,,,"Thu|15:00-17:00, Mon|09:00-11:00",2,1,Instructor,"IT Fundamentals, Intro to Human Computer Interaction, NSTP 1: Civic Welfare Training Service","User Research & Behavioral Mapping, High-Fidelity Design & Documentation, Client-Side Scripting","Customer Journey Mapping, Design Systems Documentation, DOM Manipulation","Tue|10:00-12:00, Sat|09:00-11:00, Fri|18:00-20:00",14,11,3,4,0.382
"Introduction to Computing, Intro to Human Computer Interaction","Digital Logic & Data Representation, Prototyping & UI Tooling, Interaction Design & Cognitive Models","Data Encoding (ASCII/Unicode), Wireframe Sketching, Interaction Design Frameworks","Sat|09:00-11:00, Thu|15:00-17:00, Fri|18:00-20:00",3,1,Instructor,"Computer Programming, Intro to Human Computer Interaction, Introduction to Computing","Modular Programming, Control Structures","Parameters & Return Values, Loop Control","Mon|09:00-11:00, Sat|09:00-11:00",3,2,3,4,0.3659
GE 108: Understanding the Self,,,"Thu|15:00-17:00, Tue|10:00-12:00, Sat|09:00-11:00",4,1,Senior IT Student,"Intro to Human Computer Interaction, Computer Programming, IT Fundamentals, Introduction to Computing","Control Structures, High-Fidelity Design & Documentation, Data Structures, Command Line & Web Infra, Debugging & Execution","Iteration Patterns, Design Systems Documentation, Linear/Binary Searching, CLI Navigation, Console Debugging Techniques","Sat|09:00-11:00, Thu|15:00-17:00, Fri|18:00-20:00, Tue|10:00-12:00",1,0,4,3,0.3261
"IT Fundamentals, Introduction to Computing, Computer Programming","Debugging & Execution, Data Structures, History & Hardware Evolution, Web Styling, Modular Programming","Console Debugging Techniques, Basic Sorting Algorithms, Processor Architecture, CSS Selectors, Parameters & Return Values","Thu|15:00-17:00, Fri|18:00-20:00",3,1,Senior IT Student,"IT Fundamentals, Intro to Human Computer Interaction, Introduction to Computing","Prototyping & UI Tooling, History & Hardware Evolution","Figma UI Design, Memory & Storage Types, Processor Architecture","Tue|10:00-12:00, Wed|13:00-15:00",3,3,3,4,0.3345
"Computer Programming, GE 105: Mathematics in the Modern World, GE EL 108: Philippine Indigenous Communities, IT Fundamentals, Intro to Human Computer Interaction","Command Line & Web Infra, Interaction Design & Cognitive Models, Debugging & Execution, Web Markup, Web Styling","CLI Navigation, Human Information Processing, Syntax Errors, HTML5 Semantic Elements, Flexbox & Grid","Sat|09:00-11:00, Mon|09:00-11:00, Thu|15:00-17:00, Fri|18:00-20:00",3,1,Instructor,"GE EL 108: Philippine Indigenous Communities, GE 108: Understanding the Self",,,"Wed|13:00-15:00, Sat|09:00-11:00",11,2,4,4,0.1651
PE 1: PATH FIT 1 - Movement Enhancement,,,"Thu|15:00-17:00, Mon|09:00-11:00, Tue|10:00-12:00",2,1,Instructor,"IT Fundamentals, Introduction to Computing, PE 1: PATH FIT 1 - Movement Enhancement","Client-Side Scripting, Web Styling, Computer Networks Basics, Digital Logic & Data Representation","DOM Manipulation, Box Model, Network Topologies, Binary/Octal/Hex Conversions","Sat|09:00-11:00, Mon|09:00-11:00, Fri|18:00-20:00, Tue|10:00-12:00",15,3,4,4,0.4857
"Introduction to Computing, IT Fundamentals, Intro to Human Computer Interaction","Operating Systems & Architecture, Web Markup, Command Line & Web Infra","Process Management, Forms & Inputs, Domain Name System (DNS)","Sat|09:00-11:00, Wed|13:00-15:00",5,1,Instructor,"Computer Programming, Introduction to Computing","Debugging & Execution, Data Structures","Logic Troubleshooting, Syntax Errors, 1D/2D Manipulation, Array Creation","Thu|15:00-17:00, Sat|09:00-11:00",6,5,3,4,0.2062
IT Fundamentals,"Web Styling, Command Line & Web Infra","Flexbox & Grid, CLI Navigation, Domain Name System (DNS), CSS Selectors","Fri|18:00-20:00, Thu|15:00-17:00",3,1,Instructor,"Computer Programming, GE 108: Understanding the Self, IT Fundamentals, Introduction to Computing","Client-Side Scripting, Command Line & Web Infra, Debugging & Execution, History & Hardware Evolution","JavaScript Syntax, HTTP Request Methods, Syntax Errors, Processor Architecture","Sat|09:00-11:00, Tue|10:00-12:00, Mon|09:00-11:00, Wed|13:00-15:00",9,2,4,4,0.2442
"IT Fundamentals, Computer Programming, Intro to Human Computer Interaction","Prototyping & UI Tooling, Data Structures, Modular Programming, Web Markup","Figma UI Design, Basic Sorting Algorithms, Function Definitions, Variable Scope & Lifetime, HTML5 Semantic Elements","Fri|18:00-20:00, Sat|09:00-11:00, Tue|10:00-12:00",5,1,Instructor,"IT Fundamentals, Intro to Human Computer Interaction","High-Fidelity Design & Documentation, Web Styling, Client-Side Scripting","High-Fidelity Prototyping, Responsive Layouts, Event Listeners","Mon|09:00-11:00, Fri|18:00-20:00",9,4,4,4,0.355
Introduction to Computing,"Operating Systems & Architecture, Digital Logic & Data Representation, History & Hardware Evolution","File Systems & Permissions, Data Encoding (ASCII/Unicode), Memory & Storage Types, Computing Generations","Fri|18:00-20:00, Sat|09:00-11:00",3,1,Instructor,"Introduction to Computing, IT Fundamentals, Intro to Human Computer Interaction, Computer Programming","Command Line & Web Infra, Operating Systems & Architecture, Digital Logic & Data Representation, Debugging & Execution, Data Structures","CLI Navigation, Process Management, Binary/Octal/Hex Conversions, Syntax Errors, Array Creation","Sat|09:00-11:00, Mon|09:00-11:00, Thu|15:00-17:00, Tue|10:00-12:00",10,6,4,4,0.3277
"Computer Programming, Intro to Human Computer Interaction, IT Fundamentals","Command Line & Web Infra, Modular Programming, High-Fidelity Design & Documentation, Client-Side Scripting, HCI Principles & Guidelines","CLI Navigation, Parameters & Return Values, High-Fidelity Prototyping, JavaScript Syntax, System Prototype Proposal","Wed|13:00-15:00, Fri|18:00-20:00",4,1,Instructor,"Computer Programming, GE 105: Mathematics in the Modern World, Intro to Human Computer Interaction","HCI Principles & Guidelines, Control Structures, Debugging & Execution","Guideline Categories of HCI, Iteration Patterns, Logic Troubleshooting","Thu|15:00-17:00, Wed|13:00-15:00, Sat|09:00-11:00, Fri|18:00-20:00",12,10,5,4,0.3952
"GE 104: Readings in Philippine History, GE EL 108: Philippine Indigenous Communities, Intro to Human Computer Interaction, Introduction to Computing","Digital Logic & Data Representation, Interaction Design & Cognitive Models, Computer Networks Basics, User Research & Behavioral Mapping, History & Hardware Evolution","Binary/Octal/Hex Conversions, Interaction Design Frameworks, Network Topologies, Customer Journey Mapping, Processor Architecture","Mon|09:00-11:00, Tue|10:00-12:00, Wed|13:00-15:00",2,1,Instructor,"GE 104: Readings in Philippine History, GE EL 108: Philippine Indigenous Communities, IT Fundamentals","Web Styling, Web Markup, Client-Side Scripting","Box Model, HTML5 Semantic Elements, DOM Manipulation, Media & Tables","Wed|13:00-15:00, Sat|09:00-11:00",7,4,4,4,0.2478
"Intro to Human Computer Interaction, PE 1: PATH FIT 1 - Movement Enhancement, PE 2: PATH FIT 2 - Fitness Exercises","User Research & Behavioral Mapping, HCI Principles & Guidelines, Prototyping & UI Tooling","User Flow Diagrams, HCI Principles & Paradigms, Guideline Categories of HCI, Wireframe Sketching, User Research & Analysis","Mon|09:00-11:00, Thu|15:00-17:00",4,1,Instructor,"Computer Programming, Intro to Human Computer Interaction","User Research & Behavioral Mapping, Data Structures, High-Fidelity Design & Documentation, Interaction Design & Cognitive Models","Customer Journey Mapping, 1D/2D Manipulation, High-Fidelity Prototyping, Interaction Design Frameworks","Thu|15:00-17:00, Sat|09:00-11:00, Fri|18:00-20:00, Mon|09:00-11:00",4,4,4,4,0.3357
Intro to Human Computer Interaction,"Prototyping & UI Tooling, User Research & Behavioral Mapping, Interaction Design & Cognitive Models","Design System & Components, User Flow Diagrams, Human Information Processing","Mon|09:00-11:00, Tue|10:00-12:00, Sat|09:00-11:00, Wed|13:00-15:00",5,1,Instructor,"Intro to Human Computer Interaction, Introduction to Computing","Prototyping & UI Tooling, Interaction Design & Cognitive Models, Operating Systems & Architecture, User Research & Behavioral Mapping","Design System & Components, Human Information Processing, OS Fundamentals, User Flow Diagrams","Fri|18:00-20:00, Mon|09:00-11:00, Tue|10:00-12:00",4,4,4,4,0.6674
GE 104: Readings in Philippine History,,,"Fri|18:00-20:00, Thu|15:00-17:00, Mon|09:00-11:00, Wed|13:00-15:00",4,1,Instructor,"Computer Programming, GE 104: Readings in Philippine History, GE 105: Mathematics in the Modern World, IT Fundamentals","Data Structures, Web Styling","Array Creation, Box Model, Linear/Binary Searching","Mon|09:00-11:00, Tue|10:00-12:00, Wed|13:00-15:00",5,3,5,4,0.4306
"IT Fundamentals, NSTP 2: Civic Welfare Training Service","Web Styling, Web Markup","Flexbox & Grid, Media & Tables, Responsive Layouts","Wed|13:00-15:00, Thu|15:00-17:00, Mon|09:00-11:00",2,1,Instructor,"Computer Programming, Intro to Human Computer Interaction, Introduction to Computing, NSTP 1: Civic Welfare Training Service","Control Structures, History & Hardware Evolution, HCI Principles & Guidelines, Interaction Design & Cognitive Models","Conditional Logic, Computing Generations, Guideline Categories of HCI, Human Information Processing","Tue|10:00-12:00, Wed|13:00-15:00, Thu|15:00-17:00, Sat|09:00-11:00",6,6,4,4,0.125
Computer Programming,"Debugging & Execution, Data Structures, Modular Programming","Console Debugging Techniques, Array Creation, Parameters & Return Values","Fri|18:00-20:00, Thu|15:00-17:00, Mon|09:00-11:00",2,1,Instructor,"Computer Programming, Introduction to Computing","Data Structures, Debugging & Execution, History & Hardware Evolution, Modular Programming","Array Creation, Console Debugging Techniques, Memory & Storage Types, Parameters & Return Values","Fri|18:00-20:00, Thu|15:00-17:00, Wed|13:00-15:00",13,5,5,4,0.6451
Computer Programming,"Control Structures, Data Structures, Debugging & Execution","Conditional Logic, 1D/2D Manipulation, Console Debugging Techniques, Basic Sorting Algorithms, Syntax Errors","Sat|09:00-11:00, Fri|18:00-20:00",3,1,Senior IT Student,"Computer Programming, IT Fundamentals, Intro to Human Computer Interaction","Data Structures, Web Styling, Control Structures, Debugging & Execution, HCI Principles & Guidelines","1D/2D Manipulation, Basic Sorting Algorithms, Box Model, Conditional Logic, Console Debugging Techniques, Syntax Errors, System Prototype Proposal","Fri|18:00-20:00, Sat|09:00-11:00, Wed|13:00-15:00",4,4,5,3,0.561
Introduction to Computing,"History & Hardware Evolution, Computer Networks Basics","Computing Generations, OSI Model Layers, Memory & Storage Types","Fri|18:00-20:00, Thu|15:00-17:00, Sat|09:00-11:00",4,1,Instructor,"Introduction to Computing, IT Fundamentals, Computer Programming, Intro to Human Computer Interaction","HCI Principles & Guidelines, Command Line & Web Infra, Computer Networks Basics","HCI Principles & Paradigms, CLI Navigation, HTTP Request Methods, Client-Server Architecture","Tue|10:00-12:00, Thu|15:00-17:00, Mon|09:00-11:00",4,3,4,4,0.2722
"GE 104: Readings in Philippine History, GE 108: Understanding the Self",,,"Sat|09:00-11:00, Wed|13:00-15:00, Tue|10:00-12:00, Mon|09:00-11:00",4,1,Senior IT Student,"Computer Programming, GE 104: Readings in Philippine History, GE 108: Understanding the Self, Introduction to Computing",Operating Systems & Architecture,Process Management,"Mon|09:00-11:00, Sat|09:00-11:00, Wed|13:00-15:00",2,0,4,3,0.6077
IT Fundamentals,"Client-Side Scripting, Command Line & Web Infra, Web Styling","DOM Manipulation, Domain Name System (DNS), Box Model","Sat|09:00-11:00, Mon|09:00-11:00",5,1,Instructor,"Computer Programming, IT Fundamentals, Introduction to Computing","Data Structures, Client-Side Scripting, History & Hardware Evolution","Array Creation, JavaScript Syntax, Processor Architecture, Computing Generations","Mon|09:00-11:00, Fri|18:00-20:00, Thu|15:00-17:00",8,6,4,4,0.3145
Introduction to Computing,"Operating Systems & Architecture, Digital Logic & Data Representation, History & Hardware Evolution","File Systems & Permissions, Process Management, Data Encoding (ASCII/Unicode), Computing Generations","Tue|10:00-12:00, Wed|13:00-15:00, Mon|09:00-11:00",4,1,Instructor,"Intro to Human Computer Interaction, Introduction to Computing","History & Hardware Evolution, Digital Logic & Data Representation, Operating Systems & Architecture, User Research & Behavioral Mapping","Computing Generations, Data Encoding (ASCII/Unicode), File Systems & Permissions, Process Management, User Flow Diagrams","Tue|10:00-12:00, Wed|13:00-15:00",4,4,5,4,0.6817
GE EL 108: Philippine Indigenous Communities,,,"Tue|10:00-12:00, Mon|09:00-11:00, Thu|15:00-17:00",3,1,Instructor,"Computer Programming, GE EL 108: Philippine Indigenous Communities, Introduction to Computing","Computer Networks Basics, Operating Systems & Architecture, History & Hardware Evolution","Client-Server Architecture, OS Fundamentals, Processor Architecture","Mon|09:00-11:00, Sat|09:00-11:00, Thu|15:00-17:00, Tue|10:00-12:00",4,2,4,4,0.5583
"Introduction to Computing, Intro to Human Computer Interaction, IT Fundamentals","Digital Logic & Data Representation, User Research & Behavioral Mapping, Web Markup","Binary/Octal/Hex Conversions, User Flow Diagrams, Media & Tables, Boolean Logic Gates","Sat|09:00-11:00, Mon|09:00-11:00",4,1,Instructor,"Intro to Human Computer Interaction, Introduction to Computing, IT Fundamentals, Computer Programming","Control Structures, User Research & Behavioral Mapping, Operating Systems & Architecture, Data Structures","Conditional Logic, Customer Journey Mapping, File Systems & Permissions, Array Creation","Fri|18:00-20:00, Tue|10:00-12:00, Mon|09:00-11:00",10,10,4,4,0.4383
Computer Programming,"Debugging & Execution, Modular Programming, Data Structures","Syntax Errors, Parameters & Return Values, 1D/2D Manipulation","Thu|15:00-17:00, Sat|09:00-11:00, Fri|18:00-20:00",3,1,Instructor,"GE EL 108: Philippine Indigenous Communities, GE 104: Readings in Philippine History",,,"Fri|18:00-20:00, Wed|13:00-15:00, Sat|09:00-11:00",5,5,4,4,0.1489
NSTP 1: Civic Welfare Training Service,,,"Fri|18:00-20:00, Sat|09:00-11:00",2,1,Senior IT Student,"Computer Programming, NSTP 1: Civic Welfare Training Service",Data Structures,"Linear/Binary Searching, Array Creation","Thu|15:00-17:00, Sat|09:00-11:00, Wed|13:00-15:00, Fri|18:00-20:00",4,2,4,4,0.6115
"GE 104: Readings in Philippine History, Intro to Human Computer Interaction","Prototyping & UI Tooling, Interaction Design & Cognitive Models, High-Fidelity Design & Documentation, User Research & Behavioral Mapping","Figma UI Design, Interaction Design Frameworks, High-Fidelity Prototyping, User Flow Diagrams","Wed|13:00-15:00, Thu|15:00-17:00, Tue|10:00-12:00, Fri|18:00-20:00",3,1,Senior IT Student,"GE 104: Readings in Philippine History, Intro to Human Computer Interaction, Introduction to Computing","Digital Logic & Data Representation, Prototyping & UI Tooling, HCI Principles & Guidelines, High-Fidelity Design & Documentation, Interaction Design & Cognitive Models, User Research & Behavioral Mapping","Boolean Logic Gates, Figma UI Design, HCI Principles & Paradigms, High-Fidelity Prototyping, Interaction Design Frameworks, User Flow Diagrams","Thu|15:00-17:00, Tue|10:00-12:00, Wed|13:00-15:00",3,0,5,3,0.6857
"Computer Programming, Introduction to Computing","Data Structures, Debugging & Execution, Digital Logic & Data Representation, Modular Programming","Linear/Binary Searching, Syntax Errors, Boolean Logic Gates, Function Definitions, Basic Sorting Algorithms","Tue|10:00-12:00, Wed|13:00-15:00",2,1,Instructor,"IT Fundamentals, Introduction to Computing","Command Line & Web Infra, Operating Systems & Architecture, Web Styling","Domain Name System (DNS), File Systems & Permissions, Flexbox & Grid","Tue|10:00-12:00, Sat|09:00-11:00",14,3,5,4,0.241
"IT Fundamentals, Computer Programming","Client-Side Scripting, Web Markup, Debugging & Execution, Data Structures","JavaScript Syntax, Forms & Inputs, Logic Troubleshooting, Basic Sorting Algorithms, Linear/Binary Searching","Fri|18:00-20:00, Wed|13:00-15:00",3,1,Senior IT Student,"Intro to Human Computer Interaction, Introduction to Computing","Operating Systems & Architecture, HCI Principles & Guidelines, User Research & Behavioral Mapping","File Systems & Permissions, OS Fundamentals, System Prototype Proposal, User Research & Analysis","Thu|15:00-17:00, Tue|10:00-12:00, Wed|13:00-15:00, Sat|09:00-11:00",3,3,5,4,0.12
"Intro to Human Computer Interaction, Computer Programming, IT Fundamentals","Command Line & Web Infra, HCI Principles & Guidelines, Control Structures, High-Fidelity Design & Documentation","Domain Name System (DNS), System Prototype Proposal, Loop Control, Conditional Logic, Design Systems Documentation","Tue|10:00-12:00, Thu|15:00-17:00, Sat|09:00-11:00",3,1,Instructor,"IT Fundamentals, Intro to Human Computer Interaction","Interaction Design & Cognitive Models, Web Markup, Web Styling","Human Information Processing, Media & Tables, Box Model","Wed|13:00-15:00, Thu|15:00-17:00",6,6,4,4,0.3358
"Intro to Human Computer Interaction, Computer Programming","High-Fidelity Design & Documentation, Debugging & Execution, Control Structures, Prototyping & UI Tooling","High-Fidelity Prototyping, Console Debugging Techniques, Iteration Patterns, Design System & Components","Thu|15:00-17:00, Mon|09:00-11:00, Tue|10:00-12:00",4,1,Instructor,"IT Fundamentals, Intro to Human Computer Interaction","Web Markup, High-Fidelity Design & Documentation, Client-Side Scripting, Web Styling","Media & Tables, Design Systems Documentation, DOM Manipulation, JavaScript Syntax, CSS Selectors","Fri|18:00-20:00, Tue|10:00-12:00",4,3,4,4,0.2791
"IT Fundamentals, Intro to Human Computer Interaction","Client-Side Scripting, Web Styling, Prototyping & UI Tooling, User Research & Behavioral Mapping","DOM Manipulation, Responsive Layouts, Figma UI Design, Customer Journey Mapping, Box Model","Sat|09:00-11:00, Fri|18:00-20:00, Wed|13:00-15:00, Mon|09:00-11:00",3,1,Senior IT Student,"Introduction to Computing, Computer Programming, Intro to Human Computer Interaction","Control Structures, User Research & Behavioral Mapping","Iteration Patterns, Conditional Logic, User Research & Analysis","Mon|09:00-11:00, Wed|13:00-15:00, Tue|10:00-12:00",4,3,5,3,0.243
"Computer Programming, Intro to Human Computer Interaction","Control Structures, Debugging & Execution, Data Structures, User Research & Behavioral Mapping, Modular Programming","Loop Control, Logic Troubleshooting, 1D/2D Manipulation, User Research & Analysis, Variable Scope & Lifetime","Mon|09:00-11:00, Thu|15:00-17:00, Wed|13:00-15:00, Tue|10:00-12:00",3,1,Instructor,"Computer Programming, IT Fundamentals","Control Structures, Web Styling, Command Line & Web Infra","Loop Control, Flexbox & Grid, HTTP Request Methods, Conditional Logic","Tue|10:00-12:00, Wed|13:00-15:00",9,5,4,4,0.3328
"GE 108: Understanding the Self, GE 104: Readings in Philippine History",,,"Thu|15:00-17:00, Wed|13:00-15:00, Mon|09:00-11:00, Sat|09:00-11:00",2,1,Senior IT Student,"GE 108: Understanding the Self, Intro to Human Computer Interaction, Introduction to Computing","HCI Principles & Guidelines, High-Fidelity Design & Documentation","System Prototype Proposal, Design Systems Documentation","Tue|10:00-12:00, Sat|09:00-11:00, Wed|13:00-15:00",1,1,3,4,0.4132
"PE 2: PATH FIT 2 - Fitness Exercises, PE 1: PATH FIT 1 - Movement Enhancement",,,"Tue|10:00-12:00, Fri|18:00-20:00",4,1,Senior IT Student,"Computer Programming, PE 2: PATH FIT 2 - Fitness Exercises",Data Structures,"1D/2D Manipulation, Basic Sorting Algorithms","Sat|09:00-11:00, Thu|15:00-17:00, Tue|10:00-12:00, Wed|13:00-15:00",4,2,4,3,0.4464
"Introduction to Computing, Computer Programming","Data Structures, Computer Networks Basics","1D/2D Manipulation, OSI Model Layers, Basic Sorting Algorithms","Thu|15:00-17:00, Sat|09:00-11:00, Mon|09:00-11:00",5,1,Instructor,"IT Fundamentals, Computer Programming, Introduction to Computing","History & Hardware Evolution, Digital Logic & Data Representation, Debugging & Execution","Processor Architecture, Binary/Octal/Hex Conversions, Logic Troubleshooting","Thu|15:00-17:00, Mon|09:00-11:00",14,11,4,4,0.3771
"IT Fundamentals, Intro to Human Computer Interaction","Prototyping & UI Tooling, Web Styling, HCI Principles & Guidelines, High-Fidelity Design & Documentation","Design System & Components, Responsive Layouts, System Prototype Proposal, HCI Principles & Paradigms, High-Fidelity Prototyping","Mon|09:00-11:00, Wed|13:00-15:00, Sat|09:00-11:00, Thu|15:00-17:00",4,1,Senior IT Student,"Computer Programming, IT Fundamentals, Intro to Human Computer Interaction","User Research & Behavioral Mapping, Prototyping & UI Tooling, HCI Principles & Guidelines, High-Fidelity Design & Documentation, Web Styling","Customer Journey Mapping, Design System & Components, HCI Principles & Paradigms, High-Fidelity Prototyping, Responsive Layouts, System Prototype Proposal","Mon|09:00-11:00, Thu|15:00-17:00, Wed|13:00-15:00",4,2,4,4,0.7848
"Introduction to Computing, Intro to Human Computer Interaction","Digital Logic & Data Representation, Computer Networks Basics, Prototyping & UI Tooling, High-Fidelity Design & Documentation, HCI Principles & Guidelines","Boolean Logic Gates, OSI Model Layers, Figma UI Design, High-Fidelity Prototyping, System Prototype Proposal","Thu|15:00-17:00, Mon|09:00-11:00, Fri|18:00-20:00",4,1,Instructor,"Computer Programming, Intro to Human Computer Interaction, Introduction to Computing","Debugging & Execution, Control Structures, Data Structures","Syntax Errors, Conditional Logic, Basic Sorting Algorithms","Wed|13:00-15:00, Mon|09:00-11:00",5,2,4,4,0.3735
"GE EL 108: Philippine Indigenous Communities, GE 108: Understanding the Self",,,"Sat|09:00-11:00, Mon|09:00-11:00",5,1,Instructor,"GE EL 108: Philippine Indigenous Communities, Introduction to Computing","Computer Networks Basics, Digital Logic & Data Representation, Operating Systems & Architecture","Client-Server Architecture, Boolean Logic Gates, Process Management","Fri|18:00-20:00, Mon|09:00-11:00",15,8,3,4,0.4524
"Computer Programming, GE EL 108: Philippine Indigenous Communities, Introduction to Computing","Operating Systems & Architecture, Control Structures, Modular Programming","File Systems & Permissions, Iteration Patterns, Function Definitions","Sat|09:00-11:00, Tue|10:00-12:00",5,1,Instructor,GE 104: Readings in Philippine History,,,"Tue|10:00-12:00, Mon|09:00-11:00",9,3,5,4,0.1443
"GE 108: Understanding the Self, GE 104: Readings in Philippine History",,,"Thu|15:00-17:00, Tue|10:00-12:00",2,1,Senior IT Student,"GE 108: Understanding the Self, Intro to Human Computer Interaction, Introduction to Computing","History & Hardware Evolution, Prototyping & UI Tooling","Computing Generations, Figma UI Design","Thu|15:00-17:00, Mon|09:00-11:00, Tue|10:00-12:00, Sat|09:00-11:00",4,1,3,4,0.4808
"Computer Programming, GE 105: Mathematics in the Modern World, GE EL 108: Philippine Indigenous Communities, IT Fundamentals, Intro to Human Computer Interaction","Web Markup, User Research & Behavioral Mapping, High-Fidelity Design & Documentation, Control Structures","Forms & Inputs, Customer Journey Mapping, High-Fidelity Prototyping, Loop Control, Conditional Logic","Mon|09:00-11:00, Wed|13:00-15:00, Tue|10:00-12:00, Fri|18:00-20:00",4,1,Instructor,"Computer Programming, GE 105: Mathematics in the Modern World, GE EL 108: Philippine Indigenous Communities, IT Fundamentals, Intro to Human Computer Interaction","Control Structures, User Research & Behavioral Mapping, Web Styling, Web Markup, High-Fidelity Design & Documentation","Conditional Logic, Customer Journey Mapping, Flexbox & Grid, Forms & Inputs, High-Fidelity Prototyping, Loop Control, User Research & Analysis","Mon|09:00-11:00, Thu|15:00-17:00, Tue|10:00-12:00, Wed|13:00-15:00",13,2,4,4,0.8574
"IT Fundamentals, Introduction to Computing","Computer Networks Basics, Web Markup, Digital Logic & Data Representation, History & Hardware Evolution, Operating Systems & Architecture","Client-Server Architecture, Forms & Inputs, Binary/Octal/Hex Conversions, Computing Generations, Process Management","Mon|09:00-11:00, Tue|10:00-12:00, Wed|13:00-15:00",3,1,Instructor,"Computer Programming, IT Fundamentals, Introduction to Computing, Intro to Human Computer Interaction","History & Hardware Evolution, HCI Principles & Guidelines, Control Structures","Memory & Storage Types, System Prototype Proposal, Loop Control","Mon|09:00-11:00, Tue|10:00-12:00",10,3,4,4,0.3824
GE 104: Readings in Philippine History,,,"Mon|09:00-11:00, Thu|15:00-17:00, Fri|18:00-20:00, Tue|10:00-12:00",3,1,Senior IT Student,"Computer Programming, GE 104: Readings in Philippine History","Data Structures, Modular Programming","1D/2D Manipulation, Variable Scope & Lifetime","Mon|09:00-11:00, Sat|09:00-11:00, Thu|15:00-17:00, Tue|10:00-12:00",3,3,5,3,0.5493
"Intro to Human Computer Interaction, Introduction to Computing","HCI Principles & Guidelines, Computer Networks Basics, High-Fidelity Design & Documentation, History & Hardware Evolution","HCI Principles & Paradigms, Client-Server Architecture, Design Systems Documentation, Computing Generations","Wed|13:00-15:00, Fri|18:00-20:00",4,1,Instructor,"IT Fundamentals, Computer Programming, Intro to Human Computer Interaction","Interaction Design & Cognitive Models, Web Styling, Modular Programming, Client-Side Scripting, Command Line & Web Infra","Human Information Processing, Box Model, Parameters & Return Values, DOM Manipulation, HTTP Request Methods","Fri|18:00-20:00, Wed|13:00-15:00",6,2,4,4,0.2872
"IT Fundamentals, Computer Programming","Data Structures, Web Markup, Control Structures, Web Styling","Linear/Binary Searching, Media & Tables, Loop Control, Forms & Inputs, CSS Selectors","Fri|18:00-20:00, Tue|10:00-12:00, Sat|09:00-11:00",4,1,Instructor,"Computer Programming, IT Fundamentals, Intro to Human Computer Interaction","Data Structures, Command Line & Web Infra, Web Styling, Web Markup, Control Structures","Array Creation, CLI Navigation, CSS Selectors, Domain Name System (DNS), Forms & Inputs, Linear/Binary Searching, Loop Control, Media & Tables","Fri|18:00-20:00, Sat|09:00-11:00, Tue|10:00-12:00",3,3,5,4,0.7511
"Computer Programming, Intro to Human Computer Interaction, IT Fundamentals","Interaction Design & Cognitive Models, HCI Principles & Guidelines, Command Line & Web Infra","Interaction Design Frameworks, System Prototype Proposal, HTTP Request Methods","Sat|09:00-11:00, Tue|10:00-12:00, Mon|09:00-11:00, Thu|15:00-17:00",2,1,Instructor,"Computer Programming, IT Fundamentals, Introduction to Computing","History & Hardware Evolution, Debugging & Execution","Processor Architecture, Syntax Errors","Wed|13:00-15:00, Sat|09:00-11:00, Thu|15:00-17:00",14,8,4,4,0.3101
Introduction to Computing,"History & Hardware Evolution, Digital Logic & Data Representation, Operating Systems & Architecture","Memory & Storage Types, Boolean Logic Gates, Binary/Octal/Hex Conversions, OS Fundamentals","Wed|13:00-15:00, Mon|09:00-11:00, Tue|10:00-12:00, Thu|15:00-17:00",2,1,Instructor,"Computer Programming, GE 104: Readings in Philippine History, IT Fundamentals, Intro to Human Computer Interaction","Debugging & Execution, User Research & Behavioral Mapping, Modular Programming, HCI Principles & Guidelines","Logic Troubleshooting, Customer Journey Mapping, Function Definitions, System Prototype Proposal","Sat|09:00-11:00, Tue|10:00-12:00",5,3,4,4,0.1124
"Intro to Human Computer Interaction, IT Fundamentals","Client-Side Scripting, User Research & Behavioral Mapping, HCI Principles & Guidelines","JavaScript Syntax, User Research & Analysis, System Prototype Proposal","Mon|09:00-11:00, Thu|15:00-17:00, Sat|09:00-11:00",3,1,Senior IT Student,"Introduction to Computing, Intro to Human Computer Interaction, IT Fundamentals","Command Line & Web Infra, History & Hardware Evolution, Operating Systems & Architecture","HTTP Request Methods, Memory & Storage Types, OS Fundamentals","Fri|18:00-20:00, Wed|13:00-15:00, Thu|15:00-17:00, Tue|10:00-12:00",1,1,5,3,0.3353
"IT Fundamentals, Intro to Human Computer Interaction","Client-Side Scripting, Command Line & Web Infra, Prototyping & UI Tooling","JavaScript Syntax, Domain Name System (DNS), Wireframe Sketching, HTTP Request Methods","Fri|18:00-20:00, Mon|09:00-11:00, Wed|13:00-15:00",3,1,Senior IT Student,"Computer Programming, IT Fundamentals, Intro to Human Computer Interaction, Introduction to Computing","Web Styling, Command Line & Web Infra, Modular Programming, Client-Side Scripting, User Research & Behavioral Mapping, Prototyping & UI Tooling","Box Model, Domain Name System (DNS), Function Definitions, HTTP Request Methods, JavaScript Syntax, User Flow Diagrams, Wireframe Sketching","Fri|18:00-20:00, Mon|09:00-11:00, Tue|10:00-12:00, Wed|13:00-15:00",2,0,5,4,0.6087
"Introduction to Computing, IT Fundamentals","Command Line & Web Infra, Computer Networks Basics, Client-Side Scripting","Domain Name System (DNS), OSI Model Layers, Event Listeners","Tue|10:00-12:00, Fri|18:00-20:00, Thu|15:00-17:00",4,1,Instructor,"Computer Programming, IT Fundamentals, Intro to Human Computer Interaction, Introduction to Computing","Data Structures, Digital Logic & Data Representation, Command Line & Web Infra, Client-Side Scripting, Computer Networks Basics, Operating Systems & Architecture","Basic Sorting Algorithms, Data Encoding (ASCII/Unicode), Domain Name System (DNS), Event Listeners, OSI Model Layers, Process Management","Fri|18:00-20:00, Tue|10:00-12:00, Wed|13:00-15:00",11,11,4,4,0.5781
Computer Programming,"Data Structures, Debugging & Execution, Modular Programming","1D/2D Manipulation, Syntax Errors, Parameters & Return Values","Tue|10:00-12:00, Thu|15:00-17:00, Mon|09:00-11:00",4,1,Senior IT Student,Computer Programming,"Debugging & Execution, Control Structures, Data Structures","Logic Troubleshooting, Conditional Logic, Console Debugging Techniques, Basic Sorting Algorithms","Mon|09:00-11:00, Tue|10:00-12:00, Wed|13:00-15:00, Fri|18:00-20:00",3,3,4,3,0.6431
"Computer Programming, IT Fundamentals, Intro to Human Computer Interaction, NSTP 1: Civic Welfare Training Service","Client-Side Scripting, Command Line & Web Infra, Prototyping & UI Tooling, HCI Principles & Guidelines, Web Markup","DOM Manipulation, Domain Name System (DNS), Figma UI Design, Guideline Categories of HCI, Forms & Inputs","Wed|13:00-15:00, Mon|09:00-11:00",3,1,Senior IT Student,"Introduction to Computing, IT Fundamentals","Web Markup, Web Styling, Command Line & Web Infra, History & Hardware Evolution","HTML5 Semantic Elements, Responsive Layouts, Domain Name System (DNS), Computing Generations","Wed|13:00-15:00, Sat|09:00-11:00, Tue|10:00-12:00",2,1,3,4,0.3172
Introduction to Computing,"Operating Systems & Architecture, Digital Logic & Data Representation, History & Hardware Evolution","Process Management, Data Encoding (ASCII/Unicode), Memory & Storage Types, Boolean Logic Gates, Binary/Octal/Hex Conversions","Sat|09:00-11:00, Thu|15:00-17:00, Tue|10:00-12:00",4,1,Instructor,"Introduction to Computing, IT Fundamentals, Computer Programming, Intro to Human Computer Interaction","Operating Systems & Architecture, Web Styling, User Research & Behavioral Mapping, Debugging & Execution, Data Structures","Process Management, Flexbox & Grid, User Flow Diagrams, Logic Troubleshooting, Linear/Binary Searching","Thu|15:00-17:00, Mon|09:00-11:00, Wed|13:00-15:00, Fri|18:00-20:00",10,6,4,4,0.2919
"Computer Programming, IT Fundamentals, Introduction to Computing","Digital Logic & Data Representation, Command Line & Web Infra, Web Styling","Data Encoding (ASCII/Unicode), HTTP Request Methods, Responsive Layouts","Tue|10:00-12:00, Mon|09:00-11:00, Thu|15:00-17:00, Sat|09:00-11:00",4,1,Instructor,"Computer Programming, Intro to Human Computer Interaction, Introduction to Computing","User Research & Behavioral Mapping, Debugging & Execution, Computer Networks Basics, High-Fidelity Design & Documentation","User Research & Analysis, Console Debugging Techniques, Network Topologies, Design Systems Documentation","Tue|10:00-12:00, Wed|13:00-15:00",14,6,3,4,0.2858
"GE EL 108: Philippine Indigenous Communities, GE 108: Understanding the Self",,,"Tue|10:00-12:00, Sat|09:00-11:00",5,1,Instructor,"Computer Programming, GE EL 108: Philippine Indigenous Communities","Data Structures, Debugging & Execution, Control Structures","Basic Sorting Algorithms, Syntax Errors, Iteration Patterns","Mon|09:00-11:00, Wed|13:00-15:00",5,2,4,4,0.3764
"Intro to Human Computer Interaction, Introduction to Computing","User Research & Behavioral Mapping, HCI Principles & Guidelines, Interaction Design & Cognitive Models, High-Fidelity Design & Documentation","User Flow Diagrams, Guideline Categories of HCI, Interaction Design Frameworks, Design Systems Documentation","Wed|13:00-15:00, Fri|18:00-20:00, Tue|10:00-12:00",5,1,Instructor,"Intro to Human Computer Interaction, Introduction to Computing","High-Fidelity Design & Documentation, HCI Principles & Guidelines, Interaction Design & Cognitive Models, Operating Systems & Architecture, User Research & Behavioral Mapping, Prototyping & UI Tooling","Design Systems Documentation, Guideline Categories of HCI, Interaction Design Frameworks, Process Management, User Flow Diagrams, Wireframe Sketching","Fri|18:00-20:00, Thu|15:00-17:00, Wed|13:00-15:00",4,2,4,4,0.8037
"Computer Programming, Introduction to Computing, Intro to Human Computer Interaction","Data Structures, High-Fidelity Design & Documentation, Debugging & Execution, Computer Networks Basics, User Research & Behavioral Mapping","Basic Sorting Algorithms, Design Systems Documentation, Logic Troubleshooting, Client-Server Architecture, User Research & Analysis","Sat|09:00-11:00, Thu|15:00-17:00, Wed|13:00-15:00, Fri|18:00-20:00",3,1,Senior IT Student,"Computer Programming, Intro to Human Computer Interaction, Introduction to Computing, IT Fundamentals","Command Line & Web Infra, Operating Systems & Architecture, Digital Logic & Data Representation, Data Structures, Computer Networks Basics","HTTP Request Methods, Process Management, Data Encoding (ASCII/Unicode), 1D/2D Manipulation, Client-Server Architecture","Sat|09:00-11:00, Tue|10:00-12:00, Mon|09:00-11:00, Wed|13:00-15:00",1,0,3,3,0.4784
Computer Programming,"Control Structures, Modular Programming, Data Structures","Iteration Patterns, Conditional Logic, Parameters & Return Values, 1D/2D Manipulation, Loop Control","Mon|09:00-11:00, Fri|18:00-20:00",3,1,Instructor,"Computer Programming, Intro to Human Computer Interaction, Introduction to Computing","Control Structures, Operating Systems & Architecture, User Research & Behavioral Mapping","Iteration Patterns, Process Management, User Research & Analysis","Fri|18:00-20:00, Thu|15:00-17:00, Tue|10:00-12:00, Wed|13:00-15:00",14,7,4,4,0.3336
"Computer Programming, IT Fundamentals, PE 1: PATH FIT 1 - Movement Enhancement","Data Structures, Modular Programming","1D/2D Manipulation, Variable Scope & Lifetime, Basic Sorting Algorithms","Fri|18:00-20:00, Sat|09:00-11:00",3,1,Senior IT Student,"Computer Programming, IT Fundamentals, Introduction to Computing","Web Styling, Command Line & Web Infra, Debugging & Execution","CSS Selectors, Domain Name System (DNS), Syntax Errors","Thu|15:00-17:00, Mon|09:00-11:00, Wed|13:00-15:00",2,0,4,3,0.251
"Computer Programming, IT Fundamentals, Intro to Human Computer Interaction","User Research & Behavioral Mapping, High-Fidelity Design & Documentation, Debugging & Execution, HCI Principles & Guidelines, Modular Programming","Customer Journey Mapping, Design Systems Documentation, Syntax Errors, HCI Principles & Paradigms, Variable Scope & Lifetime","Thu|15:00-17:00, Sat|09:00-11:00, Mon|09:00-11:00",4,1,Senior IT Student,"Intro to Human Computer Interaction, Introduction to Computing, Computer Programming, IT Fundamentals","Command Line & Web Infra, Digital Logic & Data Representation, Prototyping & UI Tooling, History & Hardware Evolution","Domain Name System (DNS), Boolean Logic Gates, Figma UI Design, Processor Architecture","Thu|15:00-17:00, Mon|09:00-11:00",1,1,3,4,0.428
NSTP 2: Civic Welfare Training Service,,,"Fri|18:00-20:00, Wed|13:00-15:00",5,1,Senior IT Student,"Intro to Human Computer Interaction, Introduction to Computing, NSTP 2: Civic Welfare Training Service","Prototyping & UI Tooling, Computer Networks Basics","Design System & Components, Client-Server Architecture","Tue|10:00-12:00, Wed|13:00-15:00, Thu|15:00-17:00",3,0,4,3,0.4408
"Computer Programming, Introduction to Computing, Intro to Human Computer Interaction","Data Structures, Computer Networks Basics, History & Hardware Evolution, HCI Principles & Guidelines","Array Creation, OSI Model Layers, Memory & Storage Types, Guideline Categories of HCI","Thu|15:00-17:00, Tue|10:00-12:00, Sat|09:00-11:00, Fri|18:00-20:00",4,1,Senior IT Student,"Computer Programming, Intro to Human Computer Interaction","Control Structures, Modular Programming, HCI Principles & Guidelines, High-Fidelity Design & Documentation","Iteration Patterns, Variable Scope & Lifetime, HCI Principles & Paradigms, High-Fidelity Prototyping","Mon|09:00-11:00, Sat|09:00-11:00, Fri|18:00-20:00",2,2,3,3,0.3722
"Intro to Human Computer Interaction, Introduction to Computing, Computer Programming","Prototyping & UI Tooling, Data Structures, Modular Programming","Wireframe Sketching, Linear/Binary Searching, Basic Sorting Algorithms, Function Definitions, Variable Scope & Lifetime","Mon|09:00-11:00, Thu|15:00-17:00, Sat|09:00-11:00, Wed|13:00-15:00",3,1,Instructor,"Computer Programming, IT Fundamentals, Intro to Human Computer Interaction, Introduction to Computing","Data Structures, Digital Logic & Data Representation, Modular Programming, User Research & Behavioral Mapping, Prototyping & UI Tooling","Basic Sorting Algorithms, Binary/Octal/Hex Conversions, Boolean Logic Gates, Function Definitions, Linear/Binary Searching, User Flow Diagrams, Variable Scope & Lifetime, Wireframe Sketching","Fri|18:00-20:00, Mon|09:00-11:00, Thu|15:00-17:00",5,2,4,4,0.6697
GE 105: Mathematics in the Modern World,,,"Thu|15:00-17:00, Tue|10:00-12:00, Wed|13:00-15:00",2,1,Instructor,"IT Fundamentals, Computer Programming","Web Styling, Web Markup, Debugging & Execution, Modular Programming","Responsive Layouts, HTML5 Semantic Elements, Syntax Errors, Function Definitions","Fri|18:00-20:00, Mon|09:00-11:00, Thu|15:00-17:00, Wed|13:00-15:00",6,4,5,4,0.2389
"GE EL 108: Philippine Indigenous Communities, GE 104: Readings in Philippine History",,,"Mon|09:00-11:00, Sat|09:00-11:00, Wed|13:00-15:00",5,1,Instructor,NSTP 1: Civic Welfare Training Service,,,"Tue|10:00-12:00, Wed|13:00-15:00",4,3,5,4,0.239
"IT Fundamentals, Computer Programming","Debugging & Execution, Client-Side Scripting, Web Styling, Control Structures, Modular Programming","Console Debugging Techniques, DOM Manipulation, CSS Selectors, Conditional Logic, Parameters & Return Values","Tue|10:00-12:00, Sat|09:00-11:00, Wed|13:00-15:00",5,1,Instructor,"IT Fundamentals, Introduction to Computing","Client-Side Scripting, Web Markup","Event Listeners, Forms & Inputs","Thu|15:00-17:00, Sat|09:00-11:00",3,2,4,4,0.2858
"IT Fundamentals, Introduction to Computing, Computer Programming","Client-Side Scripting, Operating Systems & Architecture, Control Structures, Modular Programming","DOM Manipulation, Process Management, Loop Control, Function Definitions","Sat|09:00-11:00, Thu|15:00-17:00, Tue|10:00-12:00, Mon|09:00-11:00",2,1,Senior IT Student,"Computer Programming, IT Fundamentals, Introduction to Computing","Data Structures, Client-Side Scripting, Modular Programming, Control Structures, Operating Systems & Architecture","Array Creation, DOM Manipulation, Function Definitions, Loop Control, Process Management","Sat|09:00-11:00, Thu|15:00-17:00, Wed|13:00-15:00",3,3,5,4,0.8058
"Computer Programming, IT Fundamentals, Introduction to Computing","Web Styling, Web Markup, History & Hardware Evolution","CSS Selectors, Media & Tables, Processor Architecture","Thu|15:00-17:00, Mon|09:00-11:00",5,1,Instructor,"Computer Programming, IT Fundamentals, Introduction to Computing","Web Styling, Modular Programming, Web Markup, History & Hardware Evolution","CSS Selectors, Function Definitions, Media & Tables, Processor Architecture","Mon|09:00-11:00, Thu|15:00-17:00",6,3,5,4,0.8846
Introduction to Computing,"Digital Logic & Data Representation, Computer Networks Basics","Boolean Logic Gates, OSI Model Layers, Binary/Octal/Hex Conversions, Network Topologies, Data Encoding (ASCII/Unicode)","Thu|15:00-17:00, Mon|09:00-11:00, Sat|09:00-11:00",5,1,Senior IT Student,"Intro to Human Computer Interaction, Introduction to Computing, Computer Programming","HCI Principles & Guidelines, Interaction Design & Cognitive Models","System Prototype Proposal, HCI Principles & Paradigms, Interaction Design Frameworks","Fri|18:00-20:00, Mon|09:00-11:00, Thu|15:00-17:00",3,3,3,4,0.2457
"Computer Programming, IT Fundamentals, NSTP 2: Civic Welfare Training Service","Command Line & Web Infra, Debugging & Execution","CLI Navigation, HTTP Request Methods, Logic Troubleshooting, Domain Name System (DNS)","Fri|18:00-20:00, Sat|09:00-11:00, Wed|13:00-15:00, Mon|09:00-11:00",5,1,Instructor,GE 108: Understanding the Self,,,"Mon|09:00-11:00, Fri|18:00-20:00",6,5,4,4,0.1423
"Computer Programming, IT Fundamentals","Data Structures, Web Markup","1D/2D Manipulation, Basic Sorting Algorithms, HTML5 Semantic Elements","Sat|09:00-11:00, Wed|13:00-15:00, Fri|18:00-20:00, Tue|10:00-12:00",4,1,Senior IT Student,"Computer Programming, Introduction to Computing","Digital Logic & Data Representation, Control Structures, Data Structures","Binary/Octal/Hex Conversions, Loop Control, Linear/Binary Searching","Wed|13:00-15:00, Tue|10:00-12:00, Sat|09:00-11:00, Mon|09:00-11:00",4,3,3,3,0.3324
Computer Programming,"Data Structures, Modular Programming, Debugging & Execution","Basic Sorting Algorithms, Parameters & Return Values, Console Debugging Techniques, Syntax Errors, 1D/2D Manipulation","Tue|10:00-12:00, Mon|09:00-11:00",3,1,Instructor,"Computer Programming, Intro to Human Computer Interaction","Prototyping & UI Tooling, Interaction Design & Cognitive Models, Modular Programming","Figma UI Design, Design System & Components, Interaction Design Frameworks, Parameters & Return Values","Tue|10:00-12:00, Wed|13:00-15:00, Fri|18:00-20:00",5,3,3,4,0.3818
Computer Programming,"Control Structures, Data Structures","Iteration Patterns, 1D/2D Manipulation, Loop Control, Array Creation","Fri|18:00-20:00, Mon|09:00-11:00",2,1,Instructor,"Computer Programming, IT Fundamentals, Introduction to Computing","Computer Networks Basics, Web Styling, Modular Programming, History & Hardware Evolution","Network Topologies, CSS Selectors, Parameters & Return Values, Computing Generations","Wed|13:00-15:00, Sat|09:00-11:00, Mon|09:00-11:00, Fri|18:00-20:00",8,3,3,4,0.3134
"Introduction to Computing, IT Fundamentals","Digital Logic & Data Representation, Command Line & Web Infra, Web Markup, Client-Side Scripting","Binary/Octal/Hex Conversions, Domain Name System (DNS), CLI Navigation, HTML5 Semantic Elements, DOM Manipulation","Sat|09:00-11:00, Fri|18:00-20:00, Tue|10:00-12:00",4,1,Senior IT Student,"Computer Programming, Intro to Human Computer Interaction, Introduction to Computing","Prototyping & UI Tooling, Modular Programming, Digital Logic & Data Representation, Data Structures","Design System & Components, Variable Scope & Lifetime, Boolean Logic Gates, Linear/Binary Searching","Tue|10:00-12:00, Fri|18:00-20:00",4,1,3,4,0.277
"Computer Programming, GE 104: Readings in Philippine History, GE 108: Understanding the Self, IT Fundamentals, Introduction to Computing","Data Structures, History & Hardware Evolution, Web Markup","1D/2D Manipulation, Processor Architecture, Media & Tables","Sat|09:00-11:00, Thu|15:00-17:00, Mon|09:00-11:00",5,1,Instructor,"Computer Programming, GE 104: Readings in Philippine History, Introduction to Computing","Debugging & Execution, Control Structures, Data Structures","Console Debugging Techniques, Loop Control, Array Creation","Sat|09:00-11:00, Mon|09:00-11:00",6,2,3,4,0.3924
"Introduction to Computing, Intro to Human Computer Interaction, IT Fundamentals","Digital Logic & Data Representation, HCI Principles & Guidelines, Operating Systems & Architecture, Web Styling","Data Encoding (ASCII/Unicode), HCI Principles & Paradigms, File Systems & Permissions, Flexbox & Grid","Thu|15:00-17:00, Tue|10:00-12:00, Wed|13:00-15:00, Fri|18:00-20:00",4,1,Senior IT Student,"Introduction to Computing, Intro to Human Computer Interaction, IT Fundamentals, Computer Programming","Client-Side Scripting, Web Markup, Computer Networks Basics","JavaScript Syntax, Forms & Inputs, Network Topologies","Thu|15:00-17:00, Tue|10:00-12:00, Wed|13:00-15:00",1,0,3,3,0.4145
"Intro to Human Computer Interaction, IT Fundamentals, Introduction to Computing","Web Markup, User Research & Behavioral Mapping, Web Styling","Forms & Inputs, Customer Journey Mapping, Flexbox & Grid","Mon|09:00-11:00, Fri|18:00-20:00, Wed|13:00-15:00",2,1,Instructor,"Intro to Human Computer Interaction, Introduction to Computing","Interaction Design & Cognitive Models, User Research & Behavioral Mapping, History & Hardware Evolution, Digital Logic & Data Representation","Human Information Processing, User Research & Analysis, Computing Generations, Binary/Octal/Hex Conversions","Fri|18:00-20:00, Tue|10:00-12:00, Thu|15:00-17:00",13,12,3,4,0.3879
"Introduction to Computing, Computer Programming","Computer Networks Basics, Operating Systems & Architecture, Debugging & Execution, History & Hardware Evolution","Client-Server Architecture, File Systems & Permissions, Syntax Errors, Memory & Storage Types, Computing Generations","Sat|09:00-11:00, Tue|10:00-12:00",3,1,Instructor,"Introduction to Computing, Intro to Human Computer Interaction, Computer Programming","Computer Networks Basics, Digital Logic & Data Representation, Prototyping & UI Tooling, Operating Systems & Architecture","Network Topologies, Data Encoding (ASCII/Unicode), Wireframe Sketching, File Systems & Permissions","Wed|13:00-15:00, Thu|15:00-17:00, Fri|18:00-20:00",15,8,4,4,0.4284
"IT Fundamentals, Introduction to Computing, Intro to Human Computer Interaction","User Research & Behavioral Mapping, Prototyping & UI Tooling, History & Hardware Evolution, Computer Networks Basics, Web Styling","Customer Journey Mapping, Figma UI Design, Processor Architecture, Client-Server Architecture, Flexbox & Grid","Sat|09:00-11:00, Thu|15:00-17:00, Tue|10:00-12:00, Wed|13:00-15:00",2,1,Senior IT Student,"IT Fundamentals, Intro to Human Computer Interaction","Web Styling, Web Markup, Command Line & Web Infra","CSS Selectors, Forms & Inputs, Domain Name System (DNS)","Fri|18:00-20:00, Thu|15:00-17:00",3,3,3,4,0.3712
"Computer Programming, NSTP 2: Civic Welfare Training Service","Control Structures, Debugging & Execution, Data Structures","Loop Control, Logic Troubleshooting, Basic Sorting Algorithms, Linear/Binary Searching, Console Debugging Techniques","Mon|09:00-11:00, Fri|18:00-20:00, Sat|09:00-11:00, Tue|10:00-12:00",4,1,Senior IT Student,"Computer Programming, Introduction to Computing, NSTP 2: Civic Welfare Training Service","Data Structures, Debugging & Execution, Control Structures","Basic Sorting Algorithms, Console Debugging Techniques, Iteration Patterns, Linear/Binary Searching, Logic Troubleshooting, Loop Control","Fri|18:00-20:00, Mon|09:00-11:00, Thu|15:00-17:00",4,1,4,3,0.7933
"Intro to Human Computer Interaction, Computer Programming","Debugging & Execution, Modular Programming, HCI Principles & Guidelines","Console Debugging Techniques, Function Definitions, Variable Scope & Lifetime, HCI Principles & Paradigms","Mon|09:00-11:00, Tue|10:00-12:00, Sat|09:00-11:00",5,1,Instructor,"Intro to Human Computer Interaction, Computer Programming","Data Structures, Modular Programming, Prototyping & UI Tooling","1D/2D Manipulation, Variable Scope & Lifetime, Wireframe Sketching, Linear/Binary Searching","Tue|10:00-12:00, Wed|13:00-15:00, Mon|09:00-11:00",14,5,5,4,0.5961
Computer Programming,"Data Structures, Control Structures","Array Creation, Basic Sorting Algorithms, Iteration Patterns","Fri|18:00-20:00, Sat|09:00-11:00, Mon|09:00-11:00, Wed|13:00-15:00",4,1,Instructor,"Computer Programming, Intro to Human Computer Interaction, Introduction to Computing","Prototyping & UI Tooling, History & Hardware Evolution","Design System & Components, Processor Architecture","Wed|13:00-15:00, Mon|09:00-11:00",4,3,3,4,0.2583
Computer Programming,"Control Structures, Debugging & Execution, Data Structures, Modular Programming","Conditional Logic, Console Debugging Techniques, Array Creation, Variable Scope & Lifetime, Loop Control","Tue|10:00-12:00, Fri|18:00-20:00, Sat|09:00-11:00",5,1,Senior IT Student,"Computer Programming, Introduction to Computing","Data Structures, Control Structures, Debugging & Execution, History & Hardware Evolution, Modular Programming","Array Creation, Conditional Logic, Console Debugging Techniques, Loop Control, Memory & Storage Types, Syntax Errors, Variable Scope & Lifetime","Fri|18:00-20:00, Mon|09:00-11:00, Tue|10:00-12:00, Wed|13:00-15:00",4,4,5,4,0.6723
"IT Fundamentals, Introduction to Computing, Intro to Human Computer Interaction","User Research & Behavioral Mapping, Web Styling, Client-Side Scripting, Web Markup, High-Fidelity Design & Documentation","User Flow Diagrams, Responsive Layouts, Event Listeners, Forms & Inputs, Design Systems Documentation","Thu|15:00-17:00, Fri|18:00-20:00, Mon|09:00-11:00",3,1,Instructor,NSTP 1: Civic Welfare Training Service,,,"Fri|18:00-20:00, Sat|09:00-11:00",15,13,4,4,0.1405
"IT Fundamentals, Computer Programming, Introduction to Computing","History & Hardware Evolution, Web Markup, Debugging & Execution, Control Structures","Processor Architecture, Media & Tables, Logic Troubleshooting, Iteration Patterns","Fri|18:00-20:00, Sat|09:00-11:00",2,1,Instructor,"Computer Programming, IT Fundamentals, Intro to Human Computer Interaction, Introduction to Computing","Control Structures, Debugging & Execution, Web Markup, Computer Networks Basics, History & Hardware Evolution","Iteration Patterns, Logic Troubleshooting, Media & Tables, OSI Model Layers, Processor Architecture","Fri|18:00-20:00, Mon|09:00-11:00, Sat|09:00-11:00",10,7,4,4,0.7843
IT Fundamentals,"Web Markup, Command Line & Web Infra, Client-Side Scripting","Forms & Inputs, HTTP Request Methods, Media & Tables, JavaScript Syntax","Thu|15:00-17:00, Wed|13:00-15:00, Sat|09:00-11:00",5,1,Instructor,"Computer Programming, IT Fundamentals, Introduction to Computing","History & Hardware Evolution, Web Markup, Command Line & Web Infra, Client-Side Scripting","Computing Generations, Forms & Inputs, HTTP Request Methods, JavaScript Syntax, Media & Tables","Sat|09:00-11:00, Thu|15:00-17:00, Tue|10:00-12:00, Wed|13:00-15:00",8,2,5,4,0.6715
"Introduction to Computing, IT Fundamentals","Command Line & Web Infra, Operating Systems & Architecture","Domain Name System (DNS), Process Management, CLI Navigation","Mon|09:00-11:00, Tue|10:00-12:00, Sat|09:00-11:00, Fri|18:00-20:00",4,1,Instructor,"GE 108: Understanding the Self, GE 104: Readings in Philippine History",,,"Mon|09:00-11:00, Sat|09:00-11:00, Tue|10:00-12:00",10,10,5,4,0.1718
"Intro to Human Computer Interaction, Introduction to Computing","Prototyping & UI Tooling, Operating Systems & Architecture, History & Hardware Evolution","Design System & Components, OS Fundamentals, Memory & Storage Types","Sat|09:00-11:00, Thu|15:00-17:00",2,1,Senior IT Student,"Computer Programming, IT Fundamentals, Introduction to Computing","Command Line & Web Infra, Data Structures","Domain Name System (DNS), Array Creation, CLI Navigation","Mon|09:00-11:00, Thu|15:00-17:00",2,0,4,4,0.2033
"Computer Programming, GE 104: Readings in Philippine History, GE 105: Mathematics in the Modern World","Data Structures, Debugging & Execution, Control Structures","Array Creation, Syntax Errors, 1D/2D Manipulation, Iteration Patterns, Loop Control","Thu|15:00-17:00, Wed|13:00-15:00",3,1,Senior IT Student,"Computer Programming, IT Fundamentals, Intro to Human Computer Interaction","Prototyping & UI Tooling, Command Line & Web Infra, Control Structures, High-Fidelity Design & Documentation","Design System & Components, Domain Name System (DNS), Loop Control, Figma UI Design, Design Systems Documentation","Sat|09:00-11:00, Wed|13:00-15:00, Mon|09:00-11:00, Thu|15:00-17:00",2,1,3,3,0.3331
"IT Fundamentals, Introduction to Computing","History & Hardware Evolution, Client-Side Scripting, Digital Logic & Data Representation, Computer Networks Basics, Web Markup","Computing Generations, DOM Manipulation, Binary/Octal/Hex Conversions, OSI Model Layers, HTML5 Semantic Elements","Tue|10:00-12:00, Thu|15:00-17:00, Mon|09:00-11:00",2,1,Instructor,"Computer Programming, IT Fundamentals, Intro to Human Computer Interaction, Introduction to Computing","Digital Logic & Data Representation, Prototyping & UI Tooling, Control Structures","Boolean Logic Gates, Design System & Components, Loop Control","Wed|13:00-15:00, Fri|18:00-20:00, Mon|09:00-11:00",8,2,5,4,0.3145
"Intro to Human Computer Interaction, Computer Programming","Control Structures, Data Structures, Debugging & Execution, Prototyping & UI Tooling, Interaction Design & Cognitive Models","Loop Control, Array Creation, Logic Troubleshooting, Design System & Components, Interaction Design Frameworks","Thu|15:00-17:00, Sat|09:00-11:00",3,1,Instructor,"IT Fundamentals, Intro to Human Computer Interaction, Computer Programming","Web Styling, Web Markup, Control Structures, Data Structures","Responsive Layouts, Flexbox & Grid, Forms & Inputs, Loop Control, Linear/Binary Searching","Fri|18:00-20:00, Mon|09:00-11:00, Wed|13:00-15:00, Tue|10:00-12:00",13,9,4,4,0.403
"Intro to Human Computer Interaction, Introduction to Computing, IT Fundamentals","Computer Networks Basics, Web Styling, Web Markup","Network Topologies, Box Model, Forms & Inputs","Sat|09:00-11:00, Thu|15:00-17:00, Mon|09:00-11:00, Tue|10:00-12:00",3,1,Senior IT Student,"Computer Programming, IT Fundamentals, Intro to Human Computer Interaction","Web Markup, Control Structures, HCI Principles & Guidelines","Media & Tables, Loop Control, HCI Principles & Paradigms, Iteration Patterns","Mon|09:00-11:00, Tue|10:00-12:00",3,1,4,4,0.3809
"Intro to Human Computer Interaction, NSTP 2: Civic Welfare Training Service","Prototyping & UI Tooling, User Research & Behavioral Mapping, HCI Principles & Guidelines","Design System & Components, Customer Journey Mapping, System Prototype Proposal","Wed|13:00-15:00, Fri|18:00-20:00, Tue|10:00-12:00",4,1,Instructor,"Intro to Human Computer Interaction, IT Fundamentals","User Research & Behavioral Mapping, Prototyping & UI Tooling, HCI Principles & Guidelines","User Research & Analysis, Design System & Components, Customer Journey Mapping, System Prototype Proposal, HCI Principles & Paradigms","Fri|18:00-20:00, Sat|09:00-11:00",3,2,5,4,0.6243
GE 105: Mathematics in the Modern World,,,"Sat|09:00-11:00, Wed|13:00-15:00, Tue|10:00-12:00, Mon|09:00-11:00",5,1,Senior IT Student,"GE 105: Mathematics in the Modern World, Intro to Human Computer Interaction","Prototyping & UI Tooling, HCI Principles & Guidelines","Design System & Components, HCI Principles & Paradigms","Mon|09:00-11:00, Sat|09:00-11:00, Tue|10:00-12:00, Wed|13:00-15:00",4,4,4,3,0.6016
GE 108: Understanding the Self,,,"Thu|15:00-17:00, Wed|13:00-15:00",3,1,Instructor,"GE 108: Understanding the Self, Intro to Human Computer Interaction","User Research & Behavioral Mapping, Prototyping & UI Tooling","User Flow Diagrams, Design System & Components","Tue|10:00-12:00, Thu|15:00-17:00",8,7,4,4,0.5913
"GE 108: Understanding the Self, IT Fundamentals","Web Styling, Client-Side Scripting, Command Line & Web Infra","Flexbox & Grid, JavaScript Syntax, Event Listeners, CLI Navigation","Mon|09:00-11:00, Tue|10:00-12:00, Wed|13:00-15:00, Sat|09:00-11:00",3,1,Instructor,"Computer Programming, GE 108: Understanding the Self","Control Structures, Data Structures","Conditional Logic, Array Creation, Loop Control","Tue|10:00-12:00, Sat|09:00-11:00, Mon|09:00-11:00",7,4,3,4,0.2909
"IT Fundamentals, Computer Programming","Control Structures, Data Structures, Command Line & Web Infra, Web Styling","Loop Control, Array Creation, HTTP Request Methods, Responsive Layouts","Tue|10:00-12:00, Sat|09:00-11:00, Wed|13:00-15:00",4,1,Instructor,"Computer Programming, IT Fundamentals","Web Markup, Web Styling, Command Line & Web Infra, Modular Programming","HTML5 Semantic Elements, Responsive Layouts, CLI Navigation, Parameters & Return Values","Thu|15:00-17:00, Sat|09:00-11:00, Tue|10:00-12:00, Wed|13:00-15:00",12,3,5,4,0.6435
"GE 104: Readings in Philippine History, GE 105: Mathematics in the Modern World, Intro to Human Computer Interaction","Prototyping & UI Tooling, User Research & Behavioral Mapping, HCI Principles & Guidelines","Design System & Components, Wireframe Sketching, User Research & Analysis, Customer Journey Mapping, HCI Principles & Paradigms","Tue|10:00-12:00, Wed|13:00-15:00",4,1,Instructor,"Computer Programming, GE 104: Readings in Philippine History, GE 105: Mathematics in the Modern World, Intro to Human Computer Interaction","Data Structures, User Research & Behavioral Mapping, Prototyping & UI Tooling, HCI Principles & Guidelines, High-Fidelity Design & Documentation, Debugging & Execution","1D/2D Manipulation, Customer Journey Mapping, Design System & Components, HCI Principles & Paradigms, High-Fidelity Prototyping, Logic Troubleshooting, User Research & Analysis, Wireframe Sketching","Mon|09:00-11:00, Sat|09:00-11:00, Tue|10:00-12:00, Wed|13:00-15:00",14,7,4,4,0.7011
"Computer Programming, GE 104: Readings in Philippine History, IT Fundamentals","Web Styling, Modular Programming, Client-Side Scripting","Box Model, Parameters & Return Values, Event Listeners","Sat|09:00-11:00, Mon|09:00-11:00, Thu|15:00-17:00, Wed|13:00-15:00",4,1,Senior IT Student,"Intro to Human Computer Interaction, Introduction to Computing, Computer Programming","Data Structures, Prototyping & UI Tooling, Operating Systems & Architecture","Array Creation, Design System & Components, Process Management","Sat|09:00-11:00, Fri|18:00-20:00",1,1,3,4,0.202
"Computer Programming, Intro to Human Computer Interaction, NSTP 2: Civic Welfare Training Service","Control Structures, HCI Principles & Guidelines, Data Structures, High-Fidelity Design & Documentation","Loop Control, Iteration Patterns, System Prototype Proposal, Array Creation, Design Systems Documentation","Sat|09:00-11:00, Wed|13:00-15:00, Fri|18:00-20:00",3,1,Instructor,"Computer Programming, IT Fundamentals, Intro to Human Computer Interaction, NSTP 2: Civic Welfare Training Service","Data Structures, High-Fidelity Design & Documentation, Command Line & Web Infra, Control Structures, HCI Principles & Guidelines","Array Creation, Design Systems Documentation, HTTP Request Methods, Iteration Patterns, Loop Control, System Prototype Proposal","Sat|09:00-11:00, Thu|15:00-17:00, Wed|13:00-15:00",8,6,4,4,0.7674
"Computer Programming, GE 104: Readings in Philippine History, GE 108: Understanding the Self","Data Structures, Debugging & Execution","Array Creation, Logic Troubleshooting, Linear/Binary Searching","Mon|09:00-11:00, Sat|09:00-11:00, Wed|13:00-15:00, Fri|18:00-20:00",2,1,Senior IT Student,"Intro to Human Computer Interaction, Computer Programming, Introduction to Computing, IT Fundamentals","Prototyping & UI Tooling, Modular Programming","Wireframe Sketching, Function Definitions, Figma UI Design","Thu|15:00-17:00, Sat|09:00-11:00, Wed|13:00-15:00, Tue|10:00-12:00",1,0,4,4,0.1942
IT Fundamentals,"Web Markup, Web Styling, Client-Side Scripting","Forms & Inputs, Flexbox & Grid, DOM Manipulation, CSS Selectors, Event Listeners","Mon|09:00-11:00, Sat|09:00-11:00, Thu|15:00-17:00, Fri|18:00-20:00",3,1,Senior IT Student,"Intro to Human Computer Interaction, Introduction to Computing","Computer Networks Basics, Digital Logic & Data Representation, Prototyping & UI Tooling","Client-Server Architecture, Binary/Octal/Hex Conversions, Design System & Components, Figma UI Design, Network Topologies","Wed|13:00-15:00, Thu|15:00-17:00",1,0,3,4,0.144
"Computer Programming, GE 105: Mathematics in the Modern World, GE 108: Understanding the Self, Intro to Human Computer Interaction, Introduction to Computing","Data Structures, Modular Programming, HCI Principles & Guidelines, Control Structures","Basic Sorting Algorithms, Function Definitions, System Prototype Proposal, Conditional Logic","Tue|10:00-12:00, Wed|13:00-15:00, Mon|09:00-11:00",4,1,Instructor,"Computer Programming, GE 105: Mathematics in the Modern World, IT Fundamentals, Introduction to Computing","Client-Side Scripting, History & Hardware Evolution","Event Listeners, Processor Architecture","Tue|10:00-12:00, Thu|15:00-17:00",11,7,4,4,0.2905
Introduction to Computing,"Operating Systems & Architecture, Digital Logic & Data Representation, Computer Networks Basics","OS Fundamentals, Binary/Octal/Hex Conversions, Boolean Logic Gates, OSI Model Layers, Client-Server Architecture","Fri|18:00-20:00, Wed|13:00-15:00",4,1,Instructor,Introduction to Computing,"Digital Logic & Data Representation, History & Hardware Evolution, Computer Networks Basics","Binary/Octal/Hex Conversions, Processor Architecture, Client-Server Architecture, OSI Model Layers","Mon|09:00-11:00, Fri|18:00-20:00",6,2,4,4,0.7263
"Computer Programming, IT Fundamentals, Intro to Human Computer Interaction, NSTP 2: Civic Welfare Training Service","Debugging & Execution, Web Markup, Client-Side Scripting","Syntax Errors, HTML5 Semantic Elements, Event Listeners","Wed|13:00-15:00, Fri|18:00-20:00, Sat|09:00-11:00, Thu|15:00-17:00",2,1,Instructor,"IT Fundamentals, Intro to Human Computer Interaction, Introduction to Computing, NSTP 1: Civic Welfare Training Service","Digital Logic & Data Representation, Client-Side Scripting, Web Markup","Binary/Octal/Hex Conversions, Event Listeners, HTML5 Semantic Elements, Boolean Logic Gates","Wed|13:00-15:00, Mon|09:00-11:00",8,2,5,4,0.396
IT Fundamentals,"Web Markup, Client-Side Scripting, Web Styling, Command Line & Web Infra","HTML5 Semantic Elements, JavaScript Syntax, CSS Selectors, Domain Name System (DNS), Forms & Inputs","Mon|09:00-11:00, Fri|18:00-20:00",5,1,Instructor,"Computer Programming, IT Fundamentals","Data Structures, Web Styling, Command Line & Web Infra, Web Markup, Client-Side Scripting","Array Creation, CSS Selectors, Domain Name System (DNS), Forms & Inputs, HTML5 Semantic Elements, JavaScript Syntax","Fri|18:00-20:00, Mon|09:00-11:00, Sat|09:00-11:00, Wed|13:00-15:00",14,7,5,4,0.7613
"IT Fundamentals, Computer Programming","Client-Side Scripting, Modular Programming, Command Line & Web Infra, Data Structures","Event Listeners, Variable Scope & Lifetime, CLI Navigation, Array Creation","Fri|18:00-20:00, Thu|15:00-17:00, Mon|09:00-11:00, Tue|10:00-12:00",5,1,Instructor,"IT Fundamentals, Intro to Human Computer Interaction","Prototyping & UI Tooling, Web Styling","Wireframe Sketching, Box Model","Thu|15:00-17:00, Mon|09:00-11:00, Tue|10:00-12:00",8,3,4,4,0.2889
"Introduction to Computing, Computer Programming","Data Structures, Control Structures, Digital Logic & Data Representation, Operating Systems & Architecture","Linear/Binary Searching, Iteration Patterns, 1D/2D Manipulation, Data Encoding (ASCII/Unicode), File Systems & Permissions","Wed|13:00-15:00, Sat|09:00-11:00, Thu|15:00-17:00, Fri|18:00-20:00",4,1,Senior IT Student,"Computer Programming, Introduction to Computing","Data Structures, Digital Logic & Data Representation, Operating Systems & Architecture, Control Structures, Computer Networks Basics, Debugging & Execution","1D/2D Manipulation, Binary/Octal/Hex Conversions, Data Encoding (ASCII/Unicode), File Systems & Permissions, Iteration Patterns, Linear/Binary Searching, Network Topologies, Syntax Errors","Mon|09:00-11:00, Sat|09:00-11:00, Thu|15:00-17:00, Wed|13:00-15:00",1,0,5,4,0.8041
"Computer Programming, IT Fundamentals","Web Styling, Client-Side Scripting, Data Structures, Modular Programming, Web Markup","Box Model, DOM Manipulation, Linear/Binary Searching, Variable Scope & Lifetime, Media & Tables","Mon|09:00-11:00, Wed|13:00-15:00, Sat|09:00-11:00",4,1,Senior IT Student,"Computer Programming, GE 108: Understanding the Self, Intro to Human Computer Interaction","Data Structures, Debugging & Execution, Modular Programming, High-Fidelity Design & Documentation","1D/2D Manipulation, Logic Troubleshooting, Variable Scope & Lifetime, Design Systems Documentation","Tue|10:00-12:00, Thu|15:00-17:00, Mon|09:00-11:00, Sat|09:00-11:00",3,1,3,3,0.3102
"Computer Programming, IT Fundamentals","Debugging & Execution, Data Structures, Modular Programming","Console Debugging Techniques, Array Creation, Parameters & Return Values, Variable Scope & Lifetime","Wed|13:00-15:00, Tue|10:00-12:00, Thu|15:00-17:00, Sat|09:00-11:00",3,1,Senior IT Student,"Computer Programming, IT Fundamentals","Data Structures, Debugging & Execution, Web Markup, Modular Programming","Array Creation, Console Debugging Techniques, HTML5 Semantic Elements, Parameters & Return Values, Variable Scope & Lifetime","Tue|10:00-12:00, Wed|13:00-15:00",2,1,5,4,0.8338
Computer Programming,"Data Structures, Modular Programming, Debugging & Execution","Linear/Binary Searching, Parameters & Return Values, Syntax Errors, Console Debugging Techniques, Function Definitions","Thu|15:00-17:00, Sat|09:00-11:00, Fri|18:00-20:00",4,1,Instructor,"Computer Programming, Intro to Human Computer Interaction","High-Fidelity Design & Documentation, Data Structures","High-Fidelity Prototyping, 1D/2D Manipulation","Wed|13:00-15:00, Tue|10:00-12:00, Sat|09:00-11:00, Mon|09:00-11:00",3,3,4,4,0.3559
"GE EL 108: Philippine Indigenous Communities, Intro to Human Computer Interaction, Introduction to Computing","Interaction Design & Cognitive Models, Prototyping & UI Tooling, Digital Logic & Data Representation, History & Hardware Evolution, Computer Networks Basics","Interaction Design Frameworks, Figma UI Design, Data Encoding (ASCII/Unicode), Memory & Storage Types, Network Topologies","Mon|09:00-11:00, Sat|09:00-11:00, Fri|18:00-20:00",5,1,Senior IT Student,"Computer Programming, Introduction to Computing, IT Fundamentals","Control Structures, Web Styling, Debugging & Execution, Modular Programming","Loop Control, Responsive Layouts, Console Debugging Techniques, Function Definitions","Fri|18:00-20:00, Mon|09:00-11:00",2,2,3,3,0.1849
"GE 105: Mathematics in the Modern World, GE 108: Understanding the Self",,,"Wed|13:00-15:00, Thu|15:00-17:00",4,1,Instructor,"GE 105: Mathematics in the Modern World, GE 108: Understanding the Self, IT Fundamentals, Intro to Human Computer Interaction","Web Styling, HCI Principles & Guidelines","Box Model, CSS Selectors, HCI Principles & Paradigms","Mon|09:00-11:00, Thu|15:00-17:00, Tue|10:00-12:00, Wed|13:00-15:00",5,3,4,4,0.674
"Introduction to Computing, IT Fundamentals, Computer Programming","Control Structures, Command Line & Web Infra, Operating Systems & Architecture, Data Structures","Loop Control, HTTP Request Methods, OS Fundamentals, 1D/2D Manipulation","Thu|15:00-17:00, Tue|10:00-12:00, Mon|09:00-11:00",3,1,Instructor,"IT Fundamentals, Introduction to Computing",Operating Systems & Architecture,"Process Management, File Systems & Permissions","Thu|15:00-17:00, Mon|09:00-11:00, Wed|13:00-15:00, Fri|18:00-20:00",14,9,4,4,0.4411
"Computer Programming, Intro to Human Computer Interaction","Debugging & Execution, Interaction Design & Cognitive Models, Control Structures, Data Structures, User Research & Behavioral Mapping","Console Debugging Techniques, Interaction Design Frameworks, Iteration Patterns, Linear/Binary Searching, User Flow Diagrams","Wed|13:00-15:00, Fri|18:00-20:00",3,1,Instructor,"Computer Programming, IT Fundamentals","Modular Programming, Debugging & Execution, Control Structures, Client-Side Scripting","Variable Scope & Lifetime, Console Debugging Techniques, Iteration Patterns, JavaScript Syntax","Thu|15:00-17:00, Sat|09:00-11:00, Tue|10:00-12:00",5,4,4,4,0.3363
"IT Fundamentals, Intro to Human Computer Interaction, Introduction to Computing, NSTP 1: Civic Welfare Training Service","Web Styling, Digital Logic & Data Representation, User Research & Behavioral Mapping, HCI Principles & Guidelines","Responsive Layouts, Data Encoding (ASCII/Unicode), Boolean Logic Gates, User Flow Diagrams, Guideline Categories of HCI","Tue|10:00-12:00, Mon|09:00-11:00, Sat|09:00-11:00, Wed|13:00-15:00",4,1,Instructor,"IT Fundamentals, Intro to Human Computer Interaction, Introduction to Computing, NSTP 1: Civic Welfare Training Service","Digital Logic & Data Representation, HCI Principles & Guidelines, Interaction Design & Cognitive Models, Client-Side Scripting, Web Markup, Web Styling, User Research & Behavioral Mapping","Boolean Logic Gates, Data Encoding (ASCII/Unicode), Guideline Categories of HCI, Interaction Design Frameworks, JavaScript Syntax, Media & Tables, Responsive Layouts, User Flow Diagrams","Mon|09:00-11:00, Thu|15:00-17:00, Tue|10:00-12:00",5,4,4,4,0.7522
"Computer Programming, NSTP 1: Civic Welfare Training Service","Debugging & Execution, Control Structures, Data Structures","Logic Troubleshooting, Iteration Patterns, Basic Sorting Algorithms","Tue|10:00-12:00, Mon|09:00-11:00, Fri|18:00-20:00, Wed|13:00-15:00",5,1,Senior IT Student,"IT Fundamentals, Computer Programming","Command Line & Web Infra, Web Styling, Modular Programming","CLI Navigation, Flexbox & Grid, Parameters & Return Values","Fri|18:00-20:00, Wed|13:00-15:00, Sat|09:00-11:00",2,2,3,4,0.2464
Introduction to Computing,"Operating Systems & Architecture, History & Hardware Evolution, Computer Networks Basics","OS Fundamentals, Processor Architecture, Network Topologies, OSI Model Layers, Memory & Storage Types","Wed|13:00-15:00, Mon|09:00-11:00, Fri|18:00-20:00, Tue|10:00-12:00",3,1,Instructor,"PE 2: PATH FIT 2 - Fitness Exercises, PE 1: PATH FIT 1 - Movement Enhancement",,,"Mon|09:00-11:00, Fri|18:00-20:00, Tue|10:00-12:00",4,2,5,4,0.1641
"IT Fundamentals, Computer Programming, Introduction to Computing","Computer Networks Basics, Digital Logic & Data Representation, Data Structures","Client-Server Architecture, Boolean Logic Gates, Array Creation","Mon|09:00-11:00, Sat|09:00-11:00, Wed|13:00-15:00, Tue|10:00-12:00",3,1,Instructor,"GE 108: Understanding the Self, GE 105: Mathematics in the Modern World",,,"Sat|09:00-11:00, Mon|09:00-11:00, Wed|13:00-15:00, Fri|18:00-20:00",4,4,5,4,0.168
"Introduction to Computing, IT Fundamentals, Computer Programming","History & Hardware Evolution, Operating Systems & Architecture, Data Structures, Modular Programming","Memory & Storage Types, OS Fundamentals, Basic Sorting Algorithms, Function Definitions","Sat|09:00-11:00, Wed|13:00-15:00",4,1,Instructor,Introduction to Computing,"History & Hardware Evolution, Digital Logic & Data Representation","Computing Generations, Binary/Octal/Hex Conversions","Fri|18:00-20:00, Thu|15:00-17:00, Mon|09:00-11:00, Wed|13:00-15:00",3,3,4,4,0.3273
"GE 108: Understanding the Self, GE EL 108: Philippine Indigenous Communities, IT Fundamentals, Intro to Human Computer Interaction","HCI Principles & Guidelines, Web Markup, Client-Side Scripting","HCI Principles & Paradigms, Forms & Inputs, JavaScript Syntax, Media & Tables","Mon|09:00-11:00, Tue|10:00-12:00, Thu|15:00-17:00, Wed|13:00-15:00",4,1,Instructor,"Computer Programming, GE 108: Understanding the Self, GE EL 108: Philippine Indigenous Communities",Control Structures,"Conditional Logic, Loop Control","Thu|15:00-17:00, Tue|10:00-12:00",3,3,4,4,0.284
"GE 108: Understanding the Self, IT Fundamentals","Web Styling, Client-Side Scripting","Box Model, DOM Manipulation, CSS Selectors","Sat|09:00-11:00, Wed|13:00-15:00, Tue|10:00-12:00",4,1,Instructor,"Computer Programming, GE 108: Understanding the Self, IT Fundamentals","Web Styling, Client-Side Scripting, Debugging & Execution","Box Model, CSS Selectors, DOM Manipulation, Event Listeners, Syntax Errors","Fri|18:00-20:00, Mon|09:00-11:00, Sat|09:00-11:00, Wed|13:00-15:00",14,11,5,4,0.6736
PE 2: PATH FIT 2 - Fitness Exercises,,,"Fri|18:00-20:00, Tue|10:00-12:00, Mon|09:00-11:00, Sat|09:00-11:00",5,1,Senior IT Student,"Intro to Human Computer Interaction, PE 2: PATH FIT 2 - Fitness Exercises","High-Fidelity Design & Documentation, HCI Principles & Guidelines, User Research & Behavioral Mapping","Design Systems Documentation, Guideline Categories of HCI, User Flow Diagrams","Fri|18:00-20:00, Mon|09:00-11:00, Thu|15:00-17:00, Tue|10:00-12:00",4,2,5,4,0.6506
"GE 105: Mathematics in the Modern World, GE 108: Understanding the Self",,,"Thu|15:00-17:00, Sat|09:00-11:00, Mon|09:00-11:00",3,1,Senior IT Student,"IT Fundamentals, Introduction to Computing","Web Markup, Operating Systems & Architecture, Computer Networks Basics, Command Line & Web Infra","HTML5 Semantic Elements, OS Fundamentals, Client-Server Architecture, CLI Navigation","Sat|09:00-11:00, Fri|18:00-20:00, Thu|15:00-17:00",2,0,5,4,0.2646
"Introduction to Computing, Intro to Human Computer Interaction, Computer Programming","User Research & Behavioral Mapping, Modular Programming, Data Structures, Control Structures, Debugging & Execution","Customer Journey Mapping, Variable Scope & Lifetime, 1D/2D Manipulation, Iteration Patterns, Logic Troubleshooting","Fri|18:00-20:00, Sat|09:00-11:00, Wed|13:00-15:00, Mon|09:00-11:00",4,1,Instructor,"Computer Programming, Introduction to Computing","Modular Programming, Operating Systems & Architecture","Parameters & Return Values, File Systems & Permissions","Mon|09:00-11:00, Tue|10:00-12:00, Wed|13:00-15:00",12,8,4,4,0.4065
"IT Fundamentals, Intro to Human Computer Interaction","Web Markup, Web Styling, Client-Side Scripting, User Research & Behavioral Mapping, Prototyping & UI Tooling","HTML5 Semantic Elements, CSS Selectors, Event Listeners, User Research & Analysis, Wireframe Sketching","Wed|13:00-15:00, Tue|10:00-12:00, Thu|15:00-17:00",4,1,Senior IT Student,GE 105: Mathematics in the Modern World,,,"Fri|18:00-20:00, Wed|13:00-15:00, Mon|09:00-11:00, Tue|10:00-12:00",1,1,5,3,0.1247
"Computer Programming, IT Fundamentals, NSTP 1: Civic Welfare Training Service","Data Structures, Client-Side Scripting, Control Structures","Array Creation, JavaScript Syntax, Conditional Logic","Sat|09:00-11:00, Fri|18:00-20:00",4,1,Senior IT Student,"Computer Programming, Introduction to Computing","Modular Programming, Control Structures, Operating Systems & Architecture, Debugging & Execution","Parameters & Return Values, Loop Control, File Systems & Permissions, Logic Troubleshooting","Sat|09:00-11:00, Mon|09:00-11:00, Tue|10:00-12:00, Thu|15:00-17:00",4,0,3,3,0.2504
"IT Fundamentals, Intro to Human Computer Interaction","HCI Principles & Guidelines, Client-Side Scripting, Web Styling, Web Markup, Command Line & Web Infra","HCI Principles & Paradigms, Event Listeners, Box Model, HTML5 Semantic Elements, CLI Navigation","Wed|13:00-15:00, Sat|09:00-11:00, Thu|15:00-17:00, Fri|18:00-20:00",3,1,Instructor,"Computer Programming, IT Fundamentals","Control Structures, Modular Programming, Data Structures","Conditional Logic, Variable Scope & Lifetime, 1D/2D Manipulation","Mon|09:00-11:00, Sat|09:00-11:00, Tue|10:00-12:00, Thu|15:00-17:00",6,5,4,4,0.2674
NSTP 1: Civic Welfare Training Service,,,"Tue|10:00-12:00, Fri|18:00-20:00",4,1,Instructor,"IT Fundamentals, Introduction to Computing, NSTP 1: Civic Welfare Training Service",Operating Systems & Architecture,OS Fundamentals,"Fri|18:00-20:00, Sat|09:00-11:00, Tue|10:00-12:00",7,3,5,4,0.5551
IT Fundamentals,"Web Styling, Client-Side Scripting, Web Markup","CSS Selectors, JavaScript Syntax, Flexbox & Grid, Forms & Inputs","Tue|10:00-12:00, Thu|15:00-17:00, Fri|18:00-20:00, Sat|09:00-11:00",2,1,Instructor,"IT Fundamentals, Intro to Human Computer Interaction","HCI Principles & Guidelines, High-Fidelity Design & Documentation","Guideline Categories of HCI, Design Systems Documentation","Tue|10:00-12:00, Fri|18:00-20:00, Sat|09:00-11:00",15,8,3,4,0.3445
"IT Fundamentals, Computer Programming, Intro to Human Computer Interaction","HCI Principles & Guidelines, User Research & Behavioral Mapping, Client-Side Scripting","HCI Principles & Paradigms, Customer Journey Mapping, Event Listeners","Thu|15:00-17:00, Tue|10:00-12:00, Fri|18:00-20:00, Sat|09:00-11:00",2,1,Instructor,"Intro to Human Computer Interaction, IT Fundamentals, Introduction to Computing, Computer Programming","HCI Principles & Guidelines, Data Structures, Prototyping & UI Tooling, Interaction Design & Cognitive Models","Guideline Categories of HCI, Basic Sorting Algorithms, Design System & Components, Human Information Processing","Thu|15:00-17:00, Wed|13:00-15:00, Tue|10:00-12:00",11,10,4,4,0.4253
"IT Fundamentals, Introduction to Computing, Computer Programming","Debugging & Execution, Web Styling, Web Markup","Console Debugging Techniques, Responsive Layouts, Media & Tables, Box Model","Wed|13:00-15:00, Thu|15:00-17:00, Fri|18:00-20:00, Sat|09:00-11:00",4,1,Instructor,"Computer Programming, IT Fundamentals, Introduction to Computing","Web Styling, Computer Networks Basics, Debugging & Execution, Web Markup","Box Model, Client-Server Architecture, Console Debugging Techniques, Media & Tables, Responsive Layouts","Mon|09:00-11:00, Thu|15:00-17:00, Tue|10:00-12:00, Wed|13:00-15:00",13,12,5,4,0.8331
IT Fundamentals,"Web Styling, Client-Side Scripting","CSS Selectors, Box Model, JavaScript Syntax","Mon|09:00-11:00, Fri|18:00-20:00, Thu|15:00-17:00",3,1,Senior IT Student,"Introduction to Computing, IT Fundamentals","Operating Systems & Architecture, Web Markup, Web Styling","OS Fundamentals, Forms & Inputs, Box Model, File Systems & Permissions, Responsive Layouts","Mon|09:00-11:00, Wed|13:00-15:00",3,2,3,4,0.3904
IT Fundamentals,"Client-Side Scripting, Web Markup, Web Styling","Event Listeners, Forms & Inputs, CSS Selectors, Box Model","Mon|09:00-11:00, Tue|10:00-12:00",4,1,Instructor,"IT Fundamentals, Introduction to Computing","Digital Logic & Data Representation, Web Styling, Client-Side Scripting, Web Markup","Boolean Logic Gates, Box Model, CSS Selectors, Event Listeners, Forms & Inputs, HTML5 Semantic Elements, Responsive Layouts","Mon|09:00-11:00, Tue|10:00-12:00, Wed|13:00-15:00",12,8,5,4,0.6736
"IT Fundamentals, Introduction to Computing",History & Hardware Evolution,"Processor Architecture, Computing Generations, Memory & Storage Types","Mon|09:00-11:00, Tue|10:00-12:00, Wed|13:00-15:00",5,1,Instructor,"Computer Programming, IT Fundamentals","Control Structures, Debugging & Execution, Data Structures, Web Styling","Iteration Patterns, Syntax Errors, Linear/Binary Searching, CSS Selectors","Wed|13:00-15:00, Thu|15:00-17:00, Mon|09:00-11:00",3,3,4,4,0.2549
"IT Fundamentals, Introduction to Computing, Intro to Human Computer Interaction","Web Markup, History & Hardware Evolution, Client-Side Scripting, High-Fidelity Design & Documentation, Computer Networks Basics","HTML5 Semantic Elements, Memory & Storage Types, DOM Manipulation, Design Systems Documentation, Client-Server Architecture","Sat|09:00-11:00, Tue|10:00-12:00",3,1,Instructor,"IT Fundamentals, Intro to Human Computer Interaction","Web Styling, User Research & Behavioral Mapping","Box Model, Responsive Layouts, User Flow Diagrams","Fri|18:00-20:00, Tue|10:00-12:00",9,3,3,4,0.383
"Computer Programming, Introduction to Computing, Intro to Human Computer Interaction","Computer Networks Basics, High-Fidelity Design & Documentation, History & Hardware Evolution, User Research & Behavioral Mapping","Client-Server Architecture, Design Systems Documentation, Memory & Storage Types, Network Topologies, User Research & Analysis","Sat|09:00-11:00, Tue|10:00-12:00, Wed|13:00-15:00, Mon|09:00-11:00",3,1,Instructor,"Computer Programming, IT Fundamentals, Intro to Human Computer Interaction","Web Styling, Data Structures, Web Markup","Flexbox & Grid, Basic Sorting Algorithms, Forms & Inputs","Wed|13:00-15:00, Thu|15:00-17:00",8,3,4,4,0.294
NSTP 1: Civic Welfare Training Service,,,"Sat|09:00-11:00, Thu|15:00-17:00, Tue|10:00-12:00",4,1,Instructor,"Computer Programming, Introduction to Computing, NSTP 1: Civic Welfare Training Service","Digital Logic & Data Representation, Modular Programming","Binary/Octal/Hex Conversions, Parameters & Return Values","Mon|09:00-11:00, Sat|09:00-11:00, Thu|15:00-17:00",7,7,5,4,0.4844
"Intro to Human Computer Interaction, Computer Programming","Prototyping & UI Tooling, Control Structures, Debugging & Execution","Wireframe Sketching, Iteration Patterns, Syntax Errors","Wed|13:00-15:00, Mon|09:00-11:00",3,1,Senior IT Student,"Computer Programming, Intro to Human Computer Interaction","Data Structures, User Research & Behavioral Mapping, Debugging & Execution","Array Creation, Customer Journey Mapping, Syntax Errors, 1D/2D Manipulation","Fri|18:00-20:00, Mon|09:00-11:00, Sat|09:00-11:00, Tue|10:00-12:00",3,0,3,4,0.5895
"Computer Programming, Introduction to Computing","Computer Networks Basics, Modular Programming, Data Structures","Network Topologies, Function Definitions, Variable Scope & Lifetime, Linear/Binary Searching","Wed|13:00-15:00, Thu|15:00-17:00, Tue|10:00-12:00",4,1,Instructor,"Computer Programming, Introduction to Computing","Data Structures, Digital Logic & Data Representation, Debugging & Execution, Modular Programming, Computer Networks Basics","Array Creation, Binary/Octal/Hex Conversions, Console Debugging Techniques, Function Definitions, Linear/Binary Searching, Network Topologies, Variable Scope & Lifetime","Mon|09:00-11:00, Thu|15:00-17:00, Tue|10:00-12:00, Wed|13:00-15:00",3,2,5,4,0.807
IT Fundamentals,"Command Line & Web Infra, Web Styling, Web Markup","CLI Navigation, Responsive Layouts, Media & Tables, Box Model","Mon|09:00-11:00, Sat|09:00-11:00",4,1,Instructor,"IT Fundamentals, Intro to Human Computer Interaction, Introduction to Computing","Web Styling, Command Line & Web Infra, Client-Side Scripting, Operating Systems & Architecture, Web Markup","Box Model, CLI Navigation, Event Listeners, File Systems & Permissions, Media & Tables, Responsive Layouts","Fri|18:00-20:00, Mon|09:00-11:00, Sat|09:00-11:00, Thu|15:00-17:00",15,7,5,4,0.5845
"Computer Programming, GE 104: Readings in Philippine History, GE 105: Mathematics in the Modern World, IT Fundamentals","Control Structures, Modular Programming, Web Markup, Web Styling","Iteration Patterns, Function Definitions, HTML5 Semantic Elements, Box Model","Thu|15:00-17:00, Wed|13:00-15:00, Tue|10:00-12:00",4,1,Instructor,"Introduction to Computing, Computer Programming, Intro to Human Computer Interaction","HCI Principles & Guidelines, Control Structures, Interaction Design & Cognitive Models","HCI Principles & Paradigms, Iteration Patterns, Interaction Design Frameworks","Wed|13:00-15:00, Sat|09:00-11:00, Tue|10:00-12:00, Fri|18:00-20:00",10,3,5,4,0.3065
"GE 104: Readings in Philippine History, GE 108: Understanding the Self",,,"Thu|15:00-17:00, Fri|18:00-20:00",4,1,Instructor,"GE 104: Readings in Philippine History, Introduction to Computing","Digital Logic & Data Representation, Operating Systems & Architecture, Computer Networks Basics","Boolean Logic Gates, OS Fundamentals, Client-Server Architecture","Wed|13:00-15:00, Tue|10:00-12:00, Mon|09:00-11:00, Fri|18:00-20:00",3,3,4,4,0.4993
"Intro to Human Computer Interaction, Computer Programming","Prototyping & UI Tooling, Control Structures, Modular Programming","Design System & Components, Conditional Logic, Variable Scope & Lifetime","Fri|18:00-20:00, Sat|09:00-11:00, Mon|09:00-11:00",2,1,Senior IT Student,"Intro to Human Computer Interaction, Introduction to Computing","Digital Logic & Data Representation, Computer Networks Basics","Binary/Octal/Hex Conversions, OSI Model Layers","Tue|10:00-12:00, Sat|09:00-11:00",1,1,4,3,0.2081
"Intro to Human Computer Interaction, Introduction to Computing, Computer Programming","User Research & Behavioral Mapping, Control Structures, Digital Logic & Data Representation","User Flow Diagrams, Iteration Patterns, Data Encoding (ASCII/Unicode), Boolean Logic Gates","Wed|13:00-15:00, Fri|18:00-20:00, Sat|09:00-11:00, Thu|15:00-17:00",5,1,Senior IT Student,"IT Fundamentals, Intro to Human Computer Interaction, Computer Programming, Introduction to Computing","Operating Systems & Architecture, Client-Side Scripting, Command Line & Web Infra","File Systems & Permissions, Process Management, DOM Manipulation, CLI Navigation","Tue|10:00-12:00, Thu|15:00-17:00",3,3,3,4,0.3452
"Computer Programming, Introduction to Computing","History & Hardware Evolution, Debugging & Execution, Data Structures, Control Structures, Operating Systems & Architecture","Processor Architecture, Syntax Errors, Array Creation, Conditional Logic, OS Fundamentals","Fri|18:00-20:00, Tue|10:00-12:00, Mon|09:00-11:00",3,1,Instructor,"Computer Programming, Intro to Human Computer Interaction, Introduction to Computing","User Research & Behavioral Mapping, History & Hardware Evolution, Computer Networks Basics","User Research & Analysis, Processor Architecture, Client-Server Architecture","Wed|13:00-15:00, Sat|09:00-11:00, Thu|15:00-17:00, Tue|10:00-12:00",4,4,3,4,0.417
"Computer Programming, Intro to Human Computer Interaction","High-Fidelity Design & Documentation, Interaction Design & Cognitive Models, User Research & Behavioral Mapping","Design Systems Documentation, Interaction Design Frameworks, User Research & Analysis","Thu|15:00-17:00, Wed|13:00-15:00, Fri|18:00-20:00, Sat|09:00-11:00",4,1,Instructor,"Computer Programming, Introduction to Computing","Data Structures, Control Structures","Basic Sorting Algorithms, Iteration Patterns","Tue|10:00-12:00, Sat|09:00-11:00, Fri|18:00-20:00, Thu|15:00-17:00",8,2,3,4,0.295
NSTP 2: Civic Welfare Training Service,,,"Thu|15:00-17:00, Wed|13:00-15:00, Fri|18:00-20:00, Sat|09:00-11:00",2,1,Instructor,"Intro to Human Computer Interaction, Computer Programming, IT Fundamentals, Introduction to Computing","Control Structures, Prototyping & UI Tooling, History & Hardware Evolution, Data Structures, Operating Systems & Architecture","Loop Control, Design System & Components, Processor Architecture, 1D/2D Manipulation, OS Fundamentals","Sat|09:00-11:00, Wed|13:00-15:00, Mon|09:00-11:00",9,9,4,4,0.2273
"Computer Programming, Introduction to Computing","Computer Networks Basics, Operating Systems & Architecture, Debugging & Execution","Client-Server Architecture, File Systems & Permissions, Logic Troubleshooting, OSI Model Layers","Tue|10:00-12:00, Fri|18:00-20:00, Sat|09:00-11:00",4,1,Instructor,Computer Programming,"Data Structures, Modular Programming","Linear/Binary Searching, Parameters & Return Values, Array Creation","Fri|18:00-20:00, Wed|13:00-15:00",4,3,4,4,0.325
"GE 105: Mathematics in the Modern World, GE 108: Understanding the Self, IT Fundamentals","Command Line & Web Infra, Web Styling, Web Markup, Client-Side Scripting","Domain Name System (DNS), Box Model, HTTP Request Methods, HTML5 Semantic Elements, Event Listeners","Thu|15:00-17:00, Fri|18:00-20:00, Sat|09:00-11:00, Tue|10:00-12:00",3,1,Instructor,"GE 105: Mathematics in the Modern World, Introduction to Computing","History & Hardware Evolution, Computer Networks Basics","Computing Generations, Network Topologies, Memory & Storage Types","Sat|09:00-11:00, Tue|10:00-12:00, Fri|18:00-20:00, Mon|09:00-11:00",4,2,4,4,0.2477
"Introduction to Computing, IT Fundamentals","Client-Side Scripting, Command Line & Web Infra","DOM Manipulation, JavaScript Syntax, Domain Name System (DNS)","Wed|13:00-15:00, Sat|09:00-11:00",5,1,Instructor,"Introduction to Computing, IT Fundamentals, Computer Programming","Digital Logic & Data Representation, Web Markup, Modular Programming, Computer Networks Basics","Binary/Octal/Hex Conversions, Boolean Logic Gates, HTML5 Semantic Elements, Function Definitions, Network Topologies","Mon|09:00-11:00, Wed|13:00-15:00, Tue|10:00-12:00",4,2,5,4,0.3909
"Introduction to Computing, Computer Programming, IT Fundamentals","Modular Programming, Web Styling, Command Line & Web Infra","Variable Scope & Lifetime, Box Model, Domain Name System (DNS)","Mon|09:00-11:00, Fri|18:00-20:00, Thu|15:00-17:00, Sat|09:00-11:00",2,1,Senior IT Student,"Computer Programming, IT Fundamentals, Introduction to Computing","Web Styling, Computer Networks Basics, Control Structures, Command Line & Web Infra, Modular Programming","Box Model, Client-Server Architecture, Conditional Logic, Domain Name System (DNS), Variable Scope & Lifetime","Fri|18:00-20:00, Mon|09:00-11:00, Tue|10:00-12:00",1,0,5,4,0.7248
Computer Programming,"Debugging & Execution, Data Structures, Control Structures","Logic Troubleshooting, 1D/2D Manipulation, Iteration Patterns, Console Debugging Techniques","Fri|18:00-20:00, Wed|13:00-15:00",4,1,Senior IT Student,"IT Fundamentals, Computer Programming","Web Markup, Control Structures, Command Line & Web Infra, Data Structures","Media & Tables, Iteration Patterns, Domain Name System (DNS), Linear/Binary Searching","Fri|18:00-20:00, Thu|15:00-17:00",4,1,4,4,0.4398
"Computer Programming, IT Fundamentals, Intro to Human Computer Interaction, NSTP 1: Civic Welfare Training Service","Web Markup, Web Styling, Interaction Design & Cognitive Models, Control Structures, Modular Programming","HTML5 Semantic Elements, CSS Selectors, Interaction Design Frameworks, Iteration Patterns, Function Definitions","Sat|09:00-11:00, Tue|10:00-12:00, Thu|15:00-17:00, Mon|09:00-11:00",4,1,Instructor,"Computer Programming, IT Fundamentals, Introduction to Computing","Data Structures, Client-Side Scripting, Control Structures, Debugging & Execution","Basic Sorting Algorithms, Event Listeners, Loop Control, Syntax Errors","Thu|15:00-17:00, Wed|13:00-15:00, Fri|18:00-20:00",5,4,3,4,0.276
Introduction to Computing,"Operating Systems & Architecture, Computer Networks Basics","Process Management, Network Topologies, OSI Model Layers, OS Fundamentals, File Systems & Permissions","Tue|10:00-12:00, Wed|13:00-15:00, Fri|18:00-20:00",4,1,Instructor,"Introduction to Computing, Computer Programming","Data Structures, Control Structures, History & Hardware Evolution, Digital Logic & Data Representation","Basic Sorting Algorithms, Loop Control, Computing Generations, Data Encoding (ASCII/Unicode)","Fri|18:00-20:00, Tue|10:00-12:00, Sat|09:00-11:00, Mon|09:00-11:00",7,6,4,4,0.3482
Introduction to Computing,"Digital Logic & Data Representation, Operating Systems & Architecture","Data Encoding (ASCII/Unicode), Process Management, OS Fundamentals","Thu|15:00-17:00, Mon|09:00-11:00",5,1,Instructor,"Computer Programming, Introduction to Computing","Control Structures, Computer Networks Basics, Modular Programming, Data Structures","Iteration Patterns, OSI Model Layers, Function Definitions, 1D/2D Manipulation","Wed|13:00-15:00, Mon|09:00-11:00",3,3,5,4,0.3238
"Computer Programming, Intro to Human Computer Interaction, IT Fundamentals","HCI Principles & Guidelines, Data Structures, High-Fidelity Design & Documentation, Modular Programming, User Research & Behavioral Mapping","System Prototype Proposal, Basic Sorting Algorithms, High-Fidelity Prototyping, Parameters & Return Values, User Flow Diagrams","Thu|15:00-17:00, Wed|13:00-15:00",3,1,Instructor,"Computer Programming, IT Fundamentals, Intro to Human Computer Interaction","Data Structures, Client-Side Scripting, High-Fidelity Design & Documentation, Modular Programming, HCI Principles & Guidelines, User Research & Behavioral Mapping","Basic Sorting Algorithms, Event Listeners, High-Fidelity Prototyping, Parameters & Return Values, System Prototype Proposal, User Flow Diagrams","Fri|18:00-20:00, Sat|09:00-11:00, Thu|15:00-17:00, Wed|13:00-15:00",12,4,4,4,0.9232
"Introduction to Computing, IT Fundamentals","History & Hardware Evolution, Client-Side Scripting, Operating Systems & Architecture, Digital Logic & Data Representation","Memory & Storage Types, DOM Manipulation, Process Management, Boolean Logic Gates","Tue|10:00-12:00, Mon|09:00-11:00, Sat|09:00-11:00",3,1,Senior IT Student,"Intro to Human Computer Interaction, Introduction to Computing","Prototyping & UI Tooling, High-Fidelity Design & Documentation","Figma UI Design, Design Systems Documentation","Thu|15:00-17:00, Mon|09:00-11:00, Wed|13:00-15:00, Tue|10:00-12:00",4,4,3,3,0.28
IT Fundamentals,"Command Line & Web Infra, Web Styling, Web Markup","CLI Navigation, Responsive Layouts, HTML5 Semantic Elements","Wed|13:00-15:00, Tue|10:00-12:00",4,1,Instructor,"IT Fundamentals, Intro to Human Computer Interaction","Prototyping & UI Tooling, Command Line & Web Infra, HCI Principles & Guidelines, High-Fidelity Design & Documentation","Wireframe Sketching, HTTP Request Methods, HCI Principles & Paradigms, High-Fidelity Prototyping","Wed|13:00-15:00, Thu|15:00-17:00",14,12,4,4,0.3513
"IT Fundamentals, Computer Programming","Command Line & Web Infra, Web Styling, Debugging & Execution, Control Structures","Domain Name System (DNS), CSS Selectors, Console Debugging Techniques, Flexbox & Grid, Loop Control","Thu|15:00-17:00, Mon|09:00-11:00, Tue|10:00-12:00, Fri|18:00-20:00",3,1,Instructor,"Computer Programming, IT Fundamentals","Command Line & Web Infra, Web Styling, Debugging & Execution, Web Markup, Control Structures","CLI Navigation, CSS Selectors, Console Debugging Techniques, Domain Name System (DNS), Flexbox & Grid, Forms & Inputs, HTML5 Semantic Elements, Loop Control","Mon|09:00-11:00, Thu|15:00-17:00, Wed|13:00-15:00",4,3,4,4,0.8109
NSTP 2: Civic Welfare Training Service,,,"Wed|13:00-15:00, Sat|09:00-11:00, Mon|09:00-11:00",4,1,Senior IT Student,"IT Fundamentals, Computer Programming, Introduction to Computing","Web Markup, Operating Systems & Architecture, Debugging & Execution, Control Structures","Media & Tables, File Systems & Permissions, Console Debugging Techniques, Iteration Patterns","Tue|10:00-12:00, Thu|15:00-17:00, Fri|18:00-20:00, Sat|09:00-11:00",1,0,3,3,0.1855
"Computer Programming, GE 104: Readings in Philippine History, IT Fundamentals, Intro to Human Computer Interaction","Data Structures, Command Line & Web Infra, User Research & Behavioral Mapping, Client-Side Scripting","Basic Sorting Algorithms, Domain Name System (DNS), Customer Journey Mapping, Linear/Binary Searching, DOM Manipulation","Sat|09:00-11:00, Wed|13:00-15:00, Thu|15:00-17:00, Tue|10:00-12:00",2,1,Instructor,"Introduction to Computing, Computer Programming, Intro to Human Computer Interaction, IT Fundamentals","Web Markup, User Research & Behavioral Mapping, Prototyping & UI Tooling, Command Line & Web Infra","Forms & Inputs, User Flow Diagrams, Figma UI Design, HTTP Request Methods","Wed|13:00-15:00, Fri|18:00-20:00",14,14,4,4,0.3923
"IT Fundamentals, Intro to Human Computer Interaction","Client-Side Scripting, Interaction Design & Cognitive Models, Prototyping & UI Tooling","DOM Manipulation, Interaction Design Frameworks, Wireframe Sketching","Fri|18:00-20:00, Thu|15:00-17:00",3,1,Senior IT Student,"Computer Programming, IT Fundamentals, Introduction to Computing","Modular Programming, Web Styling, Digital Logic & Data Representation","Parameters & Return Values, Box Model, Binary/Octal/Hex Conversions","Sat|09:00-11:00, Wed|13:00-15:00, Mon|09:00-11:00, Thu|15:00-17:00",3,1,3,3,0.2034
"Intro to Human Computer Interaction, IT Fundamentals, Computer Programming","Modular Programming, Command Line & Web Infra, Data Structures","Parameters & Return Values, Domain Name System (DNS), 1D/2D Manipulation, Variable Scope & Lifetime","Wed|13:00-15:00, Sat|09:00-11:00",3,1,Instructor,"Intro to Human Computer Interaction, Introduction to Computing, IT Fundamentals, Computer Programming","Data Structures, Command Line & Web Infra, User Research & Behavioral Mapping","1D/2D Manipulation, Domain Name System (DNS), User Research & Analysis","Tue|10:00-12:00, Fri|18:00-20:00",11,7,5,4,0.5373
"Intro to Human Computer Interaction, IT Fundamentals","Web Styling, User Research & Behavioral Mapping","Responsive Layouts, Flexbox & Grid, User Research & Analysis","Wed|13:00-15:00, Fri|18:00-20:00, Thu|15:00-17:00, Tue|10:00-12:00",2,1,Senior IT Student,"Computer Programming, IT Fundamentals, Intro to Human Computer Interaction","High-Fidelity Design & Documentation, Command Line & Web Infra, Web Styling, Modular Programming, User Research & Behavioral Mapping","Design Systems Documentation, Domain Name System (DNS), Flexbox & Grid, Parameters & Return Values, Responsive Layouts, User Research & Analysis","Fri|18:00-20:00, Mon|09:00-11:00, Thu|15:00-17:00, Wed|13:00-15:00",1,1,4,3,0.5538
"PE 2: PATH FIT 2 - Fitness Exercises, PE 1: PATH FIT 1 - Movement Enhancement",,,"Thu|15:00-17:00, Fri|18:00-20:00",3,1,Instructor,"PE 2: PATH FIT 2 - Fitness Exercises, PE 1: PATH FIT 1 - Movement Enhancement",,,"Thu|15:00-17:00, Tue|10:00-12:00, Fri|18:00-20:00",10,9,5,4,0.946
"PE 1: PATH FIT 1 - Movement Enhancement, PE 2: PATH FIT 2 - Fitness Exercises",,,"Fri|18:00-20:00, Thu|15:00-17:00, Sat|09:00-11:00",4,1,Senior IT Student,"Introduction to Computing, IT Fundamentals, Computer Programming, Intro to Human Computer Interaction","Computer Networks Basics, Debugging & Execution, HCI Principles & Guidelines","OSI Model Layers, Logic Troubleshooting, System Prototype Proposal","Fri|18:00-20:00, Thu|15:00-17:00, Tue|10:00-12:00, Mon|09:00-11:00",3,0,3,4,0.2733
Computer Programming,"Data Structures, Control Structures","Array Creation, Linear/Binary Searching, Iteration Patterns, 1D/2D Manipulation, Conditional Logic","Tue|10:00-12:00, Fri|18:00-20:00",4,1,Instructor,"Computer Programming, Introduction to Computing","Digital Logic & Data Representation, Operating Systems & Architecture, Data Structures","Binary/Octal/Hex Conversions, Process Management, Array Creation","Wed|13:00-15:00, Tue|10:00-12:00, Fri|18:00-20:00, Thu|15:00-17:00",3,2,3,4,0.4609
"Intro to Human Computer Interaction, Computer Programming, Introduction to Computing","Operating Systems & Architecture, User Research & Behavioral Mapping, HCI Principles & Guidelines, History & Hardware Evolution","File Systems & Permissions, User Flow Diagrams, Guideline Categories of HCI, Memory & Storage Types","Sat|09:00-11:00, Mon|09:00-11:00, Wed|13:00-15:00",4,1,Instructor,"Computer Programming, IT Fundamentals, Intro to Human Computer Interaction, Introduction to Computing","User Research & Behavioral Mapping, Operating Systems & Architecture, HCI Principles & Guidelines, History & Hardware Evolution","Customer Journey Mapping, File Systems & Permissions, Guideline Categories of HCI, Memory & Storage Types, OS Fundamentals, User Flow Diagrams","Mon|09:00-11:00, Sat|09:00-11:00, Thu|15:00-17:00",5,4,4,4,0.8228
Computer Programming,"Data Structures, Control Structures, Modular Programming, Debugging & Execution","Linear/Binary Searching, Iteration Patterns, Array Creation, Function Definitions, Syntax Errors","Mon|09:00-11:00, Wed|13:00-15:00, Sat|09:00-11:00",4,1,Instructor,"Computer Programming, IT Fundamentals","Data Structures, Client-Side Scripting, Modular Programming, Control Structures, Debugging & Execution","Array Creation, Event Listeners, Function Definitions, Iteration Patterns, Linear/Binary Searching, Syntax Errors, Variable Scope & Lifetime","Mon|09:00-11:00, Thu|15:00-17:00, Wed|13:00-15:00",12,2,5,4,0.6825
GE EL 108: Philippine Indigenous Communities,,,"Wed|13:00-15:00, Sat|09:00-11:00, Fri|18:00-20:00, Thu|15:00-17:00",3,1,Senior IT Student,"GE EL 108: Philippine Indigenous Communities, IT Fundamentals, Introduction to Computing","Computer Networks Basics, Web Styling, Operating Systems & Architecture, Client-Side Scripting","Network Topologies, Box Model, OS Fundamentals, Event Listeners","Wed|13:00-15:00, Tue|10:00-12:00, Mon|09:00-11:00",2,2,3,4,0.4346
"Intro to Human Computer Interaction, Computer Programming, Introduction to Computing","Prototyping & UI Tooling, Computer Networks Basics, Operating Systems & Architecture, Modular Programming","Figma UI Design, Client-Server Architecture, OS Fundamentals, Function Definitions, Process Management","Thu|15:00-17:00, Sat|09:00-11:00, Tue|10:00-12:00",4,1,Instructor,"IT Fundamentals, Intro to Human Computer Interaction, Introduction to Computing","Prototyping & UI Tooling, HCI Principles & Guidelines","Wireframe Sketching, Guideline Categories of HCI","Tue|10:00-12:00, Sat|09:00-11:00, Fri|18:00-20:00",12,3,4,4,0.3977
"Introduction to Computing, IT Fundamentals","Operating Systems & Architecture, Command Line & Web Infra, Computer Networks Basics, Client-Side Scripting","Process Management, Domain Name System (DNS), OS Fundamentals, Client-Server Architecture, Event Listeners","Thu|15:00-17:00, Mon|09:00-11:00",3,1,Senior IT Student,Introduction to Computing,"Computer Networks Basics, Operating Systems & Architecture, Digital Logic & Data Representation","Network Topologies, File Systems & Permissions, Binary/Octal/Hex Conversions","Wed|13:00-15:00, Tue|10:00-12:00",4,1,3,3,0.3399
"IT Fundamentals, Introduction to Computing, Intro to Human Computer Interaction","Client-Side Scripting, Prototyping & UI Tooling, Operating Systems & Architecture","DOM Manipulation, Wireframe Sketching, OS Fundamentals","Tue|10:00-12:00, Sat|09:00-11:00",3,1,Instructor,"IT Fundamentals, Introduction to Computing","Command Line & Web Infra, Operating Systems & Architecture","CLI Navigation, Process Management","Tue|10:00-12:00, Thu|15:00-17:00",10,3,3,4,0.4449
NSTP 2: Civic Welfare Training Service,,,"Mon|09:00-11:00, Fri|18:00-20:00, Thu|15:00-17:00, Sat|09:00-11:00",5,1,Instructor,"Intro to Human Computer Interaction, NSTP 2: Civic Welfare Training Service",Interaction Design & Cognitive Models,Human Information Processing,"Fri|18:00-20:00, Mon|09:00-11:00, Wed|13:00-15:00",8,6,4,4,0.5743
"IT Fundamentals, Computer Programming, Introduction to Computing","Computer Networks Basics, Operating Systems & Architecture, Data Structures, History & Hardware Evolution, Client-Side Scripting","Network Topologies, OS Fundamentals, Basic Sorting Algorithms, Memory & Storage Types, JavaScript Syntax","Thu|15:00-17:00, Mon|09:00-11:00",3,1,Instructor,"Computer Programming, IT Fundamentals, Introduction to Computing","Data Structures, Client-Side Scripting, History & Hardware Evolution, Computer Networks Basics, Operating Systems & Architecture","Basic Sorting Algorithms, JavaScript Syntax, Memory & Storage Types, Network Topologies, OS Fundamentals, Processor Architecture","Mon|09:00-11:00, Thu|15:00-17:00, Wed|13:00-15:00",6,2,4,4,0.9647
"Computer Programming, GE 104: Readings in Philippine History, IT Fundamentals, Intro to Human Computer Interaction","Debugging & Execution, Command Line & Web Infra, Client-Side Scripting","Syntax Errors, Console Debugging Techniques, HTTP Request Methods, JavaScript Syntax","Thu|15:00-17:00, Fri|18:00-20:00, Sat|09:00-11:00, Wed|13:00-15:00",3,1,Senior IT Student,"IT Fundamentals, Introduction to Computing, Computer Programming","Operating Systems & Architecture, Data Structures, Control Structures","Process Management, Array Creation, OS Fundamentals, Iteration Patterns","Thu|15:00-17:00, Wed|13:00-15:00",1,1,4,4,0.2833
NSTP 1: Civic Welfare Training Service,,,"Tue|10:00-12:00, Sat|09:00-11:00, Wed|13:00-15:00, Fri|18:00-20:00",3,1,Instructor,"Computer Programming, GE 105: Mathematics in the Modern World, GE EL 108: Philippine Indigenous Communities, IT Fundamentals, Intro to Human Computer Interaction, Introduction to Computing","Interaction Design & Cognitive Models, Control Structures, Computer Networks Basics, Digital Logic & Data Representation, Command Line & Web Infra","Human Information Processing, Iteration Patterns, OSI Model Layers, Binary/Octal/Hex Conversions, Domain Name System (DNS)","Fri|18:00-20:00, Thu|15:00-17:00, Mon|09:00-11:00, Sat|09:00-11:00",6,4,5,4,0.2072
"Computer Programming, GE EL 108: Philippine Indigenous Communities, IT Fundamentals, Intro to Human Computer Interaction","HCI Principles & Guidelines, Modular Programming, High-Fidelity Design & Documentation, Web Styling, Prototyping & UI Tooling","HCI Principles & Paradigms, Variable Scope & Lifetime, High-Fidelity Prototyping, Responsive Layouts, Design System & Components","Fri|18:00-20:00, Mon|09:00-11:00",4,1,Instructor,"IT Fundamentals, Intro to Human Computer Interaction, Introduction to Computing, PE 1: PATH FIT 1 - Movement Enhancement, PE 2: PATH FIT 2 - Fitness Exercises","HCI Principles & Guidelines, Command Line & Web Infra, User Research & Behavioral Mapping, Digital Logic & Data Representation","HCI Principles & Paradigms, Domain Name System (DNS), User Flow Diagrams, Binary/Octal/Hex Conversions, Guideline Categories of HCI","Sat|09:00-11:00, Wed|13:00-15:00",8,4,5,4,0.2312
"Computer Programming, GE 105: Mathematics in the Modern World, GE 108: Understanding the Self","Control Structures, Modular Programming, Data Structures, Debugging & Execution","Loop Control, Parameters & Return Values, Linear/Binary Searching, Console Debugging Techniques, Basic Sorting Algorithms","Fri|18:00-20:00, Wed|13:00-15:00",4,1,Instructor,"Computer Programming, Introduction to Computing","Control Structures, Digital Logic & Data Representation, Computer Networks Basics, Data Structures","Iteration Patterns, Boolean Logic Gates, Client-Server Architecture, Array Creation","Tue|10:00-12:00, Fri|18:00-20:00, Mon|09:00-11:00, Wed|13:00-15:00",12,12,4,4,0.3906
"Intro to Human Computer Interaction, Computer Programming, IT Fundamentals","Prototyping & UI Tooling, Modular Programming, Interaction Design & Cognitive Models, High-Fidelity Design & Documentation, Command Line & Web Infra","Figma UI Design, Parameters & Return Values, Human Information Processing, High-Fidelity Prototyping, CLI Navigation","Thu|15:00-17:00, Fri|18:00-20:00, Sat|09:00-11:00",2,1,Senior IT Student,"Intro to Human Computer Interaction, Introduction to Computing","Prototyping & UI Tooling, History & Hardware Evolution","Design System & Components, Computing Generations","Wed|13:00-15:00, Tue|10:00-12:00",2,2,4,4,0.2212
"Computer Programming, GE 108: Understanding the Self, IT Fundamentals, Introduction to Computing","Operating Systems & Architecture, Client-Side Scripting, Data Structures","File Systems & Permissions, Event Listeners, 1D/2D Manipulation","Wed|13:00-15:00, Tue|10:00-12:00, Fri|18:00-20:00",3,1,Instructor,"IT Fundamentals, Introduction to Computing, PE 1: PATH FIT 1 - Movement Enhancement, PE 2: PATH FIT 2 - Fitness Exercises","History & Hardware Evolution, Computer Networks Basics, Web Styling","Processor Architecture, OSI Model Layers, Responsive Layouts","Thu|15:00-17:00, Tue|10:00-12:00, Fri|18:00-20:00",3,3,5,4,0.2692
Introduction to Computing,"Computer Networks Basics, Operating Systems & Architecture, History & Hardware Evolution, Digital Logic & Data Representation","Network Topologies, File Systems & Permissions, Processor Architecture, Memory & Storage Types, Binary/Octal/Hex Conversions","Thu|15:00-17:00, Fri|18:00-20:00",3,1,Senior IT Student,"Computer Programming, Introduction to Computing","Digital Logic & Data Representation, Operating Systems & Architecture, History & Hardware Evolution, Computer Networks Basics","Binary/Octal/Hex Conversions, File Systems & Permissions, Memory & Storage Types, Network Topologies, Processor Architecture","Fri|18:00-20:00, Thu|15:00-17:00, Wed|13:00-15:00",1,1,5,3,0.7955
IT Fundamentals,"Web Markup, Web Styling, Command Line & Web Infra","Forms & Inputs, Responsive Layouts, CLI Navigation, Box Model","Sat|09:00-11:00, Mon|09:00-11:00",5,1,Instructor,"Computer Programming, IT Fundamentals, Introduction to Computing","Client-Side Scripting, Control Structures, Modular Programming, Web Markup","JavaScript Syntax, Iteration Patterns, Variable Scope & Lifetime, Media & Tables","Fri|18:00-20:00, Mon|09:00-11:00",11,4,3,4,0.2689
Introduction to Computing,"Computer Networks Basics, Digital Logic & Data Representation","Client-Server Architecture, OSI Model Layers, Boolean Logic Gates","Fri|18:00-20:00, Thu|15:00-17:00, Tue|10:00-12:00",4,1,Instructor,"Computer Programming, GE 104: Readings in Philippine History, GE EL 108: Philippine Indigenous Communities, IT Fundamentals, Intro to Human Computer Interaction, Introduction to Computing","Client-Side Scripting, Control Structures, Computer Networks Basics, Interaction Design & Cognitive Models","JavaScript Syntax, Conditional Logic, Client-Server Architecture, DOM Manipulation, Human Information Processing","Mon|09:00-11:00, Fri|18:00-20:00, Thu|15:00-17:00",14,4,4,4,0.3141
"Computer Programming, GE 108: Understanding the Self","Control Structures, Debugging & Execution, Modular Programming","Conditional Logic, Console Debugging Techniques, Function Definitions, Syntax Errors","Fri|18:00-20:00, Thu|15:00-17:00, Tue|10:00-12:00",4,1,Senior IT Student,"Computer Programming, GE 108: Understanding the Self, Intro to Human Computer Interaction","Control Structures, Debugging & Execution, Modular Programming","Conditional Logic, Console Debugging Techniques, Function Definitions, Syntax Errors","Fri|18:00-20:00, Thu|15:00-17:00, Wed|13:00-15:00",2,0,5,3,0.8214
Computer Programming,"Control Structures, Debugging & Execution, Data Structures","Conditional Logic, Logic Troubleshooting, Basic Sorting Algorithms, 1D/2D Manipulation, Console Debugging Techniques","Tue|10:00-12:00, Wed|13:00-15:00",3,1,Senior IT Student,"Computer Programming, IT Fundamentals, Introduction to Computing","Data Structures, Command Line & Web Infra, Control Structures, Debugging & Execution, History & Hardware Evolution","1D/2D Manipulation, Basic Sorting Algorithms, CLI Navigation, Conditional Logic, Console Debugging Techniques, Logic Troubleshooting, Processor Architecture","Fri|18:00-20:00, Tue|10:00-12:00, Wed|13:00-15:00",2,0,5,3,0.5484
Computer Programming,"Modular Programming, Debugging & Execution","Variable Scope & Lifetime, Function Definitions, Logic Troubleshooting","Tue|10:00-12:00, Fri|18:00-20:00, Thu|15:00-17:00",4,1,Instructor,"Computer Programming, Intro to Human Computer Interaction, Introduction to Computing","Modular Programming, Interaction Design & Cognitive Models, Debugging & Execution, Operating Systems & Architecture, Prototyping & UI Tooling","Function Definitions, Human Information Processing, Logic Troubleshooting, OS Fundamentals, Variable Scope & Lifetime, Wireframe Sketching","Fri|18:00-20:00, Tue|10:00-12:00, Wed|13:00-15:00",15,10,5,4,0.4691
"PE 1: PATH FIT 1 - Movement Enhancement, PE 2: PATH FIT 2 - Fitness Exercises",,,"Sat|09:00-11:00, Mon|09:00-11:00, Tue|10:00-12:00",2,1,Instructor,NSTP 1: Civic Welfare Training Service,,,"Fri|18:00-20:00, Mon|09:00-11:00, Tue|10:00-12:00",7,5,5,4,0.2209
"Computer Programming, Introduction to Computing, IT Fundamentals","Computer Networks Basics, Client-Side Scripting, Modular Programming","Network Topologies, DOM Manipulation, Variable Scope & Lifetime","Fri|18:00-20:00, Sat|09:00-11:00, Mon|09:00-11:00, Wed|13:00-15:00",3,1,Instructor,"Computer Programming, IT Fundamentals","Data Structures, Client-Side Scripting","Array Creation, DOM Manipulation","Sat|09:00-11:00, Fri|18:00-20:00",15,13,3,4,0.4819
"Computer Programming, Intro to Human Computer Interaction, Introduction to Computing, PE 1: PATH FIT 1 - Movement Enhancement, PE 2: PATH FIT 2 - Fitness Exercises","History & Hardware Evolution, Digital Logic & Data Representation, User Research & Behavioral Mapping, Modular Programming","Computing Generations, Boolean Logic Gates, Binary/Octal/Hex Conversions, User Flow Diagrams, Parameters & Return Values","Wed|13:00-15:00, Mon|09:00-11:00, Fri|18:00-20:00, Tue|10:00-12:00",5,1,Senior IT Student,"Computer Programming, Intro to Human Computer Interaction, Introduction to Computing","Modular Programming, Digital Logic & Data Representation","Parameters & Return Values, Variable Scope & Lifetime, Boolean Logic Gates","Tue|10:00-12:00, Thu|15:00-17:00",4,4,3,4,0.4894
Computer Programming,"Control Structures, Data Structures, Modular Programming","Iteration Patterns, Basic Sorting Algorithms, Conditional Logic, Variable Scope & Lifetime","Tue|10:00-12:00, Sat|09:00-11:00, Thu|15:00-17:00, Mon|09:00-11:00",5,1,Senior IT Student,"IT Fundamentals, Intro to Human Computer Interaction, Introduction to Computing, Computer Programming","User Research & Behavioral Mapping, Client-Side Scripting, Operating Systems & Architecture, Modular Programming","Customer Journey Mapping, JavaScript Syntax, File Systems & Permissions, Variable Scope & Lifetime","Mon|09:00-11:00, Thu|15:00-17:00, Wed|13:00-15:00",1,1,3,4,0.2673
"Computer Programming, IT Fundamentals, Intro to Human Computer Interaction","User Research & Behavioral Mapping, Data Structures","User Flow Diagrams, Basic Sorting Algorithms, Linear/Binary Searching","Fri|18:00-20:00, Sat|09:00-11:00, Wed|13:00-15:00, Mon|09:00-11:00",5,1,Instructor,"Computer Programming, Intro to Human Computer Interaction, Introduction to Computing","Data Structures, Interaction Design & Cognitive Models, Operating Systems & Architecture","Basic Sorting Algorithms, Human Information Processing, Interaction Design Frameworks, OS Fundamentals","Thu|15:00-17:00, Wed|13:00-15:00, Fri|18:00-20:00",3,2,3,4,0.4044
"Intro to Human Computer Interaction, Introduction to Computing, Computer Programming","Data Structures, Debugging & Execution","Basic Sorting Algorithms, Syntax Errors, Logic Troubleshooting","Fri|18:00-20:00, Sat|09:00-11:00, Thu|15:00-17:00",2,1,Instructor,"Intro to Human Computer Interaction, Introduction to Computing","Computer Networks Basics, User Research & Behavioral Mapping","Client-Server Architecture, User Flow Diagrams","Fri|18:00-20:00, Sat|09:00-11:00, Thu|15:00-17:00",14,13,4,4,0.3899
"Intro to Human Computer Interaction, IT Fundamentals","High-Fidelity Design & Documentation, Command Line & Web Infra, Client-Side Scripting","Design Systems Documentation, HTTP Request Methods, JavaScript Syntax","Thu|15:00-17:00, Mon|09:00-11:00, Tue|10:00-12:00, Wed|13:00-15:00",3,1,Instructor,PE 2: PATH FIT 2 - Fitness Exercises,,,"Wed|13:00-15:00, Sat|09:00-11:00, Tue|10:00-12:00, Thu|15:00-17:00",8,8,5,4,0.1478
NSTP 1: Civic Welfare Training Service,,,"Fri|18:00-20:00, Sat|09:00-11:00",5,1,Instructor,"Intro to Human Computer Interaction, Introduction to Computing","Digital Logic & Data Representation, Computer Networks Basics, User Research & Behavioral Mapping, Prototyping & UI Tooling","Boolean Logic Gates, OSI Model Layers, User Flow Diagrams, Design System & Components, Figma UI Design","Thu|15:00-17:00, Wed|13:00-15:00, Sat|09:00-11:00, Fri|18:00-20:00",14,3,4,4,0.3124
"Intro to Human Computer Interaction, Computer Programming","High-Fidelity Design & Documentation, Debugging & Execution, User Research & Behavioral Mapping, Prototyping & UI Tooling","High-Fidelity Prototyping, Logic Troubleshooting, User Research & Analysis, Design System & Components","Mon|09:00-11:00, Tue|10:00-12:00",4,1,Instructor,"Computer Programming, GE 108: Understanding the Self, GE EL 108: Philippine Indigenous Communities, Intro to Human Computer Interaction, Introduction to Computing","Prototyping & UI Tooling, Operating Systems & Architecture, High-Fidelity Design & Documentation, Modular Programming","Wireframe Sketching, File Systems & Permissions, Figma UI Design, Design Systems Documentation, Parameters & Return Values","Fri|18:00-20:00, Sat|09:00-11:00, Mon|09:00-11:00",4,4,5,4,0.3538
Computer Programming,"Data Structures, Control Structures, Modular Programming","1D/2D Manipulation, Loop Control, Function Definitions, Array Creation, Variable Scope & Lifetime","Tue|10:00-12:00, Thu|15:00-17:00",5,1,Senior IT Student,"Computer Programming, Introduction to Computing","Data Structures, History & Hardware Evolution, Modular Programming, Control Structures","1D/2D Manipulation, Array Creation, Computing Generations, Function Definitions, Loop Control, Memory & Storage Types, Processor Architecture, Variable Scope & Lifetime","Fri|18:00-20:00, Sat|09:00-11:00, Thu|15:00-17:00, Tue|10:00-12:00",4,2,4,4,0.6833
"Intro to Human Computer Interaction, Computer Programming","Prototyping & UI Tooling, Data Structures, High-Fidelity Design & Documentation","Design System & Components, 1D/2D Manipulation, High-Fidelity Prototyping","Sat|09:00-11:00, Tue|10:00-12:00",3,1,Instructor,"Computer Programming, Intro to Human Computer Interaction","Data Structures, Prototyping & UI Tooling, High-Fidelity Design & Documentation","1D/2D Manipulation, Design System & Components, Design Systems Documentation, High-Fidelity Prototyping","Sat|09:00-11:00, Thu|15:00-17:00, Tue|10:00-12:00",14,7,4,4,0.9462
"Computer Programming, Intro to Human Computer Interaction, IT Fundamentals","Web Styling, Web Markup","CSS Selectors, Media & Tables, Flexbox & Grid","Thu|15:00-17:00, Mon|09:00-11:00, Tue|10:00-12:00, Fri|18:00-20:00",4,1,Instructor,"Computer Programming, IT Fundamentals, Intro to Human Computer Interaction","Data Structures, Client-Side Scripting","1D/2D Manipulation, Event Listeners","Sat|09:00-11:00, Wed|13:00-15:00",14,2,4,4,0.4585
"Computer Programming, Intro to Human Computer Interaction, Introduction to Computing","Operating Systems & Architecture, User Research & Behavioral Mapping, Prototyping & UI Tooling, HCI Principles & Guidelines","File Systems & Permissions, Customer Journey Mapping, Wireframe Sketching, Guideline Categories of HCI","Fri|18:00-20:00, Thu|15:00-17:00, Tue|10:00-12:00, Wed|13:00-15:00",5,1,Instructor,"Computer Programming, IT Fundamentals","Data Structures, Command Line & Web Infra, Control Structures, Web Styling","Array Creation, Domain Name System (DNS), Iteration Patterns, Responsive Layouts","Fri|18:00-20:00, Thu|15:00-17:00",14,5,3,4,0.2025
"Computer Programming, PE 2: PATH FIT 2 - Fitness Exercises","Control Structures, Data Structures, Modular Programming","Conditional Logic, Basic Sorting Algorithms, Variable Scope & Lifetime","Sat|09:00-11:00, Thu|15:00-17:00, Fri|18:00-20:00, Tue|10:00-12:00",5,1,Instructor,"Computer Programming, Introduction to Computing","Debugging & Execution, Data Structures, Computer Networks Basics","Logic Troubleshooting, Linear/Binary Searching, Network Topologies","Wed|13:00-15:00, Thu|15:00-17:00, Mon|09:00-11:00",7,5,3,4,0.2547
"Introduction to Computing, Computer Programming, IT Fundamentals","Data Structures, History & Hardware Evolution, Digital Logic & Data Representation, Command Line & Web Infra, Debugging & Execution","1D/2D Manipulation, Processor Architecture, Binary/Octal/Hex Conversions, CLI Navigation, Logic Troubleshooting","Tue|10:00-12:00, Mon|09:00-11:00",4,1,Senior IT Student,"IT Fundamentals, Introduction to Computing, Intro to Human Computer Interaction, Computer Programming","Command Line & Web Infra, Prototyping & UI Tooling, History & Hardware Evolution, Computer Networks Basics","Domain Name System (DNS), Figma UI Design, Computing Generations, Network Topologies","Sat|09:00-11:00, Tue|10:00-12:00, Fri|18:00-20:00",3,1,3,3,0.4673
"Introduction to Computing, IT Fundamentals, Intro to Human Computer Interaction","Web Styling, Operating Systems & Architecture, Command Line & Web Infra, Computer Networks Basics","Responsive Layouts, OS Fundamentals, CLI Navigation, Client-Server Architecture","Fri|18:00-20:00, Tue|10:00-12:00, Mon|09:00-11:00, Sat|09:00-11:00",3,1,Instructor,"IT Fundamentals, Intro to Human Computer Interaction, Introduction to Computing","High-Fidelity Design & Documentation, History & Hardware Evolution, Client-Side Scripting, Computer Networks Basics","High-Fidelity Prototyping, Memory & Storage Types, JavaScript Syntax, Network Topologies","Wed|13:00-15:00, Tue|10:00-12:00",5,3,4,4,0.5166
"Computer Programming, Introduction to Computing, PE 1: PATH FIT 1 - Movement Enhancement, PE 2: PATH FIT 2 - Fitness Exercises","Operating Systems & Architecture, Debugging & Execution, Digital Logic & Data Representation, Computer Networks Basics","Process Management, Syntax Errors, Binary/Octal/Hex Conversions, Data Encoding (ASCII/Unicode), Network Topologies","Fri|18:00-20:00, Thu|15:00-17:00, Tue|10:00-12:00, Sat|09:00-11:00",3,1,Instructor,"Computer Programming, GE EL 108: Philippine Indigenous Communities, IT Fundamentals, Intro to Human Computer Interaction, Introduction to Computing","Interaction Design & Cognitive Models, History & Hardware Evolution, Command Line & Web Infra, Web Styling, User Research & Behavioral Mapping","Human Information Processing, Computing Generations, Domain Name System (DNS), Responsive Layouts, User Research & Analysis","Mon|09:00-11:00, Fri|18:00-20:00, Sat|09:00-11:00, Thu|15:00-17:00",15,12,5,4,0.2679
"Computer Programming, IT Fundamentals, Intro to Human Computer Interaction","Control Structures, Data Structures, Web Styling, Command Line & Web Infra, Debugging & Execution","Conditional Logic, Array Creation, Responsive Layouts, Domain Name System (DNS), Console Debugging Techniques","Fri|18:00-20:00, Mon|09:00-11:00, Thu|15:00-17:00",5,1,Instructor,"Computer Programming, Intro to Human Computer Interaction, Introduction to Computing","Digital Logic & Data Representation, Debugging & Execution","Binary/Octal/Hex Conversions, Logic Troubleshooting","Sat|09:00-11:00, Wed|13:00-15:00",14,5,3,4,0.2915
"Computer Programming, Intro to Human Computer Interaction, Introduction to Computing, NSTP 1: Civic Welfare Training Service","Prototyping & UI Tooling, Debugging & Execution, High-Fidelity Design & Documentation","Wireframe Sketching, Logic Troubleshooting, High-Fidelity Prototyping","Wed|13:00-15:00, Thu|15:00-17:00",2,1,Instructor,"Intro to Human Computer Interaction, IT Fundamentals, Computer Programming","Web Styling, Control Structures, HCI Principles & Guidelines, Command Line & Web Infra, High-Fidelity Design & Documentation","Box Model, Loop Control, HCI Principles & Paradigms, Domain Name System (DNS), Design Systems Documentation","Sat|09:00-11:00, Thu|15:00-17:00",7,6,5,4,0.2699
"Computer Programming, GE 105: Mathematics in the Modern World","Control Structures, Modular Programming, Data Structures","Iteration Patterns, Parameters & Return Values, Linear/Binary Searching","Sat|09:00-11:00, Wed|13:00-15:00",5,1,Instructor,"Computer Programming, GE 105: Mathematics in the Modern World, IT Fundamentals","Data Structures, Command Line & Web Infra, Control Structures, Modular Programming","Array Creation, Domain Name System (DNS), Iteration Patterns, Linear/Binary Searching, Parameters & Return Values","Sat|09:00-11:00, Thu|15:00-17:00, Tue|10:00-12:00, Wed|13:00-15:00",11,9,4,4,0.7164
Intro to Human Computer Interaction,"Interaction Design & Cognitive Models, HCI Principles & Guidelines, User Research & Behavioral Mapping","Interaction Design Frameworks, HCI Principles & Paradigms, Customer Journey Mapping","Mon|09:00-11:00, Sat|09:00-11:00",3,1,Instructor,Intro to Human Computer Interaction,"High-Fidelity Design & Documentation, HCI Principles & Guidelines, Prototyping & UI Tooling","Design Systems Documentation, HCI Principles & Paradigms, Design System & Components, Wireframe Sketching","Tue|10:00-12:00, Wed|13:00-15:00",12,2,3,4,0.5513
"Computer Programming, Intro to Human Computer Interaction","Control Structures, Debugging & Execution, Data Structures, Modular Programming, Interaction Design & Cognitive Models","Conditional Logic, Console Debugging Techniques, 1D/2D Manipulation, Variable Scope & Lifetime, Interaction Design Frameworks","Tue|10:00-12:00, Sat|09:00-11:00",5,1,Instructor,"Introduction to Computing, Intro to Human Computer Interaction, Computer Programming","Debugging & Execution, Prototyping & UI Tooling, Digital Logic & Data Representation","Syntax Errors, Wireframe Sketching, Binary/Octal/Hex Conversions","Fri|18:00-20:00, Sat|09:00-11:00, Mon|09:00-11:00",13,3,4,4,0.4113
"PE 1: PATH FIT 1 - Movement Enhancement, PE 2: PATH FIT 2 - Fitness Exercises",,,"Sat|09:00-11:00, Tue|10:00-12:00",2,1,Instructor,"Intro to Human Computer Interaction, Introduction to Computing, PE 1: PATH FIT 1 - Movement Enhancement","HCI Principles & Guidelines, Digital Logic & Data Representation","Guideline Categories of HCI, Data Encoding (ASCII/Unicode), Boolean Logic Gates, System Prototype Proposal","Sat|09:00-11:00, Thu|15:00-17:00",7,7,4,4,0.3921
"Computer Programming, IT Fundamentals, Intro to Human Computer Interaction","Interaction Design & Cognitive Models, Modular Programming, Prototyping & UI Tooling","Interaction Design Frameworks, Human Information Processing, Variable Scope & Lifetime, Wireframe Sketching","Tue|10:00-12:00, Sat|09:00-11:00, Wed|13:00-15:00",5,1,Instructor,"Computer Programming, IT Fundamentals, Intro to Human Computer Interaction, Introduction to Computing","Control Structures, Operating Systems & Architecture, Interaction Design & Cognitive Models, Modular Programming, Prototyping & UI Tooling","Conditional Logic, File Systems & Permissions, Human Information Processing, Interaction Design Frameworks, Variable Scope & Lifetime, Wireframe Sketching","Sat|09:00-11:00, Tue|10:00-12:00, Wed|13:00-15:00",9,5,5,4,0.7653
NSTP 2: Civic Welfare Training Service,,,"Thu|15:00-17:00, Sat|09:00-11:00, Fri|18:00-20:00",4,1,Instructor,"IT Fundamentals, Intro to Human Computer Interaction, NSTP 2: Civic Welfare Training Service","Web Styling, Prototyping & UI Tooling","Box Model, Design System & Components","Sat|09:00-11:00, Thu|15:00-17:00, Tue|10:00-12:00",12,5,4,4,0.5346
"IT Fundamentals, Computer Programming, Intro to Human Computer Interaction","Control Structures, Debugging & Execution, Client-Side Scripting, Interaction Design & Cognitive Models","Loop Control, Console Debugging Techniques, Event Listeners, Human Information Processing","Fri|18:00-20:00, Thu|15:00-17:00",3,1,Instructor,"Computer Programming, IT Fundamentals, Intro to Human Computer Interaction, Introduction to Computing","Debugging & Execution, Client-Side Scripting, Interaction Design & Cognitive Models, Control Structures","Console Debugging Techniques, DOM Manipulation, Event Listeners, Human Information Processing, Loop Control","Fri|18:00-20:00, Thu|15:00-17:00, Tue|10:00-12:00",3,2,5,4,0.8429
"Computer Programming, IT Fundamentals","Data Structures, Web Markup, Debugging & Execution","1D/2D Manipulation, HTML5 Semantic Elements, Syntax Errors","Tue|10:00-12:00, Sat|09:00-11:00, Thu|15:00-17:00",3,1,Instructor,"Computer Programming, Introduction to Computing",Control Structures,"Iteration Patterns, Loop Control","Mon|09:00-11:00, Wed|13:00-15:00",8,4,3,4,0.2048
GE EL 108: Philippine Indigenous Communities,,,"Wed|13:00-15:00, Fri|18:00-20:00, Thu|15:00-17:00, Tue|10:00-12:00",3,1,Senior IT Student,"Computer Programming, GE EL 108: Philippine Indigenous Communities",Control Structures,Iteration Patterns,"Fri|18:00-20:00, Mon|09:00-11:00, Wed|13:00-15:00",3,1,4,4,0.594
"GE 104: Readings in Philippine History, GE 105: Mathematics in the Modern World, Intro to Human Computer Interaction","HCI Principles & Guidelines, Prototyping & UI Tooling, User Research & Behavioral Mapping","System Prototype Proposal, HCI Principles & Paradigms, Figma UI Design, User Research & Analysis","Fri|18:00-20:00, Sat|09:00-11:00, Tue|10:00-12:00",4,1,Instructor,"GE 104: Readings in Philippine History, GE 105: Mathematics in the Modern World, IT Fundamentals, Intro to Human Computer Interaction, Introduction to Computing","Web Styling, Command Line & Web Infra, Prototyping & UI Tooling, HCI Principles & Guidelines, User Research & Behavioral Mapping","Box Model, Domain Name System (DNS), Figma UI Design, HCI Principles & Paradigms, System Prototype Proposal, User Research & Analysis","Fri|18:00-20:00, Sat|09:00-11:00, Wed|13:00-15:00",5,2,5,4,0.6672
"Computer Programming, IT Fundamentals, Intro to Human Computer Interaction","Client-Side Scripting, High-Fidelity Design & Documentation, User Research & Behavioral Mapping","Event Listeners, Design Systems Documentation, User Research & Analysis","Fri|18:00-20:00, Sat|09:00-11:00",4,1,Instructor,"Computer Programming, IT Fundamentals, Intro to Human Computer Interaction","Control Structures, High-Fidelity Design & Documentation, Client-Side Scripting, User Research & Behavioral Mapping","Conditional Logic, Design Systems Documentation, Event Listeners, User Flow Diagrams, User Research & Analysis","Fri|18:00-20:00, Sat|09:00-11:00, Tue|10:00-12:00, Wed|13:00-15:00",14,6,4,4,0.848
"Introduction to Computing, Computer Programming","Control Structures, Modular Programming, History & Hardware Evolution, Computer Networks Basics, Data Structures","Iteration Patterns, Variable Scope & Lifetime, Memory & Storage Types, OSI Model Layers, Linear/Binary Searching","Tue|10:00-12:00, Fri|18:00-20:00",2,1,Senior IT Student,"Computer Programming, Intro to Human Computer Interaction, Introduction to Computing","High-Fidelity Design & Documentation, Control Structures, Data Structures, History & Hardware Evolution, Computer Networks Basics, Modular Programming","High-Fidelity Prototyping, Iteration Patterns, Linear/Binary Searching, Memory & Storage Types, OSI Model Layers, Variable Scope & Lifetime","Fri|18:00-20:00, Sat|09:00-11:00, Tue|10:00-12:00, Wed|13:00-15:00",4,2,5,4,0.7561
"Computer Programming, Intro to Human Computer Interaction","HCI Principles & Guidelines, Prototyping & UI Tooling, Control Structures","Guideline Categories of HCI, Wireframe Sketching, Iteration Patterns","Wed|13:00-15:00, Fri|18:00-20:00, Mon|09:00-11:00, Thu|15:00-17:00",3,1,Senior IT Student,"Computer Programming, Intro to Human Computer Interaction","Data Structures, HCI Principles & Guidelines, Control Structures, Prototyping & UI Tooling","1D/2D Manipulation, Guideline Categories of HCI, Iteration Patterns, Wireframe Sketching","Fri|18:00-20:00, Mon|09:00-11:00, Tue|10:00-12:00, Wed|13:00-15:00",1,0,4,4,0.8533
"GE 104: Readings in Philippine History, IT Fundamentals, Intro to Human Computer Interaction","Web Markup, Web Styling, Prototyping & UI Tooling, HCI Principles & Guidelines","Media & Tables, Flexbox & Grid, Figma UI Design, HTML5 Semantic Elements, HCI Principles & Paradigms","Tue|10:00-12:00, Sat|09:00-11:00, Mon|09:00-11:00, Wed|13:00-15:00",2,1,Instructor,"GE 104: Readings in Philippine History, Intro to Human Computer Interaction","High-Fidelity Design & Documentation, User Research & Behavioral Mapping","High-Fidelity Prototyping, User Flow Diagrams","Sat|09:00-11:00, Tue|10:00-12:00, Thu|15:00-17:00, Fri|18:00-20:00",10,4,3,4,0.3711
"PE 1: PATH FIT 1 - Movement Enhancement, PE 2: PATH FIT 2 - Fitness Exercises",,,"Mon|09:00-11:00, Sat|09:00-11:00, Tue|10:00-12:00, Fri|18:00-20:00",3,1,Senior IT Student,"IT Fundamentals, Intro to Human Computer Interaction, PE 1: PATH FIT 1 - Movement Enhancement, PE 2: PATH FIT 2 - Fitness Exercises","Interaction Design & Cognitive Models, User Research & Behavioral Mapping","Interaction Design Frameworks, User Flow Diagrams","Mon|09:00-11:00, Sat|09:00-11:00, Thu|15:00-17:00, Tue|10:00-12:00",1,1,5,3,0.5454
"GE EL 108: Philippine Indigenous Communities, GE 105: Mathematics in the Modern World",,,"Fri|18:00-20:00, Thu|15:00-17:00",2,1,Instructor,"GE EL 108: Philippine Indigenous Communities, IT Fundamentals, Introduction to Computing","Web Markup, Command Line & Web Infra, Digital Logic & Data Representation, Computer Networks Basics","Media & Tables, CLI Navigation, Data Encoding (ASCII/Unicode), Client-Server Architecture","Sat|09:00-11:00, Fri|18:00-20:00, Mon|09:00-11:00",14,7,4,4,0.3855
"IT Fundamentals, Computer Programming","Command Line & Web Infra, Data Structures, Debugging & Execution, Web Styling","CLI Navigation, 1D/2D Manipulation, Syntax Errors, Responsive Layouts","Fri|18:00-20:00, Tue|10:00-12:00",2,1,Instructor,"Computer Programming, IT Fundamentals","Web Markup, Data Structures, Command Line & Web Infra","Forms & Inputs, 1D/2D Manipulation, CLI Navigation","Thu|15:00-17:00, Mon|09:00-11:00, Tue|10:00-12:00",9,4,4,4,0.651
PE 1: PATH FIT 1 - Movement Enhancement,,,"Tue|10:00-12:00, Sat|09:00-11:00, Mon|09:00-11:00, Thu|15:00-17:00",4,1,Senior IT Student,"Introduction to Computing, PE 1: PATH FIT 1 - Movement Enhancement","Operating Systems & Architecture, History & Hardware Evolution, Digital Logic & Data Representation","OS Fundamentals, Memory & Storage Types, Boolean Logic Gates","Wed|13:00-15:00, Tue|10:00-12:00, Fri|18:00-20:00, Thu|15:00-17:00",4,1,4,4,0.5995
"Introduction to Computing, Intro to Human Computer Interaction","Interaction Design & Cognitive Models, User Research & Behavioral Mapping, Computer Networks Basics, Digital Logic & Data Representation, Operating Systems & Architecture","Interaction Design Frameworks, User Flow Diagrams, Network Topologies, Boolean Logic Gates, Process Management","Thu|15:00-17:00, Tue|10:00-12:00, Sat|09:00-11:00, Fri|18:00-20:00",2,1,Instructor,"IT Fundamentals, Intro to Human Computer Interaction, Introduction to Computing","Digital Logic & Data Representation, Client-Side Scripting, Interaction Design & Cognitive Models, Computer Networks Basics, Operating Systems & Architecture, History & Hardware Evolution, User Research & Behavioral Mapping","Boolean Logic Gates, DOM Manipulation, Interaction Design Frameworks, JavaScript Syntax, Network Topologies, Process Management, Processor Architecture, User Flow Diagrams","Sat|09:00-11:00, Thu|15:00-17:00, Tue|10:00-12:00, Wed|13:00-15:00",8,6,4,4,0.7057
"GE 104: Readings in Philippine History, GE 108: Understanding the Self",,,"Sat|09:00-11:00, Tue|10:00-12:00, Wed|13:00-15:00",5,1,Instructor,"GE 104: Readings in Philippine History, GE 108: Understanding the Self, IT Fundamentals, Intro to Human Computer Interaction","Prototyping & UI Tooling, Web Styling","Figma UI Design, Responsive Layouts","Fri|18:00-20:00, Sat|09:00-11:00, Tue|10:00-12:00, Wed|13:00-15:00",14,11,4,4,0.6544
Intro to Human Computer Interaction,"User Research & Behavioral Mapping, Prototyping & UI Tooling, HCI Principles & Guidelines","User Research & Analysis, Wireframe Sketching, Guideline Categories of HCI","Tue|10:00-12:00, Fri|18:00-20:00, Wed|13:00-15:00",2,1,Instructor,"Computer Programming, Intro to Human Computer Interaction, Introduction to Computing","Debugging & Execution, Interaction Design & Cognitive Models, Modular Programming","Console Debugging Techniques, Human Information Processing, Variable Scope & Lifetime","Mon|09:00-11:00, Thu|15:00-17:00, Tue|10:00-12:00",13,2,3,4,0.2306
"Computer Programming, Intro to Human Computer Interaction","Debugging & Execution, User Research & Behavioral Mapping, Interaction Design & Cognitive Models, Data Structures","Syntax Errors, Customer Journey Mapping, Human Information Processing, Basic Sorting Algorithms","Tue|10:00-12:00, Fri|18:00-20:00, Mon|09:00-11:00, Sat|09:00-11:00",5,1,Instructor,"IT Fundamentals, Introduction to Computing, Computer Programming, Intro to Human Computer Interaction","Operating Systems & Architecture, Digital Logic & Data Representation, History & Hardware Evolution","OS Fundamentals, Binary/Octal/Hex Conversions, Computing Generations","Sat|09:00-11:00, Thu|15:00-17:00",7,2,4,4,0.2706
Intro to Human Computer Interaction,"HCI Principles & Guidelines, Prototyping & UI Tooling, User Research & Behavioral Mapping","System Prototype Proposal, Figma UI Design, User Flow Diagrams, User Research & Analysis, Guideline Categories of HCI","Thu|15:00-17:00, Wed|13:00-15:00, Tue|10:00-12:00",5,1,Senior IT Student,"IT Fundamentals, Intro to Human Computer Interaction","Web Styling, Web Markup","CSS Selectors, Forms & Inputs","Fri|18:00-20:00, Thu|15:00-17:00, Wed|13:00-15:00",4,4,3,4,0.2977
"Intro to Human Computer Interaction, Introduction to Computing","Operating Systems & Architecture, Prototyping & UI Tooling","Process Management, Figma UI Design, Design System & Components","Fri|18:00-20:00, Mon|09:00-11:00, Sat|09:00-11:00, Wed|13:00-15:00",5,1,Instructor,"Computer Programming, Intro to Human Computer Interaction, Introduction to Computing","Data Structures, Prototyping & UI Tooling, Operating Systems & Architecture","Basic Sorting Algorithms, Design System & Components, Figma UI Design, Process Management","Fri|18:00-20:00, Mon|09:00-11:00, Sat|09:00-11:00, Tue|10:00-12:00",8,2,5,4,0.7215
"GE 104: Readings in Philippine History, GE EL 108: Philippine Indigenous Communities, IT Fundamentals, Intro to Human Computer Interaction","Web Styling, HCI Principles & Guidelines","Responsive Layouts, Guideline Categories of HCI, Flexbox & Grid","Wed|13:00-15:00, Tue|10:00-12:00",3,1,Instructor,NSTP 2: Civic Welfare Training Service,,,"Tue|10:00-12:00, Sat|09:00-11:00",3,2,4,4,0.1375
"Intro to Human Computer Interaction, Introduction to Computing, Computer Programming","Control Structures, Debugging & Execution, Interaction Design & Cognitive Models, HCI Principles & Guidelines, High-Fidelity Design & Documentation","Conditional Logic, Syntax Errors, Human Information Processing, System Prototype Proposal, Design Systems Documentation","Mon|09:00-11:00, Tue|10:00-12:00, Fri|18:00-20:00, Wed|13:00-15:00",4,1,Instructor,"Computer Programming, GE 105: Mathematics in the Modern World, GE EL 108: Philippine Indigenous Communities, Intro to Human Computer Interaction, Introduction to Computing","Operating Systems & Architecture, High-Fidelity Design & Documentation, Debugging & Execution","OS Fundamentals, High-Fidelity Prototyping, Syntax Errors, Console Debugging Techniques","Wed|13:00-15:00, Thu|15:00-17:00, Mon|09:00-11:00",8,3,5,4,0.4619
"GE 104: Readings in Philippine History, Intro to Human Computer Interaction, Introduction to Computing","Computer Networks Basics, Digital Logic & Data Representation","Client-Server Architecture, Data Encoding (ASCII/Unicode), OSI Model Layers","Wed|13:00-15:00, Tue|10:00-12:00, Sat|09:00-11:00, Fri|18:00-20:00",4,1,Instructor,"Computer Programming, IT Fundamentals, Introduction to Computing","Debugging & Execution, Client-Side Scripting, Web Markup","Logic Troubleshooting, DOM Manipulation, HTML5 Semantic Elements","Wed|13:00-15:00, Thu|15:00-17:00, Fri|18:00-20:00, Sat|09:00-11:00",14,8,5,4,0.2427
"IT Fundamentals, Intro to Human Computer Interaction","Web Markup, User Research & Behavioral Mapping, Web Styling","Media & Tables, Customer Journey Mapping, CSS Selectors","Mon|09:00-11:00, Fri|18:00-20:00",2,1,Instructor,"IT Fundamentals, Intro to Human Computer Interaction","Web Styling, User Research & Behavioral Mapping, Prototyping & UI Tooling, Command Line & Web Infra, Web Markup","CSS Selectors, Customer Journey Mapping, Design System & Components, HTTP Request Methods, Media & Tables","Fri|18:00-20:00, Mon|09:00-11:00, Tue|10:00-12:00",13,5,4,4,0.8138
"Introduction to Computing, Computer Programming","Computer Networks Basics, Debugging & Execution, History & Hardware Evolution","Network Topologies, Console Debugging Techniques, Processor Architecture","Wed|13:00-15:00, Tue|10:00-12:00",3,1,Instructor,Introduction to Computing,"Computer Networks Basics, History & Hardware Evolution, Operating Systems & Architecture","Client-Server Architecture, OSI Model Layers, Computing Generations, Process Management","Mon|09:00-11:00, Sat|09:00-11:00",14,5,3,4,0.3982
"IT Fundamentals, Computer Programming, Introduction to Computing","Web Styling, Client-Side Scripting, Control Structures, Debugging & Execution","Box Model, Event Listeners, Loop Control, Console Debugging Techniques","Thu|15:00-17:00, Mon|09:00-11:00, Fri|18:00-20:00, Tue|10:00-12:00",4,1,Instructor,"Computer Programming, IT Fundamentals, Introduction to Computing","Data Structures, Web Styling, Debugging & Execution, Client-Side Scripting, Control Structures","1D/2D Manipulation, Box Model, Console Debugging Techniques, Event Listeners, Flexbox & Grid, Loop Control","Mon|09:00-11:00, Thu|15:00-17:00, Tue|10:00-12:00",6,3,5,4,0.8534
"Introduction to Computing, IT Fundamentals, Computer Programming","Data Structures, Web Markup, Digital Logic & Data Representation, Web Styling, Command Line & Web Infra","Basic Sorting Algorithms, Media & Tables, Binary/Octal/Hex Conversions, Responsive Layouts, Domain Name System (DNS)","Fri|18:00-20:00, Wed|13:00-15:00",4,1,Instructor,"Computer Programming, IT Fundamentals, Intro to Human Computer Interaction, Introduction to Computing","Data Structures, Digital Logic & Data Representation, Command Line & Web Infra, Client-Side Scripting, Web Markup, Web Styling, Modular Programming, Prototyping & UI Tooling","Basic Sorting Algorithms, Binary/Octal/Hex Conversions, Domain Name System (DNS), JavaScript Syntax, Media & Tables, Responsive Layouts, Variable Scope & Lifetime, Wireframe Sketching","Fri|18:00-20:00, Sat|09:00-11:00, Wed|13:00-15:00",8,5,5,4,0.7506
Intro to Human Computer Interaction,"User Research & Behavioral Mapping, HCI Principles & Guidelines, Prototyping & UI Tooling","User Research & Analysis, Customer Journey Mapping, Guideline Categories of HCI, Figma UI Design","Tue|10:00-12:00, Wed|13:00-15:00, Fri|18:00-20:00",5,1,Instructor,"Intro to Human Computer Interaction, Introduction to Computing","Digital Logic & Data Representation, Operating Systems & Architecture, Interaction Design & Cognitive Models","Binary/Octal/Hex Conversions, Process Management, Human Information Processing","Wed|13:00-15:00, Fri|18:00-20:00, Tue|10:00-12:00, Sat|09:00-11:00",15,5,3,4,0.363
"Introduction to Computing, IT Fundamentals","Digital Logic & Data Representation, Web Styling, History & Hardware Evolution, Operating Systems & Architecture","Binary/Octal/Hex Conversions, Responsive Layouts, Computing Generations, File Systems & Permissions, Flexbox & Grid","Tue|10:00-12:00, Sat|09:00-11:00, Wed|13:00-15:00, Fri|18:00-20:00",2,1,Instructor,"Intro to Human Computer Interaction, Introduction to Computing, Computer Programming","User Research & Behavioral Mapping, History & Hardware Evolution, Data Structures, Prototyping & UI Tooling, High-Fidelity Design & Documentation","Customer Journey Mapping, Processor Architecture, 1D/2D Manipulation, Figma UI Design, Design Systems Documentation","Thu|15:00-17:00, Tue|10:00-12:00",15,10,4,4,0.2354
"Computer Programming, Intro to Human Computer Interaction","Interaction Design & Cognitive Models, User Research & Behavioral Mapping, Data Structures","Human Information Processing, User Flow Diagrams, Array Creation","Mon|09:00-11:00, Sat|09:00-11:00",2,1,Senior IT Student,"Introduction to Computing, Intro to Human Computer Interaction, Computer Programming, IT Fundamentals","Prototyping & UI Tooling, Web Styling, Control Structures, History & Hardware Evolution","Design System & Components, Box Model, Loop Control, Computing Generations","Wed|13:00-15:00, Thu|15:00-17:00",4,2,4,4,0.2548
"Introduction to Computing, IT Fundamentals, Computer Programming","Client-Side Scripting, Command Line & Web Infra, History & Hardware Evolution, Web Styling","DOM Manipulation, CLI Navigation, Processor Architecture, Box Model","Thu|15:00-17:00, Sat|09:00-11:00, Mon|09:00-11:00, Tue|10:00-12:00",5,1,Instructor,"Computer Programming, Introduction to Computing","History & Hardware Evolution, Computer Networks Basics","Memory & Storage Types, Client-Server Architecture","Thu|15:00-17:00, Wed|13:00-15:00",4,2,3,4,0.3923
Intro to Human Computer Interaction,"Interaction Design & Cognitive Models, Prototyping & UI Tooling, User Research & Behavioral Mapping, HCI Principles & Guidelines","Interaction Design Frameworks, Figma UI Design, User Flow Diagrams, HCI Principles & Paradigms","Wed|13:00-15:00, Fri|18:00-20:00, Thu|15:00-17:00",3,1,Senior IT Student,"Intro to Human Computer Interaction, Introduction to Computing","History & Hardware Evolution, HCI Principles & Guidelines, Digital Logic & Data Representation, User Research & Behavioral Mapping","Processor Architecture, System Prototype Proposal, Binary/Octal/Hex Conversions, User Research & Analysis","Wed|13:00-15:00, Fri|18:00-20:00, Thu|15:00-17:00",1,1,3,4,0.4453
Introduction to Computing,"Operating Systems & Architecture, History & Hardware Evolution, Computer Networks Basics","OS Fundamentals, Processor Architecture, Memory & Storage Types, OSI Model Layers","Thu|15:00-17:00, Sat|09:00-11:00",3,1,Instructor,"Intro to Human Computer Interaction, Introduction to Computing","Prototyping & UI Tooling, Operating Systems & Architecture, Digital Logic & Data Representation","Design System & Components, File Systems & Permissions, Data Encoding (ASCII/Unicode)","Mon|09:00-11:00, Sat|09:00-11:00, Tue|10:00-12:00, Fri|18:00-20:00",6,5,5,4,0.3353
"Introduction to Computing, Computer Programming, IT Fundamentals","Web Markup, History & Hardware Evolution, Client-Side Scripting, Debugging & Execution","Media & Tables, Processor Architecture, DOM Manipulation, Logic Troubleshooting, Event Listeners","Thu|15:00-17:00, Sat|09:00-11:00",2,1,Instructor,"Introduction to Computing, Computer Programming","Computer Networks Basics, Data Structures, Control Structures, Operating Systems & Architecture","Client-Server Architecture, Array Creation, Loop Control, 1D/2D Manipulation, Process Management","Mon|09:00-11:00, Fri|18:00-20:00",4,2,4,4,0.2958
"IT Fundamentals, Intro to Human Computer Interaction, Computer Programming","Command Line & Web Infra, Debugging & Execution, Control Structures, Client-Side Scripting, Modular Programming","Domain Name System (DNS), Logic Troubleshooting, Loop Control, JavaScript Syntax, Variable Scope & Lifetime","Tue|10:00-12:00, Sat|09:00-11:00",3,1,Instructor,"IT Fundamentals, Intro to Human Computer Interaction, Introduction to Computing, NSTP 2: Civic Welfare Training Service","User Research & Behavioral Mapping, HCI Principles & Guidelines, Digital Logic & Data Representation","User Flow Diagrams, System Prototype Proposal, Boolean Logic Gates","Thu|15:00-17:00, Tue|10:00-12:00, Mon|09:00-11:00",6,5,4,4,0.2644
"Introduction to Computing, Intro to Human Computer Interaction, IT Fundamentals","Digital Logic & Data Representation, Web Styling, Client-Side Scripting","Boolean Logic Gates, Flexbox & Grid, JavaScript Syntax","Fri|18:00-20:00, Tue|10:00-12:00",3,1,Instructor,"Computer Programming, Intro to Human Computer Interaction, Introduction to Computing","Data Structures, History & Hardware Evolution, Control Structures","Array Creation, Processor Architecture, Iteration Patterns","Thu|15:00-17:00, Mon|09:00-11:00, Tue|10:00-12:00",9,9,4,4,0.3168
"Computer Programming, Intro to Human Computer Interaction, IT Fundamentals","Debugging & Execution, HCI Principles & Guidelines, Command Line & Web Infra, Client-Side Scripting, User Research & Behavioral Mapping","Syntax Errors, System Prototype Proposal, HTTP Request Methods, JavaScript Syntax, User Research & Analysis","Mon|09:00-11:00, Thu|15:00-17:00, Sat|09:00-11:00",4,1,Senior IT Student,"Introduction to Computing, Computer Programming","Control Structures, Modular Programming, Computer Networks Basics","Iteration Patterns, Parameters & Return Values, OSI Model Layers, Network Topologies","Thu|15:00-17:00, Fri|18:00-20:00, Tue|10:00-12:00",4,4,4,4,0.2196
NSTP 1: Civic Welfare Training Service,,,"Sat|09:00-11:00, Wed|13:00-15:00, Fri|18:00-20:00",3,1,Senior IT Student,"Computer Programming, IT Fundamentals, NSTP 1: Civic Welfare Training Service","Debugging & Execution, Modular Programming","Logic Troubleshooting, Variable Scope & Lifetime","Wed|13:00-15:00, Fri|18:00-20:00",3,3,4,4,0.4985
