mentee_subjects,mentee_topics,mentee_difficulty_level,mentor_role,mentor_subjects,mentor_topics,mentor_expertise_level,label
"Computer Programming, Introduction to Computing, NSTP 2: Civic Welfare Training Service",Arrays,2,Senior IT Student,Introduction to Computing,"Loops, Error Handling, Input and Output Handling, Arrays",3,1
"Computer Programming, IT Fundamentals, Intro to Human Computer Interaction, PE 1: PATH FIT 1 - Movement Enhancement, PE 2: PATH FIT 2 - Fitness Exercises","CSS, Arrays",4,Senior IT Student,"IT Fundamentals, Introduction to Computing, NSTP 1: Civic Welfare Training Service","Error Handling, HTML, Arrays, Javascript",4,1
IT Fundamentals,"Javascript, HTML",4,Senior IT Student,"IT Fundamentals, Intro to Human Computer Interaction, NSTP 2: Civic Welfare Training Service","CSS, HTML",4,1
"PE 1: PATH FIT 1 - Movement Enhancement, PE 2: PATH FIT 2 - Fitness Exercises",,5,Senior IT Student,IT Fundamentals,"Javascript, CSS, HTML",3,0
"GE 104: Readings in Philippine History, NSTP 1: Civic Welfare Training Service",,4,Senior IT Student,Computer Programming,"Input and Output Handling, Javascript, Arrays, Loops, Error Handling",3,0
"IT Fundamentals, NSTP 2: Civic Welfare Training Service","Javascript, HTML, CSS",3,Senior IT Student,"IT Fundamentals, NSTP 2: Civic Welfare Training Service","HTML, Javascript, CSS",5,1
"NSTP 1: Civic Welfare Training Service, NSTP 2: Civic Welfare Training Service",,4,Senior IT Student,"IT Fundamentals, Intro to Human Computer Interaction, NSTP 2: Civic Welfare Training Service","CSS, HTML",3,0
"Computer Programming, GE EL 108: Philippine Indigenous Communities, Introduction to Computing",Javascript,3,Senior IT Student,"Introduction to Computing, IT Fundamentals, Intro to Human Computer Interaction","Javascript, Loops, Arrays, CSS, Error Handling, UI/UX",4,1
"Computer Programming, Intro to Human Computer Interaction, PE 1: PATH FIT 1 - Movement Enhancement","Loops, Javascript",4,Senior IT Student,NSTP 2: Civic Welfare Training Service,,5,0
"Computer Programming, PE 2: PATH FIT 2 - Fitness Exercises","Error Handling, Loops, Javascript, Arrays",3,Instructor,"Intro to Human Computer Interaction, Introduction to Computing","Error Handling, Input and Output Handling, UI/UX, Loops, Arrays",4,1
"Computer Programming, Intro to Human Computer Interaction, NSTP 1: Civic Welfare Training Service",Loops,2,Senior IT Student,"GE 108: Understanding the Self, Intro to Human Computer Interaction",UI/UX,5,1
"IT Fundamentals, Intro to Human Computer Interaction, NSTP 2: Civic Welfare Training Service","HTML, CSS",4,Instructor,"Introduction to Computing, NSTP 2: Civic Welfare Training Service","Loops, Error Handling",5,0
"Computer Programming, IT Fundamentals, NSTP 1: Civic Welfare Training Service","Arrays, CSS, Javascript",3,Senior IT Student,"IT Fundamentals, Computer Programming, Introduction to Computing","Error Handling, HTML, Input and Output Handling, Arrays, CSS",3,1
"GE 108: Understanding the Self, IT Fundamentals",Javascript,3,Instructor,"GE 108: Understanding the Self, GE EL 108: Philippine Indigenous Communities, Intro to Human Computer Interaction",UI/UX,4,1
IT Fundamentals,"HTML, Javascript",4,Instructor,"GE 104: Readings in Philippine History, GE 105: Mathematics in the Modern World, PE 1: PATH FIT 1 - Movement Enhancement",,4,0
"Computer Programming, IT Fundamentals, Introduction to Computing","CSS, Arrays, Input and Output Handling, Javascript",5,Senior IT Student,"IT Fundamentals, Computer Programming, Intro to Human Computer Interaction","Javascript, Loops, UI/UX, HTML, Error Handling",5,1
"Computer Programming, GE 108: Understanding the Self, GE EL 108: Philippine Indigenous Communities, IT Fundamentals, Introduction to Computing","Input and Output Handling, Error Handling",2,Instructor,"Computer Programming, IT Fundamentals, PE 1: PATH FIT 1 - Movement Enhancement, PE 2: PATH FIT 2 - Fitness Exercises","HTML, Input and Output Handling, Javascript, Loops, Arrays",5,1
"Computer Programming, IT Fundamentals","Input and Output Handling, Loops, Error Handling, CSS",4,Senior IT Student,"Intro to Human Computer Interaction, IT Fundamentals, Computer Programming","Loops, UI/UX, HTML, CSS, Error Handling",3,1
PE 2: PATH FIT 2 - Fitness Exercises,,5,Instructor,"GE 108: Understanding the Self, Intro to Human Computer Interaction, Introduction to Computing","Arrays, Error Handling, Loops, Input and Output Handling, UI/UX",4,0
"GE EL 108: Philippine Indigenous Communities, GE 104: Readings in Philippine History",,5,Senior IT Student,"IT Fundamentals, Introduction to Computing, PE 1: PATH FIT 1 - Movement Enhancement, PE 2: PATH FIT 2 - Fitness Exercises","Error Handling, Loops, Arrays, CSS",4,0
"Computer Programming, GE 104: Readings in Philippine History, IT Fundamentals","HTML, Loops, CSS, Arrays",4,Senior IT Student,"Computer Programming, Intro to Human Computer Interaction","Javascript, Arrays, Error Handling, Loops, UI/UX, Input and Output Handling",4,1
"Computer Programming, GE 104: Readings in Philippine History, GE 108: Understanding the Self, IT Fundamentals","HTML, CSS, Error Handling",5,Senior IT Student,GE 105: Mathematics in the Modern World,,3,0
"IT Fundamentals, Introduction to Computing","Error Handling, Arrays, Javascript, Input and Output Handling",3,Senior IT Student,"GE 108: Understanding the Self, IT Fundamentals","HTML, Javascript",3,1
"Computer Programming, IT Fundamentals","Loops, Javascript, HTML, Arrays",3,Senior IT Student,"IT Fundamentals, NSTP 2: Civic Welfare Training Service","HTML, Javascript",3,1
"Computer Programming, NSTP 1: Civic Welfare Training Service","Arrays, Error Handling, Loops, Javascript",4,Senior IT Student,"GE 104: Readings in Philippine History, GE 105: Mathematics in the Modern World, Intro to Human Computer Interaction, Introduction to Computing","Error Handling, Loops, Arrays, UI/UX, Input and Output Handling",4,1
"IT Fundamentals, Intro to Human Computer Interaction","UI/UX, HTML",3,Senior IT Student,"Computer Programming, IT Fundamentals, PE 1: PATH FIT 1 - Movement Enhancement","Error Handling, Javascript, Loops, CSS, Input and Output Handling",4,0
"GE 104: Readings in Philippine History, GE 105: Mathematics in the Modern World",,3,Senior IT Student,"IT Fundamentals, Introduction to Computing","Javascript, Error Handling, CSS, HTML, Input and Output Handling",3,0
"Computer Programming, IT Fundamentals, Intro to Human Computer Interaction, PE 2: PATH FIT 2 - Fitness Exercises","HTML, Loops",3,Senior IT Student,GE EL 108: Philippine Indigenous Communities,,3,0
"Computer Programming, NSTP 2: Civic Welfare Training Service","Arrays, Input and Output Handling",4,Senior IT Student,"GE 104: Readings in Philippine History, NSTP 1: Civic Welfare Training Service, PE 2: PATH FIT 2 - Fitness Exercises",,3,0
"Computer Programming, Intro to Human Computer Interaction","Input and Output Handling, Javascript, Arrays, UI/UX, Error Handling",3,Senior IT Student,"GE 104: Readings in Philippine History, Introduction to Computing","Error Handling, Loops",5,0
"GE 105: Mathematics in the Modern World, GE 108: Understanding the Self",,3,Senior IT Student,"GE 104: Readings in Philippine History, Intro to Human Computer Interaction",UI/UX,3,0
"IT Fundamentals, NSTP 2: Civic Welfare Training Service","HTML, Javascript",4,Senior IT Student,"Computer Programming, GE EL 108: Philippine Indigenous Communities","Loops, Error Handling",5,0
"Computer Programming, PE 2: PATH FIT 2 - Fitness Exercises","Error Handling, Input and Output Handling, Loops",5,Senior IT Student,"GE EL 108: Philippine Indigenous Communities, GE 105: Mathematics in the Modern World",,5,0
GE 105: Mathematics in the Modern World,,2,Senior IT Student,"Computer Programming, Intro to Human Computer Interaction, NSTP 2: Civic Welfare Training Service","Loops, Input and Output Handling",5,0
"Computer Programming, IT Fundamentals","Javascript, Error Handling",2,Instructor,Intro to Human Computer Interaction,UI/UX,5,0
"IT Fundamentals, Introduction to Computing","Error Handling, HTML, Javascript",4,Instructor,"Computer Programming, Introduction to Computing","Javascript, Error Handling, Arrays, Loops, Input and Output Handling",5,1
"IT Fundamentals, PE 2: PATH FIT 2 - Fitness Exercises",CSS,2,Senior IT Student,"Intro to Human Computer Interaction, IT Fundamentals","Javascript, UI/UX, CSS",5,1
Computer Programming,"Arrays, Loops, Error Handling, Javascript, Input and Output Handling",4,Senior IT Student,"Computer Programming, Introduction to Computing, PE 1: PATH FIT 1 - Movement Enhancement, PE 2: PATH FIT 2 - Fitness Exercises","Javascript, Arrays",3,1
"Computer Programming, GE 105: Mathematics in the Modern World","Input and Output Handling, Arrays",2,Senior IT Student,"IT Fundamentals, Introduction to Computing, NSTP 1: Civic Welfare Training Service","HTML, Loops, Arrays, CSS",4,0
"GE EL 108: Philippine Indigenous Communities, NSTP 2: Civic Welfare Training Service",,4,Instructor,"GE 104: Readings in Philippine History, GE 105: Mathematics in the Modern World, IT Fundamentals, Intro to Human Computer Interaction","HTML, UI/UX, CSS",5,0
"IT Fundamentals, Introduction to Computing, PE 1: PATH FIT 1 - Movement Enhancement, PE 2: PATH FIT 2 - Fitness Exercises","CSS, Input and Output Handling, Error Handling",4,Instructor,"Introduction to Computing, IT Fundamentals, Computer Programming","Input and Output Handling, Error Handling, Arrays",5,1
"GE 104: Readings in Philippine History, GE 108: Understanding the Self, NSTP 2: Civic Welfare Training Service",,4,Senior IT Student,"Computer Programming, Introduction to Computing, PE 1: PATH FIT 1 - Movement Enhancement","Javascript, Input and Output Handling, Arrays, Loops, Error Handling",4,0
"IT Fundamentals, Introduction to Computing","Loops, CSS, HTML, Arrays",5,Senior IT Student,Computer Programming,"Error Handling, Arrays, Javascript, Input and Output Handling",5,0
"Computer Programming, IT Fundamentals","Javascript, Error Handling, Input and Output Handling, Arrays, CSS",3,Senior IT Student,"IT Fundamentals, NSTP 1: Civic Welfare Training Service","CSS, HTML, Javascript",4,1
NSTP 1: Civic Welfare Training Service,,3,Instructor,"Computer Programming, PE 1: PATH FIT 1 - Movement Enhancement","Input and Output Handling, Loops, Javascript",4,0
"Computer Programming, GE 104: Readings in Philippine History, GE EL 108: Philippine Indigenous Communities, Introduction to Computing","Arrays, Loops, Error Handling",2,Senior IT Student,GE 105: Mathematics in the Modern World,,4,0
NSTP 2: Civic Welfare Training Service,,2,Senior IT Student,GE 105: Mathematics in the Modern World,,4,0
"NSTP 1: Civic Welfare Training Service, NSTP 2: Civic Welfare Training Service",,4,Senior IT Student,"GE 105: Mathematics in the Modern World, Introduction to Computing","Error Handling, Loops, Input and Output Handling",3,0
"Computer Programming, IT Fundamentals","CSS, Arrays",2,Instructor,"IT Fundamentals, Introduction to Computing, PE 1: PATH FIT 1 - Movement Enhancement, PE 2: PATH FIT 2 - Fitness Exercises","Error Handling, Input and Output Handling, Arrays, HTML, CSS",5,1
"Computer Programming, GE 104: Readings in Philippine History, GE 108: Understanding the Self, IT Fundamentals, Introduction to Computing","CSS, Error Handling",4,Instructor,"GE 104: Readings in Philippine History, GE EL 108: Philippine Indigenous Communities, IT Fundamentals","HTML, Javascript, CSS",5,1
"Computer Programming, GE 105: Mathematics in the Modern World, GE EL 108: Philippine Indigenous Communities, Intro to Human Computer Interaction","Javascript, UI/UX, Arrays",2,Instructor,GE EL 108: Philippine Indigenous Communities,,5,0
"Computer Programming, IT Fundamentals, Introduction to Computing","Javascript, HTML, Input and Output Handling, Arrays, Error Handling",4,Senior IT Student,"IT Fundamentals, PE 2: PATH FIT 2 - Fitness Exercises","CSS, HTML, Javascript",4,1
"GE EL 108: Philippine Indigenous Communities, PE 2: PATH FIT 2 - Fitness Exercises",,2,Senior IT Student,"GE EL 108: Philippine Indigenous Communities, Intro to Human Computer Interaction, Introduction to Computing","Error Handling, Input and Output Handling, Loops",4,0
"Computer Programming, GE 108: Understanding the Self, GE EL 108: Philippine Indigenous Communities, IT Fundamentals","CSS, Loops, Arrays",4,Senior IT Student,"GE 104: Readings in Philippine History, IT Fundamentals","HTML, CSS",3,0
PE 1: PATH FIT 1 - Movement Enhancement,,5,Instructor,"Intro to Human Computer Interaction, IT Fundamentals, Introduction to Computing","CSS, Javascript, UI/UX, Input and Output Handling, Arrays",5,0
"GE 108: Understanding the Self, GE EL 108: Philippine Indigenous Communities, IT Fundamentals","HTML, CSS, Javascript",4,Instructor,"Intro to Human Computer Interaction, PE 2: PATH FIT 2 - Fitness Exercises",UI/UX,4,0
"GE 105: Mathematics in the Modern World, GE EL 108: Philippine Indigenous Communities, IT Fundamentals, Introduction to Computing","Javascript, Error Handling",3,Instructor,"Computer Programming, GE 104: Readings in Philippine History, GE EL 108: Philippine Indigenous Communities, IT Fundamentals, Introduction to Computing","Input and Output Handling, Arrays, Javascript, Loops",5,1
"Computer Programming, IT Fundamentals, Intro to Human Computer Interaction, NSTP 1: Civic Welfare Training Service",CSS,4,Senior IT Student,Introduction to Computing,"Loops, Arrays, Input and Output Handling, Error Handling",3,0
"Computer Programming, GE 104: Readings in Philippine History","Arrays, Error Handling, Loops, Javascript",4,Instructor,"GE 104: Readings in Philippine History, GE 105: Mathematics in the Modern World, IT Fundamentals, Introduction to Computing","Arrays, Javascript, Error Handling, Loops, HTML",4,1
"GE EL 108: Philippine Indigenous Communities, GE 105: Mathematics in the Modern World",,5,Instructor,"Computer Programming, GE 105: Mathematics in the Modern World, Intro to Human Computer Interaction","Loops, Error Handling",5,1
"Computer Programming, IT Fundamentals, Introduction to Computing","Input and Output Handling, Arrays",5,Instructor,"Computer Programming, GE 104: Readings in Philippine History, GE EL 108: Philippine Indigenous Communities","Error Handling, Arrays, Javascript, Input and Output Handling, Loops",4,1
"GE 105: Mathematics in the Modern World, GE 108: Understanding the Self, IT Fundamentals, Introduction to Computing","Loops, Error Handling, HTML, CSS, Javascript",3,Senior IT Student,"Introduction to Computing, IT Fundamentals","HTML, Input and Output Handling, Arrays",5,1
"Computer Programming, IT Fundamentals, Intro to Human Computer Interaction, PE 1: PATH FIT 1 - Movement Enhancement, PE 2: PATH FIT 2 - Fitness Exercises",HTML,3,Senior IT Student,"Computer Programming, GE 104: Readings in Philippine History, GE EL 108: Philippine Indigenous Communities, Introduction to Computing","Error Handling, Loops, Arrays, Input and Output Handling, Javascript",3,0
GE EL 108: Philippine Indigenous Communities,,4,Instructor,"IT Fundamentals, Computer Programming","Javascript, Error Handling, HTML, Input and Output Handling",5,0
IT Fundamentals,"CSS, Javascript",3,Senior IT Student,"GE EL 108: Philippine Indigenous Communities, Intro to Human Computer Interaction",UI/UX,3,0
"IT Fundamentals, Intro to Human Computer Interaction","Javascript, UI/UX",4,Instructor,Computer Programming,"Input and Output Handling, Loops, Arrays, Javascript",5,0
"PE 2: PATH FIT 2 - Fitness Exercises, PE 1: PATH FIT 1 - Movement Enhancement",,2,Senior IT Student,"IT Fundamentals, Introduction to Computing, PE 2: PATH FIT 2 - Fitness Exercises","Javascript, Input and Output Handling, Error Handling, CSS, HTML",3,1
"IT Fundamentals, Intro to Human Computer Interaction","Javascript, UI/UX",4,Senior IT Student,"Intro to Human Computer Interaction, NSTP 2: Civic Welfare Training Service",UI/UX,5,1
"Computer Programming, NSTP 1: Civic Welfare Training Service",Loops,3,Senior IT Student,"IT Fundamentals, Introduction to Computing","Loops, HTML, Input and Output Handling, Javascript",4,0
"GE 104: Readings in Philippine History, GE 108: Understanding the Self, IT Fundamentals","Javascript, CSS",3,Instructor,"GE 108: Understanding the Self, Introduction to Computing","Loops, Error Handling, Arrays, Input and Output Handling",5,1
"GE 104: Readings in Philippine History, IT Fundamentals, Intro to Human Computer Interaction","CSS, HTML, UI/UX, Javascript",2,Instructor,"PE 1: PATH FIT 1 - Movement Enhancement, PE 2: PATH FIT 2 - Fitness Exercises",,4,0
"IT Fundamentals, PE 1: PATH FIT 1 - Movement Enhancement, PE 2: PATH FIT 2 - Fitness Exercises",Javascript,2,Senior IT Student,NSTP 1: Civic Welfare Training Service,,4,0
"GE 105: Mathematics in the Modern World, IT Fundamentals",CSS,4,Senior IT Student,"Intro to Human Computer Interaction, IT Fundamentals","CSS, Javascript, HTML",3,0
"GE 104: Readings in Philippine History, GE 108: Understanding the Self, IT Fundamentals","HTML, Javascript, CSS",4,Instructor,"GE 105: Mathematics in the Modern World, IT Fundamentals, Intro to Human Computer Interaction","Javascript, UI/UX",5,1
"Computer Programming, IT Fundamentals, Intro to Human Computer Interaction, NSTP 1: Civic Welfare Training Service","Loops, Error Handling, Input and Output Handling",3,Senior IT Student,"Introduction to Computing, NSTP 1: Civic Welfare Training Service","Arrays, Error Handling",4,1
"Computer Programming, Intro to Human Computer Interaction, PE 1: PATH FIT 1 - Movement Enhancement, PE 2: PATH FIT 2 - Fitness Exercises","Error Handling, Arrays, Input and Output Handling, Loops",5,Senior IT Student,"GE 105: Mathematics in the Modern World, GE 108: Understanding the Self",,5,0
"Computer Programming, IT Fundamentals, Introduction to Computing","Input and Output Handling, Error Handling, Loops, HTML, CSS",3,Instructor,"Computer Programming, GE 105: Mathematics in the Modern World, GE EL 108: Philippine Indigenous Communities, IT Fundamentals","Input and Output Handling, Loops, Error Handling, CSS, Javascript, HTML",5,1
"GE 104: Readings in Philippine History, GE 105: Mathematics in the Modern World",,5,Instructor,"Intro to Human Computer Interaction, Introduction to Computing","Loops, Error Handling, UI/UX, Arrays, Input and Output Handling",5,0
"Computer Programming, IT Fundamentals, Intro to Human Computer Interaction, NSTP 1: Civic Welfare Training Service","Javascript, UI/UX",5,Senior IT Student,"Introduction to Computing, Computer Programming, IT Fundamentals","HTML, Loops, Arrays, Javascript",4,1
Computer Programming,"Error Handling, Loops, Javascript, Input and Output Handling, Arrays",5,Instructor,NSTP 1: Civic Welfare Training Service,,4,0
"Computer Programming, GE 105: Mathematics in the Modern World, GE 108: Understanding the Self, Intro to Human Computer Interaction","Javascript, UI/UX, Arrays",3,Instructor,"Intro to Human Computer Interaction, Computer Programming, Introduction to Computing","Loops, Arrays, Input and Output Handling",5,1
"GE 104: Readings in Philippine History, GE 108: Understanding the Self",,5,Instructor,"Computer Programming, Introduction to Computing, NSTP 1: Civic Welfare Training Service","Input and Output Handling, Loops, Arrays, Error Handling, Javascript",4,0
"Computer Programming, IT Fundamentals, Intro to Human Computer Interaction","Loops, Error Handling",3,Senior IT Student,"PE 1: PATH FIT 1 - Movement Enhancement, PE 2: PATH FIT 2 - Fitness Exercises",,3,0
"GE 105: Mathematics in the Modern World, GE EL 108: Philippine Indigenous Communities",,4,Instructor,"Introduction to Computing, NSTP 2: Civic Welfare Training Service","Input and Output Handling, Arrays, Error Handling, Loops",4,0
"GE 108: Understanding the Self, GE EL 108: Philippine Indigenous Communities, NSTP 2: Civic Welfare Training Service",,3,Senior IT Student,Intro to Human Computer Interaction,UI/UX,4,0
GE 108: Understanding the Self,,5,Instructor,"GE EL 108: Philippine Indigenous Communities, PE 1: PATH FIT 1 - Movement Enhancement, PE 2: PATH FIT 2 - Fitness Exercises",,4,0
"IT Fundamentals, PE 1: PATH FIT 1 - Movement Enhancement, PE 2: PATH FIT 2 - Fitness Exercises","Javascript, HTML, CSS",2,Senior IT Student,NSTP 1: Civic Welfare Training Service,,4,0
"Computer Programming, GE 108: Understanding the Self, IT Fundamentals, Intro to Human Computer Interaction",CSS,4,Instructor,"GE 108: Understanding the Self, Introduction to Computing","Arrays, Error Handling, Input and Output Handling",5,0
"Computer Programming, IT Fundamentals, Intro to Human Computer Interaction","Error Handling, Input and Output Handling, Loops, Javascript",3,Senior IT Student,"Introduction to Computing, IT Fundamentals, Intro to Human Computer Interaction","CSS, UI/UX, Javascript",4,1
"IT Fundamentals, Intro to Human Computer Interaction","Javascript, UI/UX",3,Instructor,"IT Fundamentals, Intro to Human Computer Interaction, NSTP 1: Civic Welfare Training Service","CSS, UI/UX, HTML",5,1
NSTP 1: Civic Welfare Training Service,,4,Instructor,"Computer Programming, Intro to Human Computer Interaction","UI/UX, Error Handling, Loops",4,0
"IT Fundamentals, Intro to Human Computer Interaction","UI/UX, CSS, HTML",5,Instructor,IT Fundamentals,"Javascript, HTML, CSS",4,0
"Computer Programming, IT Fundamentals, Intro to Human Computer Interaction, NSTP 2: Civic Welfare Training Service","Javascript, CSS, Error Handling",5,Senior IT Student,"GE 104: Readings in Philippine History, GE EL 108: Philippine Indigenous Communities, IT Fundamentals","Javascript, HTML",3,0
"Computer Programming, GE 108: Understanding the Self, GE EL 108: Philippine Indigenous Communities, Introduction to Computing","Error Handling, Arrays, Javascript, Loops",2,Instructor,NSTP 1: Civic Welfare Training Service,,5,0
"Computer Programming, GE 104: Readings in Philippine History, GE EL 108: Philippine Indigenous Communities","Arrays, Input and Output Handling, Loops, Error Handling",4,Senior IT Student,"Computer Programming, IT Fundamentals","Arrays, Error Handling, HTML",4,1
GE 108: Understanding the Self,,4,Senior IT Student,"Computer Programming, GE 108: Understanding the Self, GE EL 108: Philippine Indigenous Communities","Input and Output Handling, Arrays",3,0
"Computer Programming, IT Fundamentals","Javascript, Error Handling, CSS",3,Instructor,"Computer Programming, GE EL 108: Philippine Indigenous Communities, IT Fundamentals, Introduction to Computing","CSS, Input and Output Handling, Arrays, HTML, Loops, Error Handling",4,1
"IT Fundamentals, Intro to Human Computer Interaction, PE 1: PATH FIT 1 - Movement Enhancement","CSS, UI/UX, HTML",5,Senior IT Student,Computer Programming,"Input and Output Handling, Javascript, Arrays, Error Handling",3,0
"Computer Programming, IT Fundamentals, Introduction to Computing","CSS, Error Handling, Arrays, Input and Output Handling",4,Senior IT Student,"Introduction to Computing, IT Fundamentals, Computer Programming","Loops, Input and Output Handling, CSS, HTML",4,1
"GE 105: Mathematics in the Modern World, GE 108: Understanding the Self",,3,Senior IT Student,"GE 104: Readings in Philippine History, GE 108: Understanding the Self, Intro to Human Computer Interaction",UI/UX,4,0
"Computer Programming, GE 105: Mathematics in the Modern World, GE EL 108: Philippine Indigenous Communities","Javascript, Loops, Error Handling, Input and Output Handling, Arrays",4,Instructor,Introduction to Computing,"Error Handling, Input and Output Handling, Arrays",5,1
"Computer Programming, GE 104: Readings in Philippine History, GE EL 108: Philippine Indigenous Communities","Loops, Input and Output Handling, Error Handling",3,Instructor,"Intro to Human Computer Interaction, PE 1: PATH FIT 1 - Movement Enhancement, PE 2: PATH FIT 2 - Fitness Exercises",UI/UX,4,0
"Computer Programming, IT Fundamentals","CSS, Input and Output Handling, Error Handling, Arrays, Javascript",2,Senior IT Student,"Introduction to Computing, Intro to Human Computer Interaction, IT Fundamentals","HTML, Arrays, Error Handling, CSS",4,1
"Computer Programming, GE 105: Mathematics in the Modern World, GE 108: Understanding the Self","Input and Output Handling, Error Handling, Arrays, Loops",5,Senior IT Student,"Computer Programming, GE 108: Understanding the Self, GE EL 108: Philippine Indigenous Communities, IT Fundamentals","HTML, Loops, Javascript",3,1
"IT Fundamentals, Intro to Human Computer Interaction","UI/UX, CSS",2,Instructor,"GE 104: Readings in Philippine History, Intro to Human Computer Interaction, Introduction to Computing","UI/UX, Error Handling, Loops, Input and Output Handling",5,1
IT Fundamentals,"Javascript, CSS, HTML",3,Senior IT Student,IT Fundamentals,"Javascript, HTML, CSS",3,1
GE 105: Mathematics in the Modern World,,3,Senior IT Student,"GE 104: Readings in Philippine History, GE 108: Understanding the Self, IT Fundamentals, Introduction to Computing","Error Handling, Arrays, Loops, HTML",4,0
Computer Programming,"Error Handling, Javascript, Loops, Input and Output Handling, Arrays",3,Senior IT Student,"GE EL 108: Philippine Indigenous Communities, PE 1: PATH FIT 1 - Movement Enhancement, PE 2: PATH FIT 2 - Fitness Exercises",,4,0
"Computer Programming, GE 108: Understanding the Self, GE EL 108: Philippine Indigenous Communities, IT Fundamentals","Javascript, Loops, Error Handling, Arrays",5,Instructor,"Computer Programming, GE 105: Mathematics in the Modern World, Introduction to Computing","Loops, Javascript",5,1
"Computer Programming, IT Fundamentals, PE 2: PATH FIT 2 - Fitness Exercises","Javascript, CSS, Loops",3,Senior IT Student,"Computer Programming, Intro to Human Computer Interaction, PE 1: PATH FIT 1 - Movement Enhancement, PE 2: PATH FIT 2 - Fitness Exercises","UI/UX, Loops, Javascript",3,1
"GE 108: Understanding the Self, IT Fundamentals","Javascript, CSS",5,Senior IT Student,"GE 105: Mathematics in the Modern World, IT Fundamentals, Intro to Human Computer Interaction","Javascript, HTML, CSS, UI/UX",4,1
"IT Fundamentals, Introduction to Computing","Error Handling, Javascript, HTML, Loops, Arrays",5,Senior IT Student,"GE 105: Mathematics in the Modern World, Introduction to Computing","Loops, Input and Output Handling",4,0
"IT Fundamentals, Intro to Human Computer Interaction, NSTP 1: Civic Welfare Training Service","Javascript, UI/UX, HTML, CSS",5,Senior IT Student,GE 104: Readings in Philippine History,,5,0
NSTP 2: Civic Welfare Training Service,,4,Senior IT Student,NSTP 1: Civic Welfare Training Service,,4,0
"Computer Programming, Introduction to Computing, NSTP 2: Civic Welfare Training Service","Loops, Javascript, Error Handling",4,Instructor,"Computer Programming, GE 105: Mathematics in the Modern World","Error Handling, Input and Output Handling, Arrays, Javascript",5,1
IT Fundamentals,"HTML, Javascript, CSS",3,Instructor,"GE 105: Mathematics in the Modern World, Intro to Human Computer Interaction",UI/UX,5,0
"PE 2: PATH FIT 2 - Fitness Exercises, PE 1: PATH FIT 1 - Movement Enhancement",,2,Senior IT Student,GE 108: Understanding the Self,,4,0
"GE 108: Understanding the Self, GE EL 108: Philippine Indigenous Communities, IT Fundamentals, Introduction to Computing","Error Handling, CSS",4,Senior IT Student,"Computer Programming, Introduction to Computing, IT Fundamentals","Arrays, Loops, CSS, Error Handling",3,1
"Computer Programming, IT Fundamentals, Introduction to Computing, NSTP 2: Civic Welfare Training Service","Javascript, CSS, Input and Output Handling",3,Instructor,"Computer Programming, Intro to Human Computer Interaction","Input and Output Handling, Javascript, Arrays, Loops, Error Handling, UI/UX",5,1
"PE 1: PATH FIT 1 - Movement Enhancement, PE 2: PATH FIT 2 - Fitness Exercises",,2,Senior IT Student,"Introduction to Computing, Computer Programming","Javascript, Error Handling, Arrays",4,0
"Computer Programming, GE 104: Readings in Philippine History, IT Fundamentals","CSS, Javascript",2,Senior IT Student,"GE 104: Readings in Philippine History, GE 108: Understanding the Self, IT Fundamentals, Introduction to Computing","Javascript, Loops, Error Handling",5,1
IT Fundamentals,"HTML, Javascript",4,Senior IT Student,"GE 108: Understanding the Self, NSTP 1: Civic Welfare Training Service, NSTP 2: Civic Welfare Training Service",,3,0
"GE 104: Readings in Philippine History, IT Fundamentals","Javascript, CSS, HTML",5,Senior IT Student,"GE 108: Understanding the Self, GE EL 108: Philippine Indigenous Communities",,4,0
"GE 105: Mathematics in the Modern World, GE EL 108: Philippine Indigenous Communities",,3,Senior IT Student,"Introduction to Computing, PE 1: PATH FIT 1 - Movement Enhancement","Loops, Error Handling, Input and Output Handling",4,0
"Computer Programming, IT Fundamentals, Introduction to Computing, PE 1: PATH FIT 1 - Movement Enhancement, PE 2: PATH FIT 2 - Fitness Exercises","Loops, Arrays, CSS, Input and Output Handling",4,Senior IT Student,"Introduction to Computing, Computer Programming","Javascript, Loops, Arrays, Error Handling",3,1
"GE 104: Readings in Philippine History, GE EL 108: Philippine Indigenous Communities",,2,Senior IT Student,Computer Programming,"Arrays, Javascript, Loops, Error Handling",3,0
"GE EL 108: Philippine Indigenous Communities, IT Fundamentals","CSS, HTML, Javascript",4,Senior IT Student,"Intro to Human Computer Interaction, Introduction to Computing, PE 1: PATH FIT 1 - Movement Enhancement, PE 2: PATH FIT 2 - Fitness Exercises","Input and Output Handling, Arrays, Error Handling, UI/UX",5,0
"Computer Programming, GE 105: Mathematics in the Modern World, GE EL 108: Philippine Indigenous Communities","Error Handling, Input and Output Handling, Arrays",2,Senior IT Student,"Computer Programming, Introduction to Computing","Loops, Javascript, Arrays, Input and Output Handling, Error Handling",4,1
"Computer Programming, NSTP 2: Civic Welfare Training Service","Loops, Javascript",4,Instructor,"Computer Programming, IT Fundamentals","Javascript, Loops, Error Handling, Input and Output Handling",4,1
GE 108: Understanding the Self,,2,Senior IT Student,IT Fundamentals,"HTML, Javascript, CSS",5,0
"GE 108: Understanding the Self, GE 104: Readings in Philippine History",,5,Senior IT Student,"IT Fundamentals, Computer Programming","Error Handling, Input and Output Handling, Arrays, Javascript, HTML, CSS",3,0
"IT Fundamentals, Introduction to Computing, PE 1: PATH FIT 1 - Movement Enhancement, PE 2: PATH FIT 2 - Fitness Exercises","Error Handling, Loops, CSS",5,Instructor,"IT Fundamentals, NSTP 2: Civic Welfare Training Service","HTML, Javascript, CSS",5,1
NSTP 2: Civic Welfare Training Service,,5,Senior IT Student,NSTP 2: Civic Welfare Training Service,,4,0
IT Fundamentals,"HTML, CSS",2,Senior IT Student,"GE 108: Understanding the Self, IT Fundamentals","HTML, CSS, Javascript",3,1
"Computer Programming, GE 105: Mathematics in the Modern World, IT Fundamentals","Arrays, CSS",3,Senior IT Student,"IT Fundamentals, Intro to Human Computer Interaction, Introduction to Computing","HTML, UI/UX, Arrays",5,1
"GE 108: Understanding the Self, GE 104: Readings in Philippine History",,5,Senior IT Student,"GE 104: Readings in Philippine History, GE 108: Understanding the Self, Introduction to Computing","Input and Output Handling, Loops",4,0
"Computer Programming, GE 104: Readings in Philippine History, GE 108: Understanding the Self, IT Fundamentals, Intro to Human Computer Interaction","UI/UX, Input and Output Handling, Loops, CSS",4,Instructor,NSTP 2: Civic Welfare Training Service,,5,0
"Computer Programming, GE 104: Readings in Philippine History, GE 105: Mathematics in the Modern World","Arrays, Error Handling, Input and Output Handling",2,Instructor,"Computer Programming, Intro to Human Computer Interaction, Introduction to Computing, PE 1: PATH FIT 1 - Movement Enhancement","Arrays, Error Handling, UI/UX, Input and Output Handling",5,1
"Computer Programming, GE 104: Readings in Philippine History, GE EL 108: Philippine Indigenous Communities, Introduction to Computing","Arrays, Error Handling, Javascript, Loops",3,Senior IT Student,PE 1: PATH FIT 1 - Movement Enhancement,,3,0
"IT Fundamentals, Intro to Human Computer Interaction, NSTP 1: Civic Welfare Training Service","Javascript, CSS",3,Senior IT Student,"Computer Programming, Introduction to Computing, PE 1: PATH FIT 1 - Movement Enhancement, PE 2: PATH FIT 2 - Fitness Exercises","Input and Output Handling, Javascript, Arrays, Loops, Error Handling",4,0
"Computer Programming, Intro to Human Computer Interaction","Input and Output Handling, UI/UX, Error Handling, Javascript, Arrays",3,Instructor,"Intro to Human Computer Interaction, IT Fundamentals","HTML, UI/UX, Javascript",5,1
"Computer Programming, GE 104: Readings in Philippine History, GE 108: Understanding the Self","Input and Output Handling, Javascript",4,Senior IT Student,Computer Programming,"Javascript, Error Handling, Arrays, Loops",5,1
IT Fundamentals,"HTML, Javascript, CSS",3,Senior IT Student,"GE 105: Mathematics in the Modern World, IT Fundamentals, Intro to Human Computer Interaction","CSS, Javascript",3,1
"GE 104: Readings in Philippine History, GE EL 108: Philippine Indigenous Communities, IT Fundamentals","HTML, CSS",3,Instructor,"Computer Programming, Intro to Human Computer Interaction, NSTP 2: Civic Welfare Training Service","UI/UX, Arrays, Error Handling, Javascript",5,0
"IT Fundamentals, Introduction to Computing, PE 1: PATH FIT 1 - Movement Enhancement, PE 2: PATH FIT 2 - Fitness Exercises",Input and Output Handling,4,Senior IT Student,"Intro to Human Computer Interaction, Introduction to Computing, NSTP 2: Civic Welfare Training Service","Error Handling, Input and Output Handling, Loops",4,1
"Computer Programming, IT Fundamentals, Intro to Human Computer Interaction, NSTP 2: Civic Welfare Training Service",Error Handling,3,Instructor,"IT Fundamentals, Introduction to Computing","Arrays, HTML, Error Handling, Input and Output Handling, Javascript",4,1
"GE 104: Readings in Philippine History, GE EL 108: Philippine Indigenous Communities, PE 1: PATH FIT 1 - Movement Enhancement",,4,Instructor,"IT Fundamentals, PE 1: PATH FIT 1 - Movement Enhancement","CSS, HTML, Javascript",4,0
Computer Programming,"Loops, Error Handling",5,Senior IT Student,"Computer Programming, GE 104: Readings in Philippine History, GE 108: Understanding the Self, Intro to Human Computer Interaction","Arrays, UI/UX, Loops, Javascript",4,0
"GE EL 108: Philippine Indigenous Communities, NSTP 1: Civic Welfare Training Service",,5,Senior IT Student,"Computer Programming, GE 105: Mathematics in the Modern World, GE 108: Understanding the Self, IT Fundamentals","HTML, Loops, CSS",3,0
GE 105: Mathematics in the Modern World,,3,Senior IT Student,"Computer Programming, NSTP 1: Civic Welfare Training Service","Error Handling, Javascript",4,0
"Computer Programming, Introduction to Computing","Javascript, Loops, Error Handling, Arrays",4,Senior IT Student,"Computer Programming, NSTP 2: Civic Welfare Training Service","Input and Output Handling, Error Handling, Loops",3,0
"Computer Programming, GE 105: Mathematics in the Modern World, IT Fundamentals, Introduction to Computing","Arrays, Javascript, CSS",5,Instructor,"Intro to Human Computer Interaction, PE 1: PATH FIT 1 - Movement Enhancement, PE 2: PATH FIT 2 - Fitness Exercises",UI/UX,4,0
"GE 108: Understanding the Self, IT Fundamentals, Introduction to Computing","Input and Output Handling, Error Handling",3,Instructor,"IT Fundamentals, Intro to Human Computer Interaction, Computer Programming","Javascript, HTML, UI/UX, Loops, Arrays",5,1
"IT Fundamentals, PE 1: PATH FIT 1 - Movement Enhancement","Javascript, HTML, CSS",2,Senior IT Student,"Intro to Human Computer Interaction, Computer Programming, Introduction to Computing","Javascript, Arrays, Input and Output Handling",4,0
"Computer Programming, IT Fundamentals, Introduction to Computing","Javascript, CSS, HTML, Arrays",4,Senior IT Student,"Computer Programming, Intro to Human Computer Interaction, PE 1: PATH FIT 1 - Movement Enhancement","Javascript, Error Handling, UI/UX",3,0
"Computer Programming, IT Fundamentals, Introduction to Computing","Error Handling, Loops, Arrays, CSS, HTML",4,Instructor,"IT Fundamentals, Computer Programming","HTML, Arrays, Input and Output Handling",4,1
"GE 104: Readings in Philippine History, GE EL 108: Philippine Indigenous Communities",,3,Senior IT Student,Intro to Human Computer Interaction,UI/UX,4,0
"Computer Programming, IT Fundamentals, PE 1: PATH FIT 1 - Movement Enhancement, PE 2: PATH FIT 2 - Fitness Exercises",Loops,4,Instructor,NSTP 2: Civic Welfare Training Service,,4,0
"Computer Programming, GE 108: Understanding the Self, GE EL 108: Philippine Indigenous Communities",Error Handling,4,Instructor,"GE 105: Mathematics in the Modern World, Intro to Human Computer Interaction",UI/UX,4,0
"GE 105: Mathematics in the Modern World, GE 104: Readings in Philippine History",,5,Senior IT Student,"IT Fundamentals, Introduction to Computing, PE 2: PATH FIT 2 - Fitness Exercises","Error Handling, Input and Output Handling, Loops, Javascript",5,0
NSTP 2: Civic Welfare Training Service,,3,Senior IT Student,"IT Fundamentals, NSTP 2: Civic Welfare Training Service","Javascript, CSS, HTML",3,1
"GE 104: Readings in Philippine History, PE 1: PATH FIT 1 - Movement Enhancement",,3,Senior IT Student,"Computer Programming, IT Fundamentals, PE 2: PATH FIT 2 - Fitness Exercises","Javascript, HTML, Input and Output Handling",3,0
"IT Fundamentals, Intro to Human Computer Interaction","CSS, Javascript, UI/UX",4,Senior IT Student,"GE 104: Readings in Philippine History, IT Fundamentals","Javascript, HTML",4,1
"IT Fundamentals, Intro to Human Computer Interaction","HTML, UI/UX",3,Instructor,"IT Fundamentals, Intro to Human Computer Interaction, NSTP 2: Civic Welfare Training Service","CSS, HTML, Javascript, UI/UX",5,1
"Computer Programming, IT Fundamentals","Loops, Javascript, HTML, Error Handling",4,Instructor,"Computer Programming, NSTP 1: Civic Welfare Training Service","Arrays, Input and Output Handling, Loops",4,1
IT Fundamentals,"HTML, CSS, Javascript",3,Instructor,Computer Programming,"Loops, Error Handling, Arrays",4,0
"Computer Programming, GE 108: Understanding the Self, GE EL 108: Philippine Indigenous Communities, IT Fundamentals",Arrays,2,Senior IT Student,GE EL 108: Philippine Indigenous Communities,,4,1
Computer Programming,"Javascript, Arrays",5,Senior IT Student,"IT Fundamentals, PE 1: PATH FIT 1 - Movement Enhancement, PE 2: PATH FIT 2 - Fitness Exercises","CSS, Javascript, HTML",4,0
"NSTP 1: Civic Welfare Training Service, PE 1: PATH FIT 1 - Movement Enhancement",,2,Senior IT Student,"GE 104: Readings in Philippine History, GE 105: Mathematics in the Modern World, IT Fundamentals","HTML, Javascript",3,0
Computer Programming,"Javascript, Arrays, Loops, Error Handling, Input and Output Handling",2,Senior IT Student,"IT Fundamentals, Computer Programming","HTML, Javascript, Loops, Error Handling",3,1
"Computer Programming, IT Fundamentals","Error Handling, Loops, Arrays, Input and Output Handling",3,Instructor,"GE 104: Readings in Philippine History, GE 105: Mathematics in the Modern World, IT Fundamentals, Introduction to Computing","Javascript, Error Handling, Arrays, HTML, Loops",4,1
"Computer Programming, Introduction to Computing, NSTP 1: Civic Welfare Training Service","Javascript, Loops, Arrays, Error Handling",4,Senior IT Student,"GE 104: Readings in Philippine History, GE 105: Mathematics in the Modern World, IT Fundamentals","CSS, Javascript",5,0
"Computer Programming, Introduction to Computing, PE 2: PATH FIT 2 - Fitness Exercises","Arrays, Loops, Error Handling, Javascript",2,Senior IT Student,"Introduction to Computing, IT Fundamentals, Intro to Human Computer Interaction","Arrays, UI/UX, CSS, Input and Output Handling, Javascript, HTML",5,1
"Computer Programming, IT Fundamentals, Intro to Human Computer Interaction","Javascript, Error Handling",3,Senior IT Student,"Intro to Human Computer Interaction, Introduction to Computing","Error Handling, Arrays, Input and Output Handling",3,1
"Computer Programming, IT Fundamentals, Introduction to Computing","CSS, Input and Output Handling, Arrays, Error Handling, HTML",4,Senior IT Student,"Computer Programming, IT Fundamentals, Intro to Human Computer Interaction, NSTP 1: Civic Welfare Training Service","Input and Output Handling, Arrays, Loops",4,1
"Computer Programming, IT Fundamentals","Arrays, Loops, Error Handling, Javascript",4,Instructor,"NSTP 1: Civic Welfare Training Service, NSTP 2: Civic Welfare Training Service, PE 2: PATH FIT 2 - Fitness Exercises",,4,0
"Computer Programming, IT Fundamentals","Error Handling, Javascript, HTML",2,Senior IT Student,"Computer Programming, NSTP 1: Civic Welfare Training Service","Javascript, Error Handling, Loops, Arrays, Input and Output Handling",3,1
"Computer Programming, IT Fundamentals","CSS, Arrays, Input and Output Handling",4,Senior IT Student,"Computer Programming, NSTP 1: Civic Welfare Training Service","Error Handling, Loops",4,0
"GE EL 108: Philippine Indigenous Communities, GE 105: Mathematics in the Modern World",,3,Instructor,"Intro to Human Computer Interaction, Introduction to Computing, NSTP 1: Civic Welfare Training Service","Error Handling, Input and Output Handling, Arrays, Loops",5,0
Computer Programming,"Loops, Arrays, Error Handling, Javascript, Input and Output Handling",4,Senior IT Student,"GE 108: Understanding the Self, Introduction to Computing","Error Handling, Input and Output Handling",4,0
"Computer Programming, IT Fundamentals","Javascript, HTML, CSS, Input and Output Handling, Error Handling",4,Instructor,"GE 105: Mathematics in the Modern World, GE 108: Understanding the Self",,4,0
"Computer Programming, GE 104: Readings in Philippine History, GE 105: Mathematics in the Modern World, IT Fundamentals","Error Handling, Javascript, Loops, Arrays",5,Instructor,"IT Fundamentals, Introduction to Computing, PE 1: PATH FIT 1 - Movement Enhancement, PE 2: PATH FIT 2 - Fitness Exercises","Arrays, Loops, HTML, Javascript, Input and Output Handling",5,1
"Computer Programming, IT Fundamentals, PE 1: PATH FIT 1 - Movement Enhancement, PE 2: PATH FIT 2 - Fitness Exercises","CSS, Loops, Input and Output Handling, Error Handling",5,Senior IT Student,"GE 104: Readings in Philippine History, Intro to Human Computer Interaction",UI/UX,4,0
"NSTP 1: Civic Welfare Training Service, PE 2: PATH FIT 2 - Fitness Exercises",,3,Instructor,"Introduction to Computing, IT Fundamentals","Error Handling, CSS, Loops, HTML",4,0
"GE 105: Mathematics in the Modern World, GE EL 108: Philippine Indigenous Communities",,4,Senior IT Student,"IT Fundamentals, Introduction to Computing, Computer Programming","Arrays, CSS, Loops, Input and Output Handling, HTML",5,0
"Computer Programming, IT Fundamentals","Arrays, HTML, Javascript, Error Handling, Loops",5,Senior IT Student,GE EL 108: Philippine Indigenous Communities,,4,0
"IT Fundamentals, Intro to Human Computer Interaction","Javascript, CSS, UI/UX",3,Senior IT Student,"Introduction to Computing, Computer Programming, Intro to Human Computer Interaction","Error Handling, Loops, Javascript, Input and Output Handling, Arrays, UI/UX",3,1
"IT Fundamentals, Introduction to Computing","HTML, CSS, Javascript",4,Senior IT Student,"GE 108: Understanding the Self, GE EL 108: Philippine Indigenous Communities, IT Fundamentals, Introduction to Computing","HTML, Javascript, Loops, CSS, Input and Output Handling",5,1
IT Fundamentals,"CSS, Javascript",4,Senior IT Student,"GE 105: Mathematics in the Modern World, GE 108: Understanding the Self, IT Fundamentals","CSS, HTML",4,1
"IT Fundamentals, Intro to Human Computer Interaction","UI/UX, CSS, HTML",3,Senior IT Student,"IT Fundamentals, PE 1: PATH FIT 1 - Movement Enhancement","CSS, HTML",3,1
"Computer Programming, IT Fundamentals, PE 2: PATH FIT 2 - Fitness Exercises","Arrays, HTML",4,Senior IT Student,"IT Fundamentals, Intro to Human Computer Interaction, NSTP 1: Civic Welfare Training Service","Javascript, CSS, UI/UX",4,1
"Computer Programming, IT Fundamentals","Javascript, CSS, Error Handling",5,Instructor,"IT Fundamentals, Introduction to Computing, NSTP 1: Civic Welfare Training Service","Javascript, Error Handling, Arrays, Input and Output Handling, HTML",5,1
"Computer Programming, IT Fundamentals","CSS, Error Handling, Input and Output Handling, Arrays, Loops",3,Instructor,"Intro to Human Computer Interaction, Introduction to Computing, PE 1: PATH FIT 1 - Movement Enhancement, PE 2: PATH FIT 2 - Fitness Exercises","Input and Output Handling, Error Handling, UI/UX",5,0
"IT Fundamentals, PE 1: PATH FIT 1 - Movement Enhancement","HTML, CSS",4,Instructor,"GE 104: Readings in Philippine History, Intro to Human Computer Interaction, Introduction to Computing","Loops, Error Handling, UI/UX",5,0
"Computer Programming, Intro to Human Computer Interaction","Input and Output Handling, Error Handling, Arrays, Loops, Javascript",3,Instructor,"GE 104: Readings in Philippine History, GE 108: Understanding the Self",,5,0
"Computer Programming, GE 104: Readings in Philippine History, GE EL 108: Philippine Indigenous Communities",Loops,4,Senior IT Student,"GE 108: Understanding the Self, GE EL 108: Philippine Indigenous Communities, Intro to Human Computer Interaction",UI/UX,4,0
IT Fundamentals,"HTML, CSS",3,Instructor,"NSTP 1: Civic Welfare Training Service, PE 2: PATH FIT 2 - Fitness Exercises",,4,0
GE EL 108: Philippine Indigenous Communities,,5,Senior IT Student,GE 104: Readings in Philippine History,,4,0
"GE 105: Mathematics in the Modern World, GE EL 108: Philippine Indigenous Communities, IT Fundamentals",CSS,2,Senior IT Student,"Intro to Human Computer Interaction, Computer Programming","Loops, Input and Output Handling, Javascript, Error Handling, UI/UX",3,0
"IT Fundamentals, Intro to Human Computer Interaction","Javascript, UI/UX",3,Senior IT Student,"Intro to Human Computer Interaction, Computer Programming, Introduction to Computing","Error Handling, Loops, Javascript, Arrays",4,1
"Computer Programming, Introduction to Computing","Loops, Arrays, Error Handling, Javascript, Input and Output Handling",4,Senior IT Student,"GE 108: Understanding the Self, IT Fundamentals","Javascript, CSS",3,0
"IT Fundamentals, PE 2: PATH FIT 2 - Fitness Exercises","HTML, Javascript, CSS",2,Instructor,"Computer Programming, NSTP 1: Civic Welfare Training Service","Javascript, Loops, Input and Output Handling",4,0
"Computer Programming, NSTP 1: Civic Welfare Training Service","Loops, Error Handling",4,Senior IT Student,"Intro to Human Computer Interaction, Introduction to Computing, IT Fundamentals","HTML, Input and Output Handling, Javascript, CSS, Loops",5,0
IT Fundamentals,"CSS, Javascript, HTML",5,Senior IT Student,"GE 105: Mathematics in the Modern World, GE EL 108: Philippine Indigenous Communities",,4,0
"IT Fundamentals, NSTP 1: Civic Welfare Training Service",CSS,3,Senior IT Student,"GE 104: Readings in Philippine History, NSTP 1: Civic Welfare Training Service, PE 1: PATH FIT 1 - Movement Enhancement",,4,1
"GE 105: Mathematics in the Modern World, GE 108: Understanding the Self",,5,Instructor,"GE 105: Mathematics in the Modern World, GE 108: Understanding the Self, IT Fundamentals","CSS, Javascript, HTML",4,1
"Computer Programming, IT Fundamentals, Introduction to Computing","Input and Output Handling, Javascript, Loops",3,Instructor,"GE 108: Understanding the Self, GE 105: Mathematics in the Modern World",,5,0
"Computer Programming, IT Fundamentals","Javascript, Error Handling, Loops, CSS, HTML",4,Senior IT Student,"Introduction to Computing, IT Fundamentals, Computer Programming","Javascript, Error Handling, Input and Output Handling, Arrays, CSS",4,1
"Computer Programming, GE 104: Readings in Philippine History, GE 105: Mathematics in the Modern World, IT Fundamentals","CSS, Loops",3,Senior IT Student,"Computer Programming, NSTP 1: Civic Welfare Training Service","Arrays, Input and Output Handling, Error Handling, Javascript",4,0
GE 104: Readings in Philippine History,,3,Senior IT Student,"Computer Programming, GE EL 108: Philippine Indigenous Communities","Arrays, Input and Output Handling, Javascript",5,0
"Computer Programming, IT Fundamentals","CSS, Arrays, HTML, Input and Output Handling",5,Instructor,"Computer Programming, Introduction to Computing, IT Fundamentals","Loops, CSS, Javascript",5,1
"Computer Programming, IT Fundamentals, Intro to Human Computer Interaction, NSTP 2: Civic Welfare Training Service","HTML, UI/UX, Input and Output Handling",3,Instructor,"Computer Programming, GE 108: Understanding the Self, GE EL 108: Philippine Indigenous Communities, IT Fundamentals","Loops, CSS, Input and Output Handling, Error Handling",4,1
Computer Programming,"Error Handling, Loops, Arrays, Input and Output Handling",4,Instructor,"IT Fundamentals, NSTP 2: Civic Welfare Training Service","Javascript, HTML",5,0
Computer Programming,"Error Handling, Input and Output Handling, Loops, Javascript, Arrays",3,Senior IT Student,"NSTP 2: Civic Welfare Training Service, PE 1: PATH FIT 1 - Movement Enhancement, PE 2: PATH FIT 2 - Fitness Exercises",,3,0
"IT Fundamentals, Intro to Human Computer Interaction","CSS, HTML",3,Instructor,"GE 105: Mathematics in the Modern World, GE 108: Understanding the Self",,4,0
"PE 2: PATH FIT 2 - Fitness Exercises, PE 1: PATH FIT 1 - Movement Enhancement",,3,Instructor,"Intro to Human Computer Interaction, IT Fundamentals, Introduction to Computing","HTML, Javascript, Input and Output Handling",4,0
"IT Fundamentals, Intro to Human Computer Interaction","HTML, UI/UX, CSS, Javascript",4,Instructor,"Computer Programming, GE 104: Readings in Philippine History, Intro to Human Computer Interaction","UI/UX, Error Handling, Arrays, Input and Output Handling, Javascript",4,1
"Computer Programming, GE 105: Mathematics in the Modern World, IT Fundamentals",Input and Output Handling,3,Instructor,"Computer Programming, GE 108: Understanding the Self, GE EL 108: Philippine Indigenous Communities","Javascript, Loops, Error Handling, Input and Output Handling, Arrays",4,1
"Computer Programming, GE 104: Readings in Philippine History, GE 105: Mathematics in the Modern World, Introduction to Computing","Arrays, Loops",3,Instructor,"GE 105: Mathematics in the Modern World, GE EL 108: Philippine Indigenous Communities",,5,0
"GE 104: Readings in Philippine History, GE 108: Understanding the Self, IT Fundamentals, Introduction to Computing","CSS, HTML",5,Senior IT Student,IT Fundamentals,"HTML, Javascript, CSS",3,0
Computer Programming,"Arrays, Input and Output Handling",3,Senior IT Student,Intro to Human Computer Interaction,UI/UX,4,0
"IT Fundamentals, NSTP 1: Civic Welfare Training Service","Javascript, HTML, CSS",5,Instructor,"IT Fundamentals, Intro to Human Computer Interaction, PE 1: PATH FIT 1 - Movement Enhancement, PE 2: PATH FIT 2 - Fitness Exercises","UI/UX, Javascript, CSS, HTML",4,1
"IT Fundamentals, Introduction to Computing","Input and Output Handling, CSS",4,Senior IT Student,"IT Fundamentals, Intro to Human Computer Interaction, PE 1: PATH FIT 1 - Movement Enhancement","CSS, Javascript, UI/UX, HTML",3,0
"IT Fundamentals, Intro to Human Computer Interaction","HTML, UI/UX, Javascript, CSS",3,Senior IT Student,"Computer Programming, GE 105: Mathematics in the Modern World, IT Fundamentals","Error Handling, CSS, Arrays, Input and Output Handling",5,1
"Computer Programming, IT Fundamentals","Arrays, Loops, Input and Output Handling, CSS",3,Senior IT Student,"GE EL 108: Philippine Indigenous Communities, Intro to Human Computer Interaction",UI/UX,4,0
"Computer Programming, GE 104: Readings in Philippine History, IT Fundamentals, Intro to Human Computer Interaction","UI/UX, Javascript",2,Instructor,"GE 104: Readings in Philippine History, GE EL 108: Philippine Indigenous Communities, Introduction to Computing","Arrays, Input and Output Handling",4,0
"GE 108: Understanding the Self, GE EL 108: Philippine Indigenous Communities",,2,Senior IT Student,"Computer Programming, IT Fundamentals, PE 2: PATH FIT 2 - Fitness Exercises","Loops, Input and Output Handling, HTML",5,0
"Computer Programming, Introduction to Computing","Loops, Input and Output Handling",4,Senior IT Student,"Computer Programming, GE 105: Mathematics in the Modern World, GE 108: Understanding the Self, IT Fundamentals, Intro to Human Computer Interaction","Arrays, Error Handling, HTML, UI/UX",3,0
"GE 104: Readings in Philippine History, GE 105: Mathematics in the Modern World, GE EL 108: Philippine Indigenous Communities",,5,Senior IT Student,"Intro to Human Computer Interaction, Introduction to Computing, Computer Programming","Error Handling, Loops, Javascript, Arrays",3,0
"Computer Programming, GE 104: Readings in Philippine History, GE 105: Mathematics in the Modern World, IT Fundamentals, Introduction to Computing","Javascript, CSS, Loops",4,Instructor,"PE 1: PATH FIT 1 - Movement Enhancement, PE 2: PATH FIT 2 - Fitness Exercises",,5,0
"Computer Programming, IT Fundamentals, Intro to Human Computer Interaction","CSS, Javascript, Input and Output Handling, UI/UX, Loops",3,Senior IT Student,"Computer Programming, IT Fundamentals, NSTP 1: Civic Welfare Training Service","Loops, Input and Output Handling, Error Handling, Arrays, HTML",3,1
"Computer Programming, IT Fundamentals, Introduction to Computing, PE 1: PATH FIT 1 - Movement Enhancement","Error Handling, Javascript",3,Senior IT Student,Introduction to Computing,"Input and Output Handling, Error Handling, Loops, Arrays",4,1
"GE 108: Understanding the Self, IT Fundamentals","Javascript, CSS, HTML",3,Senior IT Student,"GE 105: Mathematics in the Modern World, GE EL 108: Philippine Indigenous Communities, IT Fundamentals, Intro to Human Computer Interaction","CSS, UI/UX",3,1
"GE 104: Readings in Philippine History, IT Fundamentals, Introduction to Computing","Input and Output Handling, Arrays, CSS, HTML, Error Handling",5,Instructor,"Intro to Human Computer Interaction, Introduction to Computing, NSTP 2: Civic Welfare Training Service","Arrays, Error Handling, Input and Output Handling, UI/UX",5,1
"IT Fundamentals, Introduction to Computing","HTML, Loops, Arrays, Error Handling",3,Senior IT Student,"GE 104: Readings in Philippine History, IT Fundamentals, Intro to Human Computer Interaction","HTML, Javascript, CSS",5,1
"Computer Programming, IT Fundamentals","CSS, Input and Output Handling, HTML, Loops",2,Senior IT Student,"Computer Programming, IT Fundamentals, NSTP 1: Civic Welfare Training Service","CSS, HTML, Javascript, Arrays",4,1
"GE EL 108: Philippine Indigenous Communities, GE 108: Understanding the Self",,3,Senior IT Student,"Introduction to Computing, PE 2: PATH FIT 2 - Fitness Exercises","Loops, Error Handling, Arrays",4,0
Computer Programming,"Error Handling, Javascript, Loops",3,Instructor,"Introduction to Computing, NSTP 1: Civic Welfare Training Service","Input and Output Handling, Arrays, Error Handling, Loops",5,0
"Computer Programming, IT Fundamentals, PE 2: PATH FIT 2 - Fitness Exercises","Error Handling, HTML, Input and Output Handling, Arrays, CSS",4,Instructor,"GE EL 108: Philippine Indigenous Communities, IT Fundamentals, Introduction to Computing","Arrays, Input and Output Handling, CSS, Loops, Javascript",5,1
"Computer Programming, GE 108: Understanding the Self, IT Fundamentals","Input and Output Handling, Loops, CSS, Javascript",3,Senior IT Student,GE 108: Understanding the Self,,3,0
"Computer Programming, IT Fundamentals, NSTP 2: Civic Welfare Training Service","HTML, Arrays, Error Handling, Input and Output Handling",4,Senior IT Student,"Computer Programming, IT Fundamentals, PE 1: PATH FIT 1 - Movement Enhancement, PE 2: PATH FIT 2 - Fitness Exercises","Input and Output Handling, Arrays, CSS, Javascript, HTML",4,1
"Computer Programming, GE 104: Readings in Philippine History, GE EL 108: Philippine Indigenous Communities",Error Handling,5,Senior IT Student,IT Fundamentals,"CSS, HTML, Javascript",3,0
IT Fundamentals,"CSS, Javascript, HTML",5,Instructor,"Computer Programming, GE 108: Understanding the Self, GE EL 108: Philippine Indigenous Communities","Input and Output Handling, Javascript, Loops, Arrays",4,0
"GE 104: Readings in Philippine History, IT Fundamentals","HTML, CSS, Javascript",3,Instructor,"Computer Programming, Intro to Human Computer Interaction, PE 1: PATH FIT 1 - Movement Enhancement, PE 2: PATH FIT 2 - Fitness Exercises","Loops, Arrays",4,0
NSTP 2: Civic Welfare Training Service,,4,Senior IT Student,"Computer Programming, Introduction to Computing, PE 2: PATH FIT 2 - Fitness Exercises","Loops, Error Handling",5,0
"Computer Programming, GE 104: Readings in Philippine History","Arrays, Loops",5,Senior IT Student,"PE 1: PATH FIT 1 - Movement Enhancement, PE 2: PATH FIT 2 - Fitness Exercises",,3,0
"Computer Programming, PE 1: PATH FIT 1 - Movement Enhancement, PE 2: PATH FIT 2 - Fitness Exercises","Input and Output Handling, Loops",2,Senior IT Student,"GE 104: Readings in Philippine History, GE EL 108: Philippine Indigenous Communities, IT Fundamentals","Javascript, HTML, CSS",3,0
"GE 104: Readings in Philippine History, GE 108: Understanding the Self",,2,Senior IT Student,"GE 105: Mathematics in the Modern World, GE EL 108: Philippine Indigenous Communities",,4,0
"GE 104: Readings in Philippine History, NSTP 2: Civic Welfare Training Service",,5,Senior IT Student,"Computer Programming, GE 108: Understanding the Self, IT Fundamentals","CSS, Javascript, HTML, Loops",4,0
"Computer Programming, IT Fundamentals, NSTP 2: Civic Welfare Training Service","Loops, HTML",2,Senior IT Student,"GE EL 108: Philippine Indigenous Communities, GE 105: Mathematics in the Modern World",,4,0
"Computer Programming, GE 105: Mathematics in the Modern World","Error Handling, Loops, Input and Output Handling",5,Senior IT Student,"GE 105: Mathematics in the Modern World, IT Fundamentals","CSS, HTML",3,0
"IT Fundamentals, Intro to Human Computer Interaction, NSTP 2: Civic Welfare Training Service","Javascript, HTML",2,Senior IT Student,"Computer Programming, PE 1: PATH FIT 1 - Movement Enhancement, PE 2: PATH FIT 2 - Fitness Exercises","Loops, Input and Output Handling, Error Handling, Arrays",5,0
"Computer Programming, GE 104: Readings in Philippine History, GE 105: Mathematics in the Modern World, IT Fundamentals",HTML,4,Senior IT Student,"GE 108: Understanding the Self, IT Fundamentals, Intro to Human Computer Interaction","HTML, UI/UX, CSS",5,1
"IT Fundamentals, NSTP 1: Civic Welfare Training Service","HTML, Javascript, CSS",3,Instructor,Intro to Human Computer Interaction,UI/UX,4,0
Computer Programming,"Error Handling, Arrays, Input and Output Handling, Javascript",4,Senior IT Student,"GE 104: Readings in Philippine History, GE EL 108: Philippine Indigenous Communities, IT Fundamentals","Javascript, CSS",3,0
"IT Fundamentals, Intro to Human Computer Interaction, NSTP 2: Civic Welfare Training Service","CSS, Javascript, HTML",4,Senior IT Student,"GE 104: Readings in Philippine History, GE EL 108: Philippine Indigenous Communities, IT Fundamentals, Introduction to Computing","Javascript, Error Handling, Input and Output Handling",5,1
"Computer Programming, IT Fundamentals","Error Handling, HTML",4,Senior IT Student,"GE 104: Readings in Philippine History, IT Fundamentals, Intro to Human Computer Interaction","HTML, UI/UX, CSS",3,0
"Computer Programming, NSTP 1: Civic Welfare Training Service","Error Handling, Loops, Javascript",3,Instructor,"GE EL 108: Philippine Indigenous Communities, IT Fundamentals","Javascript, CSS, HTML",5,0
"Computer Programming, GE 104: Readings in Philippine History, GE 105: Mathematics in the Modern World, IT Fundamentals","Input and Output Handling, Arrays, Loops",3,Instructor,"GE 104: Readings in Philippine History, IT Fundamentals, Intro to Human Computer Interaction, Introduction to Computing","CSS, HTML, Javascript, Arrays",4,1
Computer Programming,"Input and Output Handling, Error Handling, Javascript",3,Senior IT Student,"Intro to Human Computer Interaction, PE 2: PATH FIT 2 - Fitness Exercises",UI/UX,3,0
IT Fundamentals,"Javascript, CSS",3,Instructor,"Introduction to Computing, NSTP 2: Civic Welfare Training Service","Error Handling, Input and Output Handling",4,0
GE 104: Readings in Philippine History,,3,Senior IT Student,"Computer Programming, IT Fundamentals","Input and Output Handling, Javascript, HTML, Arrays, CSS, Loops",4,0
"Computer Programming, GE 105: Mathematics in the Modern World, GE 108: Understanding the Self, IT Fundamentals, Intro to Human Computer Interaction","CSS, UI/UX, Error Handling, Input and Output Handling",3,Instructor,"Computer Programming, Intro to Human Computer Interaction, PE 1: PATH FIT 1 - Movement Enhancement","Input and Output Handling, Error Handling, UI/UX",4,1
"GE 105: Mathematics in the Modern World, IT Fundamentals","Javascript, HTML, CSS",3,Senior IT Student,"Computer Programming, Introduction to Computing, PE 1: PATH FIT 1 - Movement Enhancement, PE 2: PATH FIT 2 - Fitness Exercises","Arrays, Javascript, Error Handling",4,0
"IT Fundamentals, NSTP 1: Civic Welfare Training Service",CSS,4,Senior IT Student,"GE 105: Mathematics in the Modern World, GE EL 108: Philippine Indigenous Communities, IT Fundamentals, Intro to Human Computer Interaction","Javascript, UI/UX",5,0
"Computer Programming, GE 104: Readings in Philippine History, GE EL 108: Philippine Indigenous Communities, IT Fundamentals","Arrays, Input and Output Handling, HTML, CSS",4,Senior IT Student,Introduction to Computing,"Input and Output Handling, Loops, Error Handling, Arrays",5,1
"Computer Programming, GE 108: Understanding the Self, IT Fundamentals, Intro to Human Computer Interaction","Input and Output Handling, Javascript",3,Instructor,"Intro to Human Computer Interaction, NSTP 1: Civic Welfare Training Service",UI/UX,5,0
"Computer Programming, NSTP 1: Civic Welfare Training Service","Arrays, Javascript, Error Handling",3,Senior IT Student,"GE 108: Understanding the Self, IT Fundamentals","Javascript, HTML, CSS",3,0
"Computer Programming, NSTP 2: Civic Welfare Training Service",Input and Output Handling,2,Senior IT Student,PE 1: PATH FIT 1 - Movement Enhancement,,3,0
"Computer Programming, IT Fundamentals","CSS, Javascript, HTML",3,Senior IT Student,"Computer Programming, IT Fundamentals, Intro to Human Computer Interaction","Input and Output Handling, CSS, Javascript, Arrays, HTML",3,1
"Computer Programming, IT Fundamentals, PE 2: PATH FIT 2 - Fitness Exercises","Error Handling, Loops, Javascript, HTML",4,Instructor,GE 104: Readings in Philippine History,,5,0
"Computer Programming, IT Fundamentals, Intro to Human Computer Interaction, NSTP 2: Civic Welfare Training Service","CSS, Input and Output Handling",4,Senior IT Student,"Computer Programming, IT Fundamentals, NSTP 2: Civic Welfare Training Service","Javascript, HTML, Arrays, CSS, Error Handling, Loops",4,1
"Computer Programming, GE 104: Readings in Philippine History, GE 105: Mathematics in the Modern World, Intro to Human Computer Interaction","UI/UX, Error Handling, Input and Output Handling",4,Instructor,"Computer Programming, IT Fundamentals, PE 1: PATH FIT 1 - Movement Enhancement","Error Handling, CSS, Loops, Javascript",4,1
GE 104: Readings in Philippine History,,5,Senior IT Student,"Computer Programming, Intro to Human Computer Interaction, Introduction to Computing","Input and Output Handling, Error Handling, Javascript, UI/UX",4,0
"Computer Programming, Intro to Human Computer Interaction, PE 2: PATH FIT 2 - Fitness Exercises","Input and Output Handling, Error Handling, Javascript, Loops",2,Senior IT Student,"PE 1: PATH FIT 1 - Movement Enhancement, PE 2: PATH FIT 2 - Fitness Exercises",,4,1
"Computer Programming, IT Fundamentals","Error Handling, Javascript, Loops, Arrays, HTML",3,Instructor,"IT Fundamentals, Intro to Human Computer Interaction, Introduction to Computing, NSTP 2: Civic Welfare Training Service","HTML, Input and Output Handling, Loops, Javascript, UI/UX",4,1
"Computer Programming, IT Fundamentals, Intro to Human Computer Interaction, NSTP 2: Civic Welfare Training Service",HTML,3,Senior IT Student,"GE 108: Understanding the Self, GE EL 108: Philippine Indigenous Communities, NSTP 2: Civic Welfare Training Service",,4,1
"Computer Programming, Introduction to Computing","Loops, Input and Output Handling, Javascript, Error Handling",3,Instructor,Introduction to Computing,"Input and Output Handling, Error Handling, Loops",4,1
"Computer Programming, GE 108: Understanding the Self, GE EL 108: Philippine Indigenous Communities, IT Fundamentals, Intro to Human Computer Interaction","Javascript, Error Handling, HTML",4,Senior IT Student,"Intro to Human Computer Interaction, IT Fundamentals","UI/UX, CSS, Javascript",5,1
"IT Fundamentals, NSTP 1: Civic Welfare Training Service","CSS, HTML",3,Senior IT Student,"GE 105: Mathematics in the Modern World, GE 104: Readings in Philippine History",,3,0
"GE 105: Mathematics in the Modern World, IT Fundamentals",HTML,3,Senior IT Student,"Intro to Human Computer Interaction, Introduction to Computing","Input and Output Handling, UI/UX, Error Handling, Loops",4,0
"Computer Programming, IT Fundamentals, NSTP 1: Civic Welfare Training Service","Input and Output Handling, Javascript",3,Instructor,"IT Fundamentals, Intro to Human Computer Interaction, NSTP 2: Civic Welfare Training Service","CSS, HTML, Javascript, UI/UX",5,1
NSTP 2: Civic Welfare Training Service,,5,Instructor,"GE EL 108: Philippine Indigenous Communities, Intro to Human Computer Interaction",UI/UX,5,0
NSTP 2: Civic Welfare Training Service,,4,Instructor,"IT Fundamentals, NSTP 2: Civic Welfare Training Service","Javascript, HTML",4,1
"Computer Programming, IT Fundamentals, Intro to Human Computer Interaction, PE 1: PATH FIT 1 - Movement Enhancement","CSS, Arrays, Error Handling, Input and Output Handling",3,Instructor,GE 104: Readings in Philippine History,,5,0
"IT Fundamentals, Introduction to Computing, PE 1: PATH FIT 1 - Movement Enhancement, PE 2: PATH FIT 2 - Fitness Exercises","Input and Output Handling, Arrays, HTML",3,Senior IT Student,"IT Fundamentals, Intro to Human Computer Interaction, NSTP 2: Civic Welfare Training Service","HTML, UI/UX, Javascript, CSS",3,1
"GE 108: Understanding the Self, NSTP 2: Civic Welfare Training Service",,4,Senior IT Student,"IT Fundamentals, PE 1: PATH FIT 1 - Movement Enhancement","CSS, HTML, Javascript",4,0
"Computer Programming, NSTP 1: Civic Welfare Training Service","Loops, Input and Output Handling, Error Handling, Arrays",2,Senior IT Student,"Introduction to Computing, Computer Programming","Javascript, Arrays, Error Handling",5,1
"GE 104: Readings in Philippine History, IT Fundamentals","CSS, Javascript",4,Instructor,NSTP 1: Civic Welfare Training Service,,5,0
PE 2: PATH FIT 2 - Fitness Exercises,,3,Senior IT Student,"Computer Programming, NSTP 2: Civic Welfare Training Service","Error Handling, Javascript, Input and Output Handling",5,0
"GE 104: Readings in Philippine History, GE 105: Mathematics in the Modern World",,4,Instructor,"Computer Programming, GE 104: Readings in Philippine History, GE EL 108: Philippine Indigenous Communities","Loops, Arrays, Input and Output Handling, Error Handling",5,0
"IT Fundamentals, Intro to Human Computer Interaction","CSS, UI/UX, HTML",3,Senior IT Student,"NSTP 1: Civic Welfare Training Service, PE 1: PATH FIT 1 - Movement Enhancement, PE 2: PATH FIT 2 - Fitness Exercises",,4,0
NSTP 1: Civic Welfare Training Service,,5,Senior IT Student,"GE 108: Understanding the Self, Introduction to Computing","Input and Output Handling, Arrays, Loops",4,0
"IT Fundamentals, NSTP 2: Civic Welfare Training Service",Javascript,3,Senior IT Student,PE 1: PATH FIT 1 - Movement Enhancement,,4,0
"Computer Programming, NSTP 1: Civic Welfare Training Service","Error Handling, Arrays",3,Senior IT Student,NSTP 2: Civic Welfare Training Service,,3,0
"GE 105: Mathematics in the Modern World, GE EL 108: Philippine Indigenous Communities",,4,Senior IT Student,"GE 104: Readings in Philippine History, Intro to Human Computer Interaction",UI/UX,4,0
"GE 104: Readings in Philippine History, IT Fundamentals, Intro to Human Computer Interaction","UI/UX, CSS, HTML, Javascript",3,Senior IT Student,"Introduction to Computing, Intro to Human Computer Interaction","UI/UX, Loops, Error Handling, Input and Output Handling",4,1
"IT Fundamentals, NSTP 2: Civic Welfare Training Service",HTML,4,Senior IT Student,Introduction to Computing,"Input and Output Handling, Loops, Error Handling",3,0
Computer Programming,"Javascript, Error Handling, Loops",4,Senior IT Student,GE 105: Mathematics in the Modern World,,4,0
"Computer Programming, GE 104: Readings in Philippine History, GE 108: Understanding the Self, IT Fundamentals","Arrays, CSS, Error Handling, Input and Output Handling",3,Senior IT Student,"IT Fundamentals, Introduction to Computing, PE 1: PATH FIT 1 - Movement Enhancement","HTML, Input and Output Handling, Loops",4,1
"GE EL 108: Philippine Indigenous Communities, NSTP 2: Civic Welfare Training Service",,3,Instructor,"GE 108: Understanding the Self, Intro to Human Computer Interaction, Introduction to Computing","UI/UX, Error Handling, Loops",4,0
NSTP 2: Civic Welfare Training Service,,4,Senior IT Student,"Introduction to Computing, Intro to Human Computer Interaction","Loops, UI/UX, Input and Output Handling",4,0
"Computer Programming, GE 104: Readings in Philippine History, GE 105: Mathematics in the Modern World, IT Fundamentals, Intro to Human Computer Interaction","Arrays, Error Handling, CSS, HTML",4,Senior IT Student,"GE 105: Mathematics in the Modern World, IT Fundamentals, Introduction to Computing","Loops, HTML, Javascript, Arrays",4,1
"IT Fundamentals, Intro to Human Computer Interaction, NSTP 2: Civic Welfare Training Service","CSS, Javascript, HTML, UI/UX",4,Instructor,"Intro to Human Computer Interaction, Introduction to Computing, NSTP 2: Civic Welfare Training Service","Input and Output Handling, Arrays, Loops, UI/UX",5,1
"NSTP 1: Civic Welfare Training Service, NSTP 2: Civic Welfare Training Service",,3,Instructor,"IT Fundamentals, Introduction to Computing, NSTP 1: Civic Welfare Training Service","Javascript, Arrays",4,1
"GE EL 108: Philippine Indigenous Communities, GE 104: Readings in Philippine History",,4,Senior IT Student,"Computer Programming, IT Fundamentals, Intro to Human Computer Interaction","UI/UX, CSS, Arrays, HTML, Javascript, Input and Output Handling",3,0
"GE 105: Mathematics in the Modern World, GE EL 108: Philippine Indigenous Communities",,5,Instructor,Introduction to Computing,"Arrays, Error Handling, Loops, Input and Output Handling",5,0
"GE EL 108: Philippine Indigenous Communities, GE 105: Mathematics in the Modern World",,3,Senior IT Student,"Introduction to Computing, PE 1: PATH FIT 1 - Movement Enhancement, PE 2: PATH FIT 2 - Fitness Exercises","Input and Output Handling, Arrays, Loops, Error Handling",3,0
"Computer Programming, IT Fundamentals","Arrays, Error Handling, CSS, Loops, Input and Output Handling",2,Instructor,"Intro to Human Computer Interaction, Introduction to Computing, PE 1: PATH FIT 1 - Movement Enhancement, PE 2: PATH FIT 2 - Fitness Exercises","Loops, Arrays",5,0
NSTP 2: Civic Welfare Training Service,,5,Senior IT Student,"Computer Programming, Intro to Human Computer Interaction","UI/UX, Loops, Input and Output Handling, Arrays, Error Handling, Javascript",5,0
"Computer Programming, IT Fundamentals, Intro to Human Computer Interaction, NSTP 1: Civic Welfare Training Service","Javascript, HTML, UI/UX",3,Instructor,"PE 2: PATH FIT 2 - Fitness Exercises, PE 1: PATH FIT 1 - Movement Enhancement",,4,0
"Computer Programming, IT Fundamentals, PE 2: PATH FIT 2 - Fitness Exercises","Arrays, Input and Output Handling",4,Instructor,"Computer Programming, GE 105: Mathematics in the Modern World, GE 108: Understanding the Self, Intro to Human Computer Interaction","Arrays, Error Handling",4,1
IT Fundamentals,"CSS, Javascript, HTML",4,Instructor,"Computer Programming, Introduction to Computing, NSTP 2: Civic Welfare Training Service","Javascript, Arrays, Input and Output Handling",4,0
"GE 108: Understanding the Self, GE EL 108: Philippine Indigenous Communities",,2,Senior IT Student,GE 108: Understanding the Self,,4,0
"Computer Programming, IT Fundamentals, Intro to Human Computer Interaction","Input and Output Handling, CSS, HTML",4,Senior IT Student,GE 105: Mathematics in the Modern World,,4,0
"Computer Programming, IT Fundamentals, NSTP 2: Civic Welfare Training Service","Loops, HTML, Input and Output Handling, Arrays",4,Senior IT Student,"GE 105: Mathematics in the Modern World, Intro to Human Computer Interaction",UI/UX,3,0
"Computer Programming, GE 104: Readings in Philippine History, IT Fundamentals","Javascript, Arrays, HTML, Loops",2,Senior IT Student,"Intro to Human Computer Interaction, Computer Programming, Introduction to Computing","Input and Output Handling, UI/UX, Loops",4,1
"NSTP 2: Civic Welfare Training Service, PE 2: PATH FIT 2 - Fitness Exercises",,3,Senior IT Student,"Computer Programming, Introduction to Computing, NSTP 1: Civic Welfare Training Service","Arrays, Input and Output Handling",4,0
"GE 105: Mathematics in the Modern World, PE 1: PATH FIT 1 - Movement Enhancement, PE 2: PATH FIT 2 - Fitness Exercises",,3,Senior IT Student,"GE 108: Understanding the Self, GE 104: Readings in Philippine History",,3,0
"Computer Programming, GE 104: Readings in Philippine History, Intro to Human Computer Interaction","Javascript, Loops, UI/UX",4,Instructor,"Computer Programming, Intro to Human Computer Interaction, PE 1: PATH FIT 1 - Movement Enhancement, PE 2: PATH FIT 2 - Fitness Exercises","Error Handling, Input and Output Handling",5,1
"IT Fundamentals, Intro to Human Computer Interaction, NSTP 2: Civic Welfare Training Service","UI/UX, Javascript",2,Instructor,"Computer Programming, Intro to Human Computer Interaction, NSTP 2: Civic Welfare Training Service","UI/UX, Error Handling, Input and Output Handling, Arrays",5,1
"Computer Programming, IT Fundamentals, NSTP 1: Civic Welfare Training Service","Javascript, HTML, Error Handling, CSS, Input and Output Handling",2,Senior IT Student,"Computer Programming, PE 1: PATH FIT 1 - Movement Enhancement, PE 2: PATH FIT 2 - Fitness Exercises","Javascript, Input and Output Handling, Loops, Arrays, Error Handling",3,1
"Computer Programming, IT Fundamentals, NSTP 1: Civic Welfare Training Service",CSS,4,Instructor,"Introduction to Computing, PE 1: PATH FIT 1 - Movement Enhancement, PE 2: PATH FIT 2 - Fitness Exercises","Loops, Arrays, Input and Output Handling",5,0
"Computer Programming, IT Fundamentals","Arrays, Javascript, Loops",5,Senior IT Student,"NSTP 1: Civic Welfare Training Service, NSTP 2: Civic Welfare Training Service",,5,0
GE EL 108: Philippine Indigenous Communities,,4,Senior IT Student,"Intro to Human Computer Interaction, Introduction to Computing","Arrays, UI/UX, Error Handling",4,0
"Computer Programming, IT Fundamentals","HTML, Error Handling, Arrays",3,Senior IT Student,"Computer Programming, GE EL 108: Philippine Indigenous Communities","Loops, Arrays, Javascript, Error Handling",4,1
"Computer Programming, NSTP 2: Civic Welfare Training Service",Arrays,2,Senior IT Student,"GE 104: Readings in Philippine History, GE 108: Understanding the Self, Introduction to Computing","Error Handling, Arrays, Input and Output Handling, Loops",5,0
"IT Fundamentals, Introduction to Computing, NSTP 2: Civic Welfare Training Service",Javascript,5,Instructor,"GE 108: Understanding the Self, IT Fundamentals, Intro to Human Computer Interaction","HTML, Javascript, UI/UX, CSS",5,1
"Computer Programming, GE 104: Readings in Philippine History, GE EL 108: Philippine Indigenous Communities, IT Fundamentals","Loops, Error Handling, Input and Output Handling",4,Senior IT Student,"Introduction to Computing, NSTP 2: Civic Welfare Training Service","Loops, Arrays, Input and Output Handling, Error Handling",4,1
IT Fundamentals,"Javascript, CSS, HTML",3,Senior IT Student,"GE 105: Mathematics in the Modern World, PE 2: PATH FIT 2 - Fitness Exercises",,3,0
"GE EL 108: Philippine Indigenous Communities, NSTP 2: Civic Welfare Training Service",,3,Senior IT Student,"GE 105: Mathematics in the Modern World, GE EL 108: Philippine Indigenous Communities",,3,0
GE EL 108: Philippine Indigenous Communities,,3,Senior IT Student,PE 1: PATH FIT 1 - Movement Enhancement,,3,0
"Computer Programming, GE 104: Readings in Philippine History, GE EL 108: Philippine Indigenous Communities, Introduction to Computing","Arrays, Javascript, Error Handling, Input and Output Handling",3,Senior IT Student,"IT Fundamentals, Intro to Human Computer Interaction","HTML, Javascript, UI/UX",5,0
"GE 104: Readings in Philippine History, GE EL 108: Philippine Indigenous Communities",,4,Senior IT Student,"Computer Programming, Intro to Human Computer Interaction","Error Handling, Javascript, UI/UX, Arrays, Loops",4,0
IT Fundamentals,"HTML, Javascript",3,Senior IT Student,IT Fundamentals,"Javascript, HTML, CSS",4,1
"GE EL 108: Philippine Indigenous Communities, GE 108: Understanding the Self",,4,Senior IT Student,"Intro to Human Computer Interaction, Introduction to Computing","Loops, Error Handling, Arrays, UI/UX",3,0
"Computer Programming, Introduction to Computing","Arrays, Javascript, Error Handling",3,Senior IT Student,"GE EL 108: Philippine Indigenous Communities, GE 104: Readings in Philippine History",,4,0
"Computer Programming, NSTP 1: Civic Welfare Training Service","Input and Output Handling, Javascript, Loops",4,Instructor,"Intro to Human Computer Interaction, NSTP 2: Civic Welfare Training Service",UI/UX,4,0
IT Fundamentals,"HTML, CSS, Javascript",3,Instructor,"IT Fundamentals, PE 1: PATH FIT 1 - Movement Enhancement, PE 2: PATH FIT 2 - Fitness Exercises","CSS, HTML, Javascript",5,1
"Computer Programming, GE 104: Readings in Philippine History, GE 105: Mathematics in the Modern World, IT Fundamentals","Error Handling, Arrays, Javascript",4,Senior IT Student,"GE 108: Understanding the Self, IT Fundamentals, Intro to Human Computer Interaction, Introduction to Computing","HTML, CSS, Input and Output Handling, Error Handling, UI/UX, Loops",3,0
"Computer Programming, GE 105: Mathematics in the Modern World, GE 108: Understanding the Self, IT Fundamentals",Loops,4,Instructor,"Introduction to Computing, Computer Programming","Error Handling, Javascript, Arrays, Loops",4,1
"Computer Programming, IT Fundamentals, PE 2: PATH FIT 2 - Fitness Exercises","Error Handling, CSS, Javascript, Arrays",5,Senior IT Student,"PE 2: PATH FIT 2 - Fitness Exercises, PE 1: PATH FIT 1 - Movement Enhancement",,3,0
NSTP 2: Civic Welfare Training Service,,5,Senior IT Student,"Computer Programming, Intro to Human Computer Interaction","Input and Output Handling, Javascript, UI/UX, Error Handling",3,0
"Computer Programming, PE 2: PATH FIT 2 - Fitness Exercises",Arrays,4,Senior IT Student,"GE 105: Mathematics in the Modern World, Intro to Human Computer Interaction, Introduction to Computing","UI/UX, Input and Output Handling",4,0
"Computer Programming, Introduction to Computing","Error Handling, Javascript, Arrays, Input and Output Handling, Loops",5,Senior IT Student,"Computer Programming, Introduction to Computing, PE 1: PATH FIT 1 - Movement Enhancement","Arrays, Error Handling, Javascript, Input and Output Handling",3,1
GE 108: Understanding the Self,,4,Senior IT Student,"Computer Programming, Introduction to Computing, IT Fundamentals","Arrays, Error Handling, Loops",3,0
Computer Programming,"Arrays, Loops, Javascript",5,Senior IT Student,GE EL 108: Philippine Indigenous Communities,,3,0
"GE 104: Readings in Philippine History, GE 108: Understanding the Self, IT Fundamentals, Introduction to Computing","Input and Output Handling, Javascript, HTML, Arrays",3,Senior IT Student,"Computer Programming, GE 105: Mathematics in the Modern World, GE 108: Understanding the Self, IT Fundamentals","Input and Output Handling, Arrays, Javascript, CSS",4,1
"Computer Programming, IT Fundamentals, NSTP 2: Civic Welfare Training Service",Javascript,4,Senior IT Student,"Introduction to Computing, IT Fundamentals, Computer Programming","Input and Output Handling, Loops, Error Handling",3,1
"GE 104: Readings in Philippine History, GE 108: Understanding the Self",,5,Instructor,"GE 108: Understanding the Self, NSTP 1: Civic Welfare Training Service, NSTP 2: Civic Welfare Training Service",,5,1
"Computer Programming, IT Fundamentals, Introduction to Computing","CSS, HTML, Loops",4,Senior IT Student,"Intro to Human Computer Interaction, NSTP 2: Civic Welfare Training Service",UI/UX,3,0
GE 104: Readings in Philippine History,,3,Senior IT Student,"Intro to Human Computer Interaction, Introduction to Computing, Computer Programming","Input and Output Handling, Arrays, Error Handling, Javascript",4,0
"Computer Programming, GE 105: Mathematics in the Modern World, IT Fundamentals, Intro to Human Computer Interaction","CSS, Javascript, UI/UX, Error Handling",3,Instructor,"GE EL 108: Philippine Indigenous Communities, Intro to Human Computer Interaction",UI/UX,5,1
"IT Fundamentals, Introduction to Computing","CSS, Error Handling, HTML",2,Instructor,"Intro to Human Computer Interaction, Introduction to Computing, PE 1: PATH FIT 1 - Movement Enhancement, PE 2: PATH FIT 2 - Fitness Exercises","Loops, UI/UX, Arrays, Input and Output Handling, Error Handling",5,1
"PE 2: PATH FIT 2 - Fitness Exercises, PE 1: PATH FIT 1 - Movement Enhancement",,3,Senior IT Student,"Computer Programming, Introduction to Computing, NSTP 1: Civic Welfare Training Service","Input and Output Handling, Error Handling, Javascript",3,0
"Computer Programming, PE 1: PATH FIT 1 - Movement Enhancement, PE 2: PATH FIT 2 - Fitness Exercises","Loops, Error Handling, Javascript, Input and Output Handling",4,Senior IT Student,"GE 108: Understanding the Self, IT Fundamentals, Intro to Human Computer Interaction","Javascript, HTML, CSS, UI/UX",4,0
"GE 105: Mathematics in the Modern World, GE 108: Understanding the Self, NSTP 2: Civic Welfare Training Service",,3,Instructor,"Intro to Human Computer Interaction, PE 1: PATH FIT 1 - Movement Enhancement, PE 2: PATH FIT 2 - Fitness Exercises",UI/UX,4,0
"PE 2: PATH FIT 2 - Fitness Exercises, PE 1: PATH FIT 1 - Movement Enhancement",,3,Senior IT Student,"GE EL 108: Philippine Indigenous Communities, PE 2: PATH FIT 2 - Fitness Exercises",,4,1
"GE 108: Understanding the Self, NSTP 2: Civic Welfare Training Service",,4,Senior IT Student,"IT Fundamentals, Intro to Human Computer Interaction, PE 1: PATH FIT 1 - Movement Enhancement, PE 2: PATH FIT 2 - Fitness Exercises","UI/UX, CSS, HTML, Javascript",4,0
"PE 1: PATH FIT 1 - Movement Enhancement, PE 2: PATH FIT 2 - Fitness Exercises",,4,Senior IT Student,IT Fundamentals,"Javascript, CSS, HTML",3,0
"IT Fundamentals, PE 1: PATH FIT 1 - Movement Enhancement, PE 2: PATH FIT 2 - Fitness Exercises","CSS, Javascript, HTML",3,Instructor,"Computer Programming, IT Fundamentals","HTML, Loops, Javascript, Arrays",4,1
"PE 1: PATH FIT 1 - Movement Enhancement, PE 2: PATH FIT 2 - Fitness Exercises",,4,Senior IT Student,"Introduction to Computing, PE 1: PATH FIT 1 - Movement Enhancement","Arrays, Error Handling, Loops",4,1
"Computer Programming, IT Fundamentals","Arrays, HTML, Input and Output Handling, Loops, Javascript",4,Senior IT Student,"NSTP 1: Civic Welfare Training Service, PE 1: PATH FIT 1 - Movement Enhancement, PE 2: PATH FIT 2 - Fitness Exercises",,3,0
"Computer Programming, GE 104: Readings in Philippine History, GE 108: Understanding the Self, Intro to Human Computer Interaction","Javascript, UI/UX",3,Instructor,"IT Fundamentals, Intro to Human Computer Interaction, PE 1: PATH FIT 1 - Movement Enhancement","UI/UX, HTML",5,1
"IT Fundamentals, NSTP 1: Civic Welfare Training Service","Javascript, HTML, CSS",3,Senior IT Student,"Intro to Human Computer Interaction, IT Fundamentals","CSS, Javascript, HTML, UI/UX",4,1
"Computer Programming, Introduction to Computing, PE 1: PATH FIT 1 - Movement Enhancement, PE 2: PATH FIT 2 - Fitness Exercises",Javascript,4,Senior IT Student,"Intro to Human Computer Interaction, Introduction to Computing, NSTP 1: Civic Welfare Training Service","Error Handling, Input and Output Handling, UI/UX, Loops, Arrays",5,1
"PE 2: PATH FIT 2 - Fitness Exercises, PE 1: PATH FIT 1 - Movement Enhancement",,4,Senior IT Student,"GE 108: Understanding the Self, Introduction to Computing","Arrays, Input and Output Handling, Error Handling",4,0
"Computer Programming, GE 105: Mathematics in the Modern World, GE 108: Understanding the Self, Intro to Human Computer Interaction","Loops, Arrays, Javascript, Error Handling, UI/UX",4,Senior IT Student,Intro to Human Computer Interaction,UI/UX,4,1
"Computer Programming, IT Fundamentals, Intro to Human Computer Interaction, NSTP 1: Civic Welfare Training Service","Javascript, HTML, CSS, Arrays",4,Senior IT Student,"Computer Programming, GE 105: Mathematics in the Modern World, Intro to Human Computer Interaction, Introduction to Computing","Error Handling, Javascript, UI/UX",3,1
"Computer Programming, GE 108: Understanding the Self, Introduction to Computing","Input and Output Handling, Arrays, Error Handling, Javascript",4,Senior IT Student,"IT Fundamentals, Computer Programming, Intro to Human Computer Interaction","Input and Output Handling, Loops, CSS, Arrays, HTML",3,0
"IT Fundamentals, Intro to Human Computer Interaction, NSTP 1: Civic Welfare Training Service",HTML,3,Senior IT Student,PE 1: PATH FIT 1 - Movement Enhancement,,3,0
"IT Fundamentals, Introduction to Computing","Javascript, Input and Output Handling",4,Senior IT Student,"Computer Programming, NSTP 1: Civic Welfare Training Service","Javascript, Loops, Error Handling, Arrays",4,0
"Computer Programming, GE 104: Readings in Philippine History, GE 108: Understanding the Self, Intro to Human Computer Interaction","Input and Output Handling, UI/UX",3,Instructor,GE 105: Mathematics in the Modern World,,4,0
PE 2: PATH FIT 2 - Fitness Exercises,,4,Senior IT Student,NSTP 2: Civic Welfare Training Service,,3,0
"GE 104: Readings in Philippine History, IT Fundamentals","HTML, Javascript, CSS",4,Senior IT Student,"IT Fundamentals, Introduction to Computing, NSTP 1: Civic Welfare Training Service","Javascript, Arrays, Loops, Error Handling, CSS",4,1
"Computer Programming, GE 108: Understanding the Self, GE EL 108: Philippine Indigenous Communities",Arrays,5,Senior IT Student,"Computer Programming, Intro to Human Computer Interaction, Introduction to Computing","Arrays, Error Handling, Loops, Javascript, Input and Output Handling, UI/UX",4,0
PE 2: PATH FIT 2 - Fitness Exercises,,5,Instructor,"Computer Programming, IT Fundamentals, Introduction to Computing","Loops, Arrays, Input and Output Handling, CSS",5,0
"Computer Programming, IT Fundamentals, Introduction to Computing","Input and Output Handling, CSS",4,Senior IT Student,"Intro to Human Computer Interaction, Computer Programming, Introduction to Computing","Input and Output Handling, Error Handling, Javascript",3,1
"Computer Programming, GE 108: Understanding the Self, IT Fundamentals, Introduction to Computing","Error Handling, Loops, Arrays, HTML",4,Senior IT Student,"GE 104: Readings in Philippine History, GE 105: Mathematics in the Modern World",,4,0
"GE EL 108: Philippine Indigenous Communities, IT Fundamentals","CSS, HTML, Javascript",5,Senior IT Student,Introduction to Computing,"Arrays, Error Handling, Input and Output Handling, Loops",4,0
IT Fundamentals,"Javascript, CSS, HTML",2,Instructor,"GE 104: Readings in Philippine History, Introduction to Computing","Input and Output Handling, Loops",4,0
"IT Fundamentals, Introduction to Computing","CSS, Javascript, HTML",3,Senior IT Student,"Intro to Human Computer Interaction, Introduction to Computing, NSTP 1: Civic Welfare Training Service","Error Handling, Arrays, UI/UX",3,0
"GE 105: Mathematics in the Modern World, PE 2: PATH FIT 2 - Fitness Exercises",,5,Senior IT Student,"GE 104: Readings in Philippine History, GE 108: Understanding the Self, Intro to Human Computer Interaction, Introduction to Computing","Loops, Error Handling",4,0
"Computer Programming, GE 104: Readings in Philippine History, GE 105: Mathematics in the Modern World, Introduction to Computing","Input and Output Handling, Arrays, Loops, Error Handling",3,Senior IT Student,"Computer Programming, Intro to Human Computer Interaction, NSTP 2: Civic Welfare Training Service","UI/UX, Input and Output Handling, Javascript, Arrays",4,1
"Computer Programming, Introduction to Computing","Arrays, Javascript, Input and Output Handling, Loops, Error Handling",5,Instructor,"Computer Programming, IT Fundamentals, Introduction to Computing, NSTP 2: Civic Welfare Training Service","Error Handling, HTML, Arrays, CSS, Javascript",5,1
"Computer Programming, GE 108: Understanding the Self, IT Fundamentals","HTML, Error Handling",4,Instructor,"GE 104: Readings in Philippine History, GE 105: Mathematics in the Modern World, Introduction to Computing","Input and Output Handling, Arrays, Error Handling, Loops",4,0
"Computer Programming, NSTP 2: Civic Welfare Training Service","Input and Output Handling, Javascript",4,Senior IT Student,NSTP 1: Civic Welfare Training Service,,4,0
Computer Programming,"Arrays, Input and Output Handling",5,Senior IT Student,"IT Fundamentals, NSTP 2: Civic Welfare Training Service","HTML, Javascript, CSS",3,0
IT Fundamentals,"Javascript, CSS",5,Senior IT Student,"Introduction to Computing, Intro to Human Computer Interaction, Computer Programming","UI/UX, Error Handling, Loops, Javascript",3,0
"Computer Programming, Introduction to Computing","Loops, Error Handling, Input and Output Handling",3,Senior IT Student,"Introduction to Computing, PE 1: PATH FIT 1 - Movement Enhancement","Arrays, Loops",3,1
"Computer Programming, IT Fundamentals, PE 2: PATH FIT 2 - Fitness Exercises","Arrays, CSS, HTML, Javascript",3,Senior IT Student,Computer Programming,"Arrays, Input and Output Handling, Error Handling",3,1
"GE 105: Mathematics in the Modern World, GE 108: Understanding the Self, IT Fundamentals, Intro to Human Computer Interaction","HTML, Javascript",3,Instructor,"GE 104: Readings in Philippine History, PE 1: PATH FIT 1 - Movement Enhancement",,5,0
"Computer Programming, IT Fundamentals","Arrays, Input and Output Handling, HTML",2,Senior IT Student,"Computer Programming, NSTP 2: Civic Welfare Training Service","Javascript, Loops, Input and Output Handling, Error Handling",3,1
"Computer Programming, IT Fundamentals, Intro to Human Computer Interaction, NSTP 1: Civic Welfare Training Service",Input and Output Handling,5,Senior IT Student,"GE 108: Understanding the Self, GE 105: Mathematics in the Modern World",,4,0
"Computer Programming, IT Fundamentals, Intro to Human Computer Interaction","HTML, Loops, UI/UX, CSS, Error Handling",4,Senior IT Student,"GE 104: Readings in Philippine History, GE EL 108: Philippine Indigenous Communities, Intro to Human Computer Interaction, Introduction to Computing","Arrays, Loops",3,0
"Computer Programming, GE 108: Understanding the Self, GE EL 108: Philippine Indigenous Communities, IT Fundamentals","Error Handling, Loops, Javascript",4,Instructor,"Introduction to Computing, NSTP 2: Civic Welfare Training Service","Error Handling, Loops, Arrays",4,1
"GE 108: Understanding the Self, PE 1: PATH FIT 1 - Movement Enhancement",,3,Senior IT Student,"IT Fundamentals, NSTP 2: Civic Welfare Training Service","CSS, HTML",3,0
"Computer Programming, Intro to Human Computer Interaction, NSTP 2: Civic Welfare Training Service","UI/UX, Loops, Error Handling",3,Senior IT Student,"IT Fundamentals, Introduction to Computing, NSTP 2: Civic Welfare Training Service","Error Handling, Input and Output Handling, Loops, HTML",4,1
"IT Fundamentals, Intro to Human Computer Interaction, NSTP 2: Civic Welfare Training Service",HTML,2,Instructor,"Computer Programming, Intro to Human Computer Interaction","Arrays, Loops, UI/UX",5,0
"NSTP 2: Civic Welfare Training Service, PE 2: PATH FIT 2 - Fitness Exercises",,3,Senior IT Student,"PE 2: PATH FIT 2 - Fitness Exercises, PE 1: PATH FIT 1 - Movement Enhancement",,4,1
"Computer Programming, PE 2: PATH FIT 2 - Fitness Exercises","Javascript, Arrays, Loops, Error Handling",3,Senior IT Student,"Introduction to Computing, PE 1: PATH FIT 1 - Movement Enhancement","Input and Output Handling, Loops, Arrays, Error Handling",4,1
"IT Fundamentals, Introduction to Computing, PE 1: PATH FIT 1 - Movement Enhancement, PE 2: PATH FIT 2 - Fitness Exercises","Error Handling, Javascript",4,Instructor,"GE 104: Readings in Philippine History, GE 105: Mathematics in the Modern World, Intro to Human Computer Interaction",UI/UX,5,0
"Computer Programming, IT Fundamentals, Intro to Human Computer Interaction","Input and Output Handling, Arrays, Javascript, Error Handling, CSS",3,Senior IT Student,"GE 108: Understanding the Self, GE EL 108: Philippine Indigenous Communities, Intro to Human Computer Interaction",UI/UX,4,1
"Computer Programming, GE 104: Readings in Philippine History",Input and Output Handling,4,Senior IT Student,"GE 105: Mathematics in the Modern World, GE EL 108: Philippine Indigenous Communities, NSTP 2: Civic Welfare Training Service, PE 2: PATH FIT 2 - Fitness Exercises",,5,0
Computer Programming,"Loops, Error Handling, Javascript, Arrays, Input and Output Handling",3,Senior IT Student,"Computer Programming, Introduction to Computing, NSTP 2: Civic Welfare Training Service","Loops, Input and Output Handling, Error Handling",3,1
"Computer Programming, Intro to Human Computer Interaction, PE 1: PATH FIT 1 - Movement Enhancement","Arrays, Error Handling",3,Senior IT Student,Computer Programming,"Input and Output Handling, Error Handling, Loops",5,1
"Computer Programming, GE 104: Readings in Philippine History, GE 108: Understanding the Self, Intro to Human Computer Interaction","Error Handling, UI/UX, Javascript",4,Senior IT Student,"IT Fundamentals, Intro to Human Computer Interaction, NSTP 1: Civic Welfare Training Service","CSS, UI/UX",4,1
"Computer Programming, GE 105: Mathematics in the Modern World, IT Fundamentals, Intro to Human Computer Interaction","UI/UX, HTML",4,Senior IT Student,"GE 105: Mathematics in the Modern World, PE 1: PATH FIT 1 - Movement Enhancement, PE 2: PATH FIT 2 - Fitness Exercises",,5,1
IT Fundamentals,"Javascript, CSS, HTML",4,Instructor,"IT Fundamentals, Computer Programming","Arrays, Javascript, CSS, Loops, Input and Output Handling, Error Handling",5,1
"Computer Programming, IT Fundamentals, PE 1: PATH FIT 1 - Movement Enhancement",Javascript,4,Instructor,NSTP 2: Civic Welfare Training Service,,4,0
"Computer Programming, GE 104: Readings in Philippine History, GE 108: Understanding the Self, IT Fundamentals","Error Handling, HTML, CSS, Arrays",3,Senior IT Student,"IT Fundamentals, Introduction to Computing, PE 1: PATH FIT 1 - Movement Enhancement, PE 2: PATH FIT 2 - Fitness Exercises","HTML, Error Handling, Input and Output Handling, CSS, Arrays",5,1
"GE 108: Understanding the Self, GE EL 108: Philippine Indigenous Communities, IT Fundamentals, Intro to Human Computer Interaction","CSS, Javascript, UI/UX, HTML",4,Senior IT Student,"Computer Programming, Introduction to Computing, NSTP 1: Civic Welfare Training Service","Input and Output Handling, Loops, Error Handling, Arrays, Javascript",3,0
PE 1: PATH FIT 1 - Movement Enhancement,,4,Senior IT Student,"Computer Programming, IT Fundamentals, NSTP 2: Civic Welfare Training Service","Loops, HTML, CSS",4,0
"GE 108: Understanding the Self, IT Fundamentals","Javascript, HTML, CSS",4,Senior IT Student,"GE 108: Understanding the Self, IT Fundamentals","CSS, Javascript",3,1
"Computer Programming, IT Fundamentals, NSTP 2: Civic Welfare Training Service","CSS, Loops, HTML, Input and Output Handling, Arrays",3,Senior IT Student,"Computer Programming, PE 1: PATH FIT 1 - Movement Enhancement, PE 2: PATH FIT 2 - Fitness Exercises","Javascript, Input and Output Handling, Arrays",3,1
"Computer Programming, GE 104: Readings in Philippine History, IT Fundamentals, Introduction to Computing","Input and Output Handling, Error Handling, Loops, Arrays",3,Senior IT Student,"Intro to Human Computer Interaction, Introduction to Computing, NSTP 1: Civic Welfare Training Service","Arrays, Error Handling, Loops, Input and Output Handling",4,1
"Computer Programming, IT Fundamentals, NSTP 2: Civic Welfare Training Service","CSS, Input and Output Handling, Javascript",2,Senior IT Student,"IT Fundamentals, Intro to Human Computer Interaction, PE 1: PATH FIT 1 - Movement Enhancement, PE 2: PATH FIT 2 - Fitness Exercises","Javascript, UI/UX, CSS, HTML",5,1
"Computer Programming, GE EL 108: Philippine Indigenous Communities, IT Fundamentals, Intro to Human Computer Interaction","Loops, UI/UX",5,Senior IT Student,"Computer Programming, Intro to Human Computer Interaction","UI/UX, Input and Output Handling, Loops",4,1
"Computer Programming, IT Fundamentals, Introduction to Computing","Javascript, Input and Output Handling",5,Instructor,"Intro to Human Computer Interaction, NSTP 2: Civic Welfare Training Service",UI/UX,4,0
"Computer Programming, GE 105: Mathematics in the Modern World, GE 108: Understanding the Self","Input and Output Handling, Arrays",5,Senior IT Student,"GE 108: Understanding the Self, GE EL 108: Philippine Indigenous Communities, Intro to Human Computer Interaction",UI/UX,3,0
"PE 2: PATH FIT 2 - Fitness Exercises, PE 1: PATH FIT 1 - Movement Enhancement",,4,Instructor,"NSTP 2: Civic Welfare Training Service, PE 1: PATH FIT 1 - Movement Enhancement, PE 2: PATH FIT 2 - Fitness Exercises",,4,1
"Computer Programming, GE 105: Mathematics in the Modern World, GE 108: Understanding the Self","Arrays, Loops",5,Senior IT Student,"Computer Programming, GE 108: Understanding the Self","Input and Output Handling, Arrays",4,1
"Computer Programming, IT Fundamentals, NSTP 1: Civic Welfare Training Service","CSS, Loops, Javascript",4,Senior IT Student,"Intro to Human Computer Interaction, NSTP 2: Civic Welfare Training Service",UI/UX,3,0
Computer Programming,"Arrays, Javascript, Loops",2,Senior IT Student,"Intro to Human Computer Interaction, Computer Programming","Arrays, Error Handling, Loops, Javascript, Input and Output Handling",3,1
"GE 105: Mathematics in the Modern World, GE 104: Readings in Philippine History",,4,Senior IT Student,IT Fundamentals,"Javascript, HTML, CSS",4,0
"Computer Programming, IT Fundamentals, Introduction to Computing, NSTP 2: Civic Welfare Training Service","Arrays, Javascript, CSS",3,Senior IT Student,"GE 108: Understanding the Self, IT Fundamentals, Intro to Human Computer Interaction, Introduction to Computing","Input and Output Handling, CSS, Javascript, Error Handling, UI/UX, HTML",5,1
"Computer Programming, IT Fundamentals, PE 1: PATH FIT 1 - Movement Enhancement",Arrays,4,Senior IT Student,IT Fundamentals,"CSS, Javascript, HTML",3,0
"Computer Programming, GE 105: Mathematics in the Modern World, GE EL 108: Philippine Indigenous Communities, IT Fundamentals",Arrays,3,Instructor,"IT Fundamentals, Intro to Human Computer Interaction","HTML, UI/UX, Javascript, CSS",5,0
"GE 104: Readings in Philippine History, NSTP 1: Civic Welfare Training Service",,4,Senior IT Student,"GE EL 108: Philippine Indigenous Communities, Intro to Human Computer Interaction",UI/UX,3,0
"PE 2: PATH FIT 2 - Fitness Exercises, PE 1: PATH FIT 1 - Movement Enhancement",,4,Senior IT Student,"Intro to Human Computer Interaction, Computer Programming","Javascript, Loops, Input and Output Handling, UI/UX, Arrays",5,0
PE 1: PATH FIT 1 - Movement Enhancement,,2,Instructor,"IT Fundamentals, Computer Programming","Arrays, Input and Output Handling, HTML, Javascript",5,0
"Computer Programming, GE 104: Readings in Philippine History, GE EL 108: Philippine Indigenous Communities, IT Fundamentals","Arrays, Javascript",4,Instructor,"Intro to Human Computer Interaction, PE 1: PATH FIT 1 - Movement Enhancement, PE 2: PATH FIT 2 - Fitness Exercises",UI/UX,4,0
PE 2: PATH FIT 2 - Fitness Exercises,,2,Senior IT Student,"GE 108: Understanding the Self, Introduction to Computing","Input and Output Handling, Arrays, Loops",4,0
"GE EL 108: Philippine Indigenous Communities, GE 105: Mathematics in the Modern World",,4,Senior IT Student,GE 105: Mathematics in the Modern World,,3,0
PE 2: PATH FIT 2 - Fitness Exercises,,2,Instructor,"GE 104: Readings in Philippine History, GE EL 108: Philippine Indigenous Communities, IT Fundamentals, Introduction to Computing","Javascript, CSS, Arrays",4,0
NSTP 1: Civic Welfare Training Service,,4,Senior IT Student,NSTP 2: Civic Welfare Training Service,,4,0
"Computer Programming, GE 104: Readings in Philippine History, GE EL 108: Philippine Indigenous Communities, Intro to Human Computer Interaction","Loops, Javascript, Input and Output Handling, Arrays",4,Senior IT Student,"GE 104: Readings in Philippine History, GE EL 108: Philippine Indigenous Communities, NSTP 1: Civic Welfare Training Service",,5,1
"Computer Programming, IT Fundamentals, Introduction to Computing","Javascript, HTML, Error Handling",3,Senior IT Student,IT Fundamentals,"CSS, HTML, Javascript",3,1
"Computer Programming, GE 105: Mathematics in the Modern World, GE 108: Understanding the Self, Intro to Human Computer Interaction",Input and Output Handling,4,Senior IT Student,IT Fundamentals,"Javascript, HTML, CSS",3,0
PE 1: PATH FIT 1 - Movement Enhancement,,5,Senior IT Student,"GE 105: Mathematics in the Modern World, GE EL 108: Philippine Indigenous Communities, IT Fundamentals, Intro to Human Computer Interaction","UI/UX, CSS, HTML",4,0
"Computer Programming, GE 104: Readings in Philippine History, GE 108: Understanding the Self","Error Handling, Javascript, Loops",2,Senior IT Student,"IT Fundamentals, PE 1: PATH FIT 1 - Movement Enhancement, PE 2: PATH FIT 2 - Fitness Exercises","CSS, Javascript",4,0
"IT Fundamentals, PE 2: PATH FIT 2 - Fitness Exercises","CSS, HTML",4,Senior IT Student,"GE 105: Mathematics in the Modern World, GE 108: Understanding the Self, IT Fundamentals, Introduction to Computing","HTML, Input and Output Handling",3,0
"IT Fundamentals, PE 1: PATH FIT 1 - Movement Enhancement",Javascript,4,Senior IT Student,"Computer Programming, NSTP 1: Civic Welfare Training Service","Error Handling, Input and Output Handling",5,0
GE 105: Mathematics in the Modern World,,5,Senior IT Student,"Intro to Human Computer Interaction, Introduction to Computing, NSTP 1: Civic Welfare Training Service","Input and Output Handling, Arrays, UI/UX",5,0
"Computer Programming, GE 104: Readings in Philippine History, GE 108: Understanding the Self","Javascript, Error Handling",3,Senior IT Student,"IT Fundamentals, Introduction to Computing, NSTP 1: Civic Welfare Training Service","Arrays, Input and Output Handling, Error Handling, HTML, Javascript",3,0
"Computer Programming, Intro to Human Computer Interaction, PE 1: PATH FIT 1 - Movement Enhancement, PE 2: PATH FIT 2 - Fitness Exercises","Arrays, Loops, Input and Output Handling, UI/UX",4,Instructor,"GE 105: Mathematics in the Modern World, IT Fundamentals, Intro to Human Computer Interaction","HTML, UI/UX, CSS",5,1
"Computer Programming, IT Fundamentals","Loops, Error Handling",2,Senior IT Student,"IT Fundamentals, PE 1: PATH FIT 1 - Movement Enhancement, PE 2: PATH FIT 2 - Fitness Exercises","CSS, HTML",3,0
IT Fundamentals,"HTML, Javascript",2,Instructor,"Computer Programming, IT Fundamentals, NSTP 2: Civic Welfare Training Service","Error Handling, HTML, CSS",4,1
"GE 104: Readings in Philippine History, NSTP 2: Civic Welfare Training Service",,4,Senior IT Student,PE 1: PATH FIT 1 - Movement Enhancement,,3,0
GE EL 108: Philippine Indigenous Communities,,4,Senior IT Student,"IT Fundamentals, PE 2: PATH FIT 2 - Fitness Exercises","HTML, CSS, Javascript",4,0
"Computer Programming, IT Fundamentals, Introduction to Computing, PE 1: PATH FIT 1 - Movement Enhancement, PE 2: PATH FIT 2 - Fitness Exercises","Loops, Javascript, CSS",3,Senior IT Student,"Computer Programming, Introduction to Computing, PE 1: PATH FIT 1 - Movement Enhancement, PE 2: PATH FIT 2 - Fitness Exercises","Error Handling, Arrays",4,1
"Computer Programming, IT Fundamentals","Error Handling, Arrays, Loops, Javascript, CSS",3,Senior IT Student,"Computer Programming, IT Fundamentals, PE 2: PATH FIT 2 - Fitness Exercises","CSS, Javascript, Loops, Arrays",4,1
"IT Fundamentals, PE 2: PATH FIT 2 - Fitness Exercises","Javascript, CSS, HTML",4,Senior IT Student,"Intro to Human Computer Interaction, Introduction to Computing, NSTP 1: Civic Welfare Training Service","Loops, Error Handling",3,0
"GE 105: Mathematics in the Modern World, GE 108: Understanding the Self, IT Fundamentals, Intro to Human Computer Interaction","Javascript, CSS, HTML",4,Senior IT Student,"Computer Programming, Introduction to Computing","Loops, Error Handling, Arrays, Input and Output Handling, Javascript",5,0
"GE 104: Readings in Philippine History, IT Fundamentals, Intro to Human Computer Interaction",CSS,2,Senior IT Student,"Computer Programming, IT Fundamentals, NSTP 1: Civic Welfare Training Service","Input and Output Handling, Arrays, CSS, HTML",5,1
"GE 108: Understanding the Self, NSTP 1: Civic Welfare Training Service",,3,Senior IT Student,"GE EL 108: Philippine Indigenous Communities, GE 104: Readings in Philippine History",,4,0
"GE 108: Understanding the Self, GE EL 108: Philippine Indigenous Communities",,5,Senior IT Student,"Computer Programming, PE 2: PATH FIT 2 - Fitness Exercises","Javascript, Arrays",5,0
"Computer Programming, IT Fundamentals","Input and Output Handling, Loops, CSS",3,Instructor,Introduction to Computing,"Input and Output Handling, Arrays, Loops, Error Handling",5,1
"IT Fundamentals, Introduction to Computing, PE 2: PATH FIT 2 - Fitness Exercises","Loops, Javascript",3,Senior IT Student,"Intro to Human Computer Interaction, IT Fundamentals","HTML, UI/UX, Javascript, CSS",3,1
"IT Fundamentals, Introduction to Computing","Input and Output Handling, CSS",2,Instructor,"PE 2: PATH FIT 2 - Fitness Exercises, PE 1: PATH FIT 1 - Movement Enhancement",,4,0
"PE 1: PATH FIT 1 - Movement Enhancement, PE 2: PATH FIT 2 - Fitness Exercises",,4,Instructor,"Introduction to Computing, PE 1: PATH FIT 1 - Movement Enhancement, PE 2: PATH FIT 2 - Fitness Exercises","Error Handling, Arrays, Loops",4,1
"Computer Programming, IT Fundamentals, Intro to Human Computer Interaction","Input and Output Handling, Arrays, HTML",5,Senior IT Student,"IT Fundamentals, Computer Programming, Introduction to Computing","Javascript, Error Handling, Arrays",4,1
"PE 1: PATH FIT 1 - Movement Enhancement, PE 2: PATH FIT 2 - Fitness Exercises",,3,Senior IT Student,NSTP 1: Civic Welfare Training Service,,3,0
"Computer Programming, Intro to Human Computer Interaction","UI/UX, Error Handling, Loops, Javascript, Input and Output Handling",2,Instructor,"Intro to Human Computer Interaction, PE 1: PATH FIT 1 - Movement Enhancement, PE 2: PATH FIT 2 - Fitness Exercises",UI/UX,4,1
"Computer Programming, GE EL 108: Philippine Indigenous Communities, Intro to Human Computer Interaction",Error Handling,2,Instructor,"IT Fundamentals, Introduction to Computing, NSTP 1: Civic Welfare Training Service","CSS, Loops, Arrays",4,0
Computer Programming,"Arrays, Loops, Javascript",4,Senior IT Student,GE 108: Understanding the Self,,4,0
"Computer Programming, IT Fundamentals, PE 1: PATH FIT 1 - Movement Enhancement, PE 2: PATH FIT 2 - Fitness Exercises","Error Handling, HTML, CSS, Input and Output Handling",4,Senior IT Student,IT Fundamentals,"CSS, HTML, Javascript",3,0
"Computer Programming, IT Fundamentals, PE 1: PATH FIT 1 - Movement Enhancement, PE 2: PATH FIT 2 - Fitness Exercises","Arrays, Input and Output Handling",3,Instructor,"Computer Programming, IT Fundamentals","HTML, Input and Output Handling, Error Handling, Javascript, Loops",5,1
"Computer Programming, GE 104: Readings in Philippine History, GE EL 108: Philippine Indigenous Communities, IT Fundamentals, Introduction to Computing","Javascript, Loops",5,Instructor,NSTP 1: Civic Welfare Training Service,,4,0
NSTP 1: Civic Welfare Training Service,,4,Senior IT Student,Intro to Human Computer Interaction,UI/UX,3,0
"Computer Programming, GE 105: Mathematics in the Modern World","Arrays, Loops, Error Handling, Input and Output Handling, Javascript",3,Senior IT Student,"IT Fundamentals, NSTP 2: Civic Welfare Training Service","Javascript, CSS",3,0
"Computer Programming, IT Fundamentals, Intro to Human Computer Interaction","HTML, Error Handling, Javascript, Arrays",3,Senior IT Student,"Intro to Human Computer Interaction, Introduction to Computing","Arrays, Input and Output Handling, Loops",4,1
"Computer Programming, IT Fundamentals, PE 2: PATH FIT 2 - Fitness Exercises","Javascript, Arrays",4,Senior IT Student,"Computer Programming, GE 108: Understanding the Self, IT Fundamentals","Javascript, Loops",3,1
"Computer Programming, IT Fundamentals","Arrays, Error Handling, Input and Output Handling",4,Senior IT Student,Computer Programming,"Javascript, Error Handling, Arrays, Loops, Input and Output Handling",5,1
"IT Fundamentals, Intro to Human Computer Interaction","HTML, UI/UX, CSS, Javascript",4,Senior IT Student,"GE 108: Understanding the Self, NSTP 1: Civic Welfare Training Service",,4,0
"GE 105: Mathematics in the Modern World, GE EL 108: Philippine Indigenous Communities, IT Fundamentals, Intro to Human Computer Interaction","Javascript, UI/UX, HTML",3,Senior IT Student,"IT Fundamentals, Intro to Human Computer Interaction, Introduction to Computing","Loops, Error Handling, Input and Output Handling, CSS",3,1
"Computer Programming, Introduction to Computing, PE 2: PATH FIT 2 - Fitness Exercises","Loops, Arrays",4,Senior IT Student,"Computer Programming, IT Fundamentals, Intro to Human Computer Interaction, NSTP 2: Civic Welfare Training Service","Error Handling, Input and Output Handling, CSS",4,1
IT Fundamentals,"HTML, Javascript",2,Senior IT Student,"Computer Programming, Intro to Human Computer Interaction, PE 1: PATH FIT 1 - Movement Enhancement, PE 2: PATH FIT 2 - Fitness Exercises","Loops, UI/UX, Arrays, Error Handling, Input and Output Handling",3,0
"Computer Programming, GE 105: Mathematics in the Modern World, GE EL 108: Philippine Indigenous Communities, Introduction to Computing","Input and Output Handling, Javascript, Error Handling, Arrays",3,Senior IT Student,"GE 108: Understanding the Self, GE EL 108: Philippine Indigenous Communities, Intro to Human Computer Interaction, Introduction to Computing","Arrays, Loops, Input and Output Handling",3,1
"IT Fundamentals, NSTP 2: Civic Welfare Training Service",HTML,3,Instructor,"Computer Programming, Intro to Human Computer Interaction, NSTP 2: Civic Welfare Training Service","Loops, Arrays, UI/UX, Error Handling",5,1
GE EL 108: Philippine Indigenous Communities,,4,Senior IT Student,"IT Fundamentals, NSTP 1: Civic Welfare Training Service","CSS, HTML, Javascript",4,0
"Computer Programming, IT Fundamentals, Introduction to Computing, NSTP 1: Civic Welfare Training Service","Arrays, Error Handling",2,Senior IT Student,GE EL 108: Philippine Indigenous Communities,,3,0
"GE EL 108: Philippine Indigenous Communities, IT Fundamentals","HTML, CSS, Javascript",5,Senior IT Student,"GE 104: Readings in Philippine History, GE 108: Understanding the Self, IT Fundamentals","Javascript, CSS",3,1
"Computer Programming, IT Fundamentals, Intro to Human Computer Interaction, NSTP 2: Civic Welfare Training Service",Loops,2,Senior IT Student,"Computer Programming, Intro to Human Computer Interaction","UI/UX, Input and Output Handling, Error Handling, Arrays",3,1
"Computer Programming, GE 108: Understanding the Self, GE EL 108: Philippine Indigenous Communities","Loops, Input and Output Handling, Javascript",3,Senior IT Student,"Introduction to Computing, PE 1: PATH FIT 1 - Movement Enhancement, PE 2: PATH FIT 2 - Fitness Exercises","Error Handling, Loops",5,0
"GE 104: Readings in Philippine History, GE EL 108: Philippine Indigenous Communities, IT Fundamentals","HTML, CSS, Javascript",5,Instructor,"IT Fundamentals, NSTP 1: Civic Welfare Training Service","CSS, HTML",5,1
"Computer Programming, GE 104: Readings in Philippine History, GE 108: Understanding the Self, IT Fundamentals",HTML,3,Senior IT Student,"GE 104: Readings in Philippine History, Intro to Human Computer Interaction, Introduction to Computing","Loops, Arrays, Input and Output Handling, UI/UX",3,0
"GE 104: Readings in Philippine History, GE EL 108: Philippine Indigenous Communities, IT Fundamentals","CSS, Javascript, HTML",3,Instructor,"GE 105: Mathematics in the Modern World, GE EL 108: Philippine Indigenous Communities, Intro to Human Computer Interaction",UI/UX,4,1
"Computer Programming, GE 105: Mathematics in the Modern World, GE 108: Understanding the Self","Loops, Input and Output Handling, Javascript",4,Senior IT Student,GE EL 108: Philippine Indigenous Communities,,3,0
GE 104: Readings in Philippine History,,3,Senior IT Student,"GE 104: Readings in Philippine History, GE 105: Mathematics in the Modern World",,4,1
"Computer Programming, GE 105: Mathematics in the Modern World, GE EL 108: Philippine Indigenous Communities, IT Fundamentals","Javascript, Error Handling, CSS, Arrays",3,Instructor,"Computer Programming, Intro to Human Computer Interaction, IT Fundamentals","UI/UX, Input and Output Handling, Javascript, Arrays, Error Handling",4,1
GE EL 108: Philippine Indigenous Communities,,3,Senior IT Student,IT Fundamentals,"HTML, CSS, Javascript",3,0
"Computer Programming, Introduction to Computing, NSTP 1: Civic Welfare Training Service","Input and Output Handling, Loops",4,Senior IT Student,Intro to Human Computer Interaction,UI/UX,3,0
"Computer Programming, IT Fundamentals","CSS, Javascript, Input and Output Handling, Arrays",3,Senior IT Student,"Computer Programming, GE 104: Readings in Philippine History, GE EL 108: Philippine Indigenous Communities, Intro to Human Computer Interaction","Error Handling, Arrays, UI/UX, Loops, Javascript",3,1
Computer Programming,"Input and Output Handling, Arrays, Javascript, Loops",3,Senior IT Student,"IT Fundamentals, Introduction to Computing","Javascript, Input and Output Handling, HTML",5,1
Computer Programming,"Input and Output Handling, Javascript, Loops, Arrays, Error Handling",2,Senior IT Student,GE 105: Mathematics in the Modern World,,3,0
"Computer Programming, IT Fundamentals, Intro to Human Computer Interaction, NSTP 2: Civic Welfare Training Service",Error Handling,4,Senior IT Student,"Introduction to Computing, IT Fundamentals, Computer Programming","Loops, Error Handling, Input and Output Handling, Javascript, CSS, Arrays",5,1
"GE 105: Mathematics in the Modern World, PE 2: PATH FIT 2 - Fitness Exercises",,4,Senior IT Student,"GE 104: Readings in Philippine History, GE 108: Understanding the Self, Introduction to Computing","Input and Output Handling, Error Handling, Loops, Arrays",5,0
"Computer Programming, IT Fundamentals, Intro to Human Computer Interaction, PE 1: PATH FIT 1 - Movement Enhancement, PE 2: PATH FIT 2 - Fitness Exercises","Javascript, Error Handling, Arrays, UI/UX, HTML",5,Instructor,Introduction to Computing,"Input and Output Handling, Loops, Error Handling, Arrays",5,0
"Computer Programming, IT Fundamentals, PE 1: PATH FIT 1 - Movement Enhancement, PE 2: PATH FIT 2 - Fitness Exercises","Javascript, Loops, Error Handling, Arrays",2,Senior IT Student,"GE 104: Readings in Philippine History, GE 105: Mathematics in the Modern World, IT Fundamentals","CSS, Javascript, HTML",4,1
"IT Fundamentals, Intro to Human Computer Interaction, NSTP 2: Civic Welfare Training Service","CSS, HTML, UI/UX, Javascript",2,Senior IT Student,"IT Fundamentals, Introduction to Computing, PE 1: PATH FIT 1 - Movement Enhancement, PE 2: PATH FIT 2 - Fitness Exercises","CSS, Input and Output Handling, HTML, Error Handling, Loops",5,1
"GE 104: Readings in Philippine History, GE 108: Understanding the Self, IT Fundamentals, Introduction to Computing",Input and Output Handling,4,Senior IT Student,"Introduction to Computing, NSTP 1: Civic Welfare Training Service","Loops, Error Handling, Arrays",4,0
NSTP 1: Civic Welfare Training Service,,4,Instructor,"Computer Programming, IT Fundamentals, PE 1: PATH FIT 1 - Movement Enhancement","HTML, Arrays, CSS, Javascript, Input and Output Handling",5,0
"IT Fundamentals, PE 1: PATH FIT 1 - Movement Enhancement","CSS, HTML",3,Instructor,"GE 105: Mathematics in the Modern World, GE 108: Understanding the Self, IT Fundamentals","HTML, CSS",4,1
"Computer Programming, IT Fundamentals","Input and Output Handling, HTML",5,Instructor,NSTP 2: Civic Welfare Training Service,,5,0
"Computer Programming, GE EL 108: Philippine Indigenous Communities, IT Fundamentals","HTML, Input and Output Handling, CSS, Loops",4,Senior IT Student,"Computer Programming, IT Fundamentals, NSTP 1: Civic Welfare Training Service","CSS, Error Handling, Input and Output Handling, Loops",3,1
"Computer Programming, IT Fundamentals, Intro to Human Computer Interaction, NSTP 2: Civic Welfare Training Service","HTML, Javascript",3,Instructor,"IT Fundamentals, Intro to Human Computer Interaction, Introduction to Computing, PE 1: PATH FIT 1 - Movement Enhancement","UI/UX, Javascript, CSS, Loops, Arrays",5,1
"Computer Programming, IT Fundamentals, NSTP 1: Civic Welfare Training Service","Input and Output Handling, HTML",2,Senior IT Student,"Computer Programming, Introduction to Computing","Javascript, Arrays, Error Handling, Loops, Input and Output Handling",3,1
"Computer Programming, IT Fundamentals, Intro to Human Computer Interaction, NSTP 1: Civic Welfare Training Service",Input and Output Handling,4,Senior IT Student,Intro to Human Computer Interaction,UI/UX,3,0
GE 108: Understanding the Self,,3,Senior IT Student,"Intro to Human Computer Interaction, PE 2: PATH FIT 2 - Fitness Exercises",UI/UX,3,0
"Computer Programming, IT Fundamentals, Intro to Human Computer Interaction","Javascript, CSS, UI/UX, Loops",3,Senior IT Student,"Intro to Human Computer Interaction, Computer Programming","Input and Output Handling, UI/UX, Loops, Javascript",4,1
"NSTP 1: Civic Welfare Training Service, PE 1: PATH FIT 1 - Movement Enhancement, PE 2: PATH FIT 2 - Fitness Exercises",,3,Senior IT Student,"Intro to Human Computer Interaction, Computer Programming, Introduction to Computing","Error Handling, Arrays, Loops, UI/UX",3,0
"Computer Programming, Intro to Human Computer Interaction, NSTP 2: Civic Welfare Training Service","Input and Output Handling, Error Handling",3,Senior IT Student,"IT Fundamentals, Intro to Human Computer Interaction, Introduction to Computing","Input and Output Handling, Error Handling, UI/UX, HTML, Loops, Arrays",4,1
"GE 104: Readings in Philippine History, GE EL 108: Philippine Indigenous Communities, IT Fundamentals, Introduction to Computing",Javascript,4,Senior IT Student,"Introduction to Computing, NSTP 2: Civic Welfare Training Service","Arrays, Error Handling",3,0
IT Fundamentals,"Javascript, CSS, HTML",3,Senior IT Student,"Computer Programming, GE 105: Mathematics in the Modern World, GE EL 108: Philippine Indigenous Communities","Error Handling, Input and Output Handling, Arrays, Loops",3,0
"PE 1: PATH FIT 1 - Movement Enhancement, PE 2: PATH FIT 2 - Fitness Exercises",,4,Senior IT Student,IT Fundamentals,"Javascript, CSS, HTML",3,0
"PE 2: PATH FIT 2 - Fitness Exercises, PE 1: PATH FIT 1 - Movement Enhancement",,3,Senior IT Student,"IT Fundamentals, Introduction to Computing, PE 1: PATH FIT 1 - Movement Enhancement, PE 2: PATH FIT 2 - Fitness Exercises","HTML, Input and Output Handling, Arrays, Loops",4,1
"Computer Programming, GE 108: Understanding the Self, GE EL 108: Philippine Indigenous Communities","Javascript, Error Handling, Loops",4,Senior IT Student,Computer Programming,"Javascript, Loops, Input and Output Handling",3,1
Computer Programming,"Error Handling, Javascript, Input and Output Handling, Arrays",5,Senior IT Student,"IT Fundamentals, Introduction to Computing, Intro to Human Computer Interaction","Loops, HTML, UI/UX, Arrays, Error Handling, Input and Output Handling",3,0
"PE 2: PATH FIT 2 - Fitness Exercises, PE 1: PATH FIT 1 - Movement Enhancement",,4,Instructor,"Introduction to Computing, PE 2: PATH FIT 2 - Fitness Exercises","Arrays, Error Handling",4,1
"Computer Programming, IT Fundamentals","Input and Output Handling, Loops, Error Handling",3,Instructor,"Computer Programming, Intro to Human Computer Interaction","Arrays, Error Handling, UI/UX, Loops, Javascript, Input and Output Handling",4,1
"Computer Programming, PE 1: PATH FIT 1 - Movement Enhancement","Arrays, Error Handling, Input and Output Handling",4,Instructor,"Introduction to Computing, Computer Programming","Input and Output Handling, Error Handling, Loops, Arrays, Javascript",4,1
"IT Fundamentals, Intro to Human Computer Interaction, PE 2: PATH FIT 2 - Fitness Exercises","CSS, Javascript, HTML",5,Senior IT Student,"Computer Programming, Introduction to Computing, NSTP 1: Civic Welfare Training Service","Loops, Javascript, Input and Output Handling",3,0
NSTP 1: Civic Welfare Training Service,,3,Senior IT Student,"Computer Programming, GE 104: Readings in Philippine History, Intro to Human Computer Interaction","Input and Output Handling, Arrays, Loops",3,0
"GE 105: Mathematics in the Modern World, IT Fundamentals, Intro to Human Computer Interaction","CSS, UI/UX",2,Instructor,"GE 104: Readings in Philippine History, GE 108: Understanding the Self, Introduction to Computing","Arrays, Error Handling, Loops",5,0
"Computer Programming, IT Fundamentals, Intro to Human Computer Interaction, PE 1: PATH FIT 1 - Movement Enhancement, PE 2: PATH FIT 2 - Fitness Exercises","Loops, Error Handling, CSS",5,Senior IT Student,"Introduction to Computing, NSTP 1: Civic Welfare Training Service","Arrays, Input and Output Handling, Error Handling, Loops",4,0
"GE EL 108: Philippine Indigenous Communities, PE 2: PATH FIT 2 - Fitness Exercises",,5,Instructor,"PE 1: PATH FIT 1 - Movement Enhancement, PE 2: PATH FIT 2 - Fitness Exercises",,4,0
"NSTP 2: Civic Welfare Training Service, PE 2: PATH FIT 2 - Fitness Exercises",,4,Senior IT Student,"Computer Programming, Intro to Human Computer Interaction, NSTP 2: Civic Welfare Training Service","Input and Output Handling, UI/UX, Error Handling",5,0
"PE 1: PATH FIT 1 - Movement Enhancement, PE 2: PATH FIT 2 - Fitness Exercises",,2,Senior IT Student,"Intro to Human Computer Interaction, PE 2: PATH FIT 2 - Fitness Exercises",UI/UX,4,0
"Computer Programming, GE 104: Readings in Philippine History","Arrays, Loops",5,Senior IT Student,"Computer Programming, PE 1: PATH FIT 1 - Movement Enhancement, PE 2: PATH FIT 2 - Fitness Exercises","Loops, Arrays, Input and Output Handling, Error Handling",5,1
"Computer Programming, GE 104: Readings in Philippine History, GE EL 108: Philippine Indigenous Communities, IT Fundamentals","Error Handling, CSS, Input and Output Handling, Loops",5,Senior IT Student,"Computer Programming, IT Fundamentals, PE 1: PATH FIT 1 - Movement Enhancement","Loops, CSS, Error Handling, HTML, Arrays",4,1
"Computer Programming, GE 104: Readings in Philippine History, GE 105: Mathematics in the Modern World, IT Fundamentals",HTML,5,Senior IT Student,"GE 108: Understanding the Self, GE EL 108: Philippine Indigenous Communities, Intro to Human Computer Interaction",UI/UX,5,0
"IT Fundamentals, Introduction to Computing, NSTP 1: Civic Welfare Training Service",Error Handling,5,Senior IT Student,Intro to Human Computer Interaction,UI/UX,4,0
"GE EL 108: Philippine Indigenous Communities, NSTP 2: Civic Welfare Training Service",,4,Senior IT Student,"PE 2: PATH FIT 2 - Fitness Exercises, PE 1: PATH FIT 1 - Movement Enhancement",,4,0
"GE 104: Readings in Philippine History, GE EL 108: Philippine Indigenous Communities",,4,Senior IT Student,"Intro to Human Computer Interaction, IT Fundamentals, Introduction to Computing","UI/UX, Arrays, Error Handling, Input and Output Handling, Loops, CSS",3,0
"IT Fundamentals, NSTP 2: Civic Welfare Training Service","CSS, Javascript, HTML",4,Senior IT Student,"Computer Programming, Intro to Human Computer Interaction, NSTP 2: Civic Welfare Training Service","Input and Output Handling, Error Handling",3,0
"GE EL 108: Philippine Indigenous Communities, IT Fundamentals, Introduction to Computing","Input and Output Handling, Error Handling, Javascript, CSS",3,Instructor,"Intro to Human Computer Interaction, Introduction to Computing, PE 2: PATH FIT 2 - Fitness Exercises","Loops, Error Handling",4,1
"Computer Programming, IT Fundamentals","Loops, Input and Output Handling, Error Handling, HTML, CSS",4,Instructor,"GE EL 108: Philippine Indigenous Communities, IT Fundamentals","Javascript, HTML, CSS",4,1
"GE 105: Mathematics in the Modern World, NSTP 2: Civic Welfare Training Service",,5,Instructor,"Computer Programming, Introduction to Computing, PE 1: PATH FIT 1 - Movement Enhancement, PE 2: PATH FIT 2 - Fitness Exercises","Input and Output Handling, Arrays, Loops",4,0
"Computer Programming, PE 1: PATH FIT 1 - Movement Enhancement","Loops, Arrays, Input and Output Handling",4,Senior IT Student,"GE 105: Mathematics in the Modern World, GE EL 108: Philippine Indigenous Communities, Intro to Human Computer Interaction",UI/UX,4,0
"Computer Programming, IT Fundamentals, Introduction to Computing","CSS, Javascript, HTML",3,Instructor,"PE 2: PATH FIT 2 - Fitness Exercises, PE 1: PATH FIT 1 - Movement Enhancement",,4,0
"Computer Programming, GE 105: Mathematics in the Modern World, GE 108: Understanding the Self",Javascript,4,Senior IT Student,"GE 108: Understanding the Self, GE EL 108: Philippine Indigenous Communities, IT Fundamentals, Intro to Human Computer Interaction","Javascript, UI/UX, HTML",5,1
"Computer Programming, GE 108: Understanding the Self, GE EL 108: Philippine Indigenous Communities, Intro to Human Computer Interaction","Loops, Javascript, Input and Output Handling, Arrays",4,Instructor,NSTP 1: Civic Welfare Training Service,,4,0
"Computer Programming, Intro to Human Computer Interaction","Arrays, UI/UX, Error Handling, Input and Output Handling",5,Senior IT Student,"IT Fundamentals, Intro to Human Computer Interaction, NSTP 1: Civic Welfare Training Service","Javascript, CSS",3,0
"GE EL 108: Philippine Indigenous Communities, IT Fundamentals","HTML, CSS",2,Senior IT Student,"GE 108: Understanding the Self, IT Fundamentals","CSS, Javascript",4,1
"GE 104: Readings in Philippine History, GE EL 108: Philippine Indigenous Communities, IT Fundamentals",CSS,2,Instructor,"Intro to Human Computer Interaction, Introduction to Computing, NSTP 1: Civic Welfare Training Service","UI/UX, Error Handling, Loops, Input and Output Handling, Arrays",5,0
"Computer Programming, NSTP 2: Civic Welfare Training Service","Error Handling, Arrays, Input and Output Handling, Javascript",3,Senior IT Student,"GE 108: Understanding the Self, GE EL 108: Philippine Indigenous Communities, Intro to Human Computer Interaction, Introduction to Computing","Loops, Input and Output Handling, Error Handling",3,0
"PE 2: PATH FIT 2 - Fitness Exercises, PE 1: PATH FIT 1 - Movement Enhancement",,2,Senior IT Student,"Intro to Human Computer Interaction, IT Fundamentals","CSS, Javascript, UI/UX, HTML",3,0
"Computer Programming, GE EL 108: Philippine Indigenous Communities","Error Handling, Loops",4,Senior IT Student,Computer Programming,"Loops, Input and Output Handling, Arrays",3,0
"Computer Programming, IT Fundamentals, Introduction to Computing, PE 1: PATH FIT 1 - Movement Enhancement","Loops, Error Handling, CSS",3,Senior IT Student,"Introduction to Computing, NSTP 2: Civic Welfare Training Service","Input and Output Handling, Arrays, Loops, Error Handling",3,1
"IT Fundamentals, Intro to Human Computer Interaction","UI/UX, HTML",5,Senior IT Student,"Computer Programming, NSTP 1: Civic Welfare Training Service","Arrays, Loops, Input and Output Handling, Error Handling, Javascript",4,0
"GE 105: Mathematics in the Modern World, IT Fundamentals, Intro to Human Computer Interaction","HTML, Javascript",4,Senior IT Student,Intro to Human Computer Interaction,UI/UX,3,0
PE 1: PATH FIT 1 - Movement Enhancement,,3,Senior IT Student,"Computer Programming, IT Fundamentals, Intro to Human Computer Interaction","Arrays, Javascript, UI/UX, Loops, Input and Output Handling",4,0
"Computer Programming, GE 104: Readings in Philippine History, Intro to Human Computer Interaction","UI/UX, Loops, Input and Output Handling",5,Senior IT Student,"Computer Programming, Intro to Human Computer Interaction, NSTP 1: Civic Welfare Training Service","Javascript, Input and Output Handling, Arrays",3,1
Computer Programming,"Loops, Arrays",5,Senior IT Student,"Computer Programming, Introduction to Computing, Intro to Human Computer Interaction","Javascript, UI/UX, Arrays",3,0
"IT Fundamentals, NSTP 2: Civic Welfare Training Service","Javascript, CSS",4,Senior IT Student,"Computer Programming, GE 105: Mathematics in the Modern World, Introduction to Computing","Loops, Input and Output Handling, Error Handling, Arrays",4,0
NSTP 2: Civic Welfare Training Service,,4,Senior IT Student,"GE 104: Readings in Philippine History, GE EL 108: Philippine Indigenous Communities, Intro to Human Computer Interaction, Introduction to Computing","Arrays, Error Handling, Loops",3,0
"IT Fundamentals, PE 1: PATH FIT 1 - Movement Enhancement, PE 2: PATH FIT 2 - Fitness Exercises",CSS,3,Senior IT Student,"IT Fundamentals, Intro to Human Computer Interaction","CSS, UI/UX, HTML",4,1
"Computer Programming, IT Fundamentals, Introduction to Computing","HTML, Error Handling, Javascript",3,Senior IT Student,GE 105: Mathematics in the Modern World,,5,0
"Computer Programming, Introduction to Computing, PE 2: PATH FIT 2 - Fitness Exercises",Input and Output Handling,3,Senior IT Student,IT Fundamentals,"Javascript, CSS, HTML",4,0
"GE 104: Readings in Philippine History, GE EL 108: Philippine Indigenous Communities",,5,Senior IT Student,"Introduction to Computing, PE 1: PATH FIT 1 - Movement Enhancement","Error Handling, Loops",4,0
"GE 105: Mathematics in the Modern World, IT Fundamentals","Javascript, CSS, HTML",2,Senior IT Student,"IT Fundamentals, NSTP 1: Civic Welfare Training Service","Javascript, CSS",4,1
"Computer Programming, IT Fundamentals, Intro to Human Computer Interaction, PE 1: PATH FIT 1 - Movement Enhancement, PE 2: PATH FIT 2 - Fitness Exercises","Arrays, Error Handling, Input and Output Handling",3,Senior IT Student,"GE 104: Readings in Philippine History, GE 105: Mathematics in the Modern World, GE EL 108: Philippine Indigenous Communities",,5,0
"Computer Programming, GE 104: Readings in Philippine History, GE 105: Mathematics in the Modern World, Intro to Human Computer Interaction",UI/UX,5,Senior IT Student,"Intro to Human Computer Interaction, Introduction to Computing","Loops, Error Handling, Input and Output Handling",3,0
"IT Fundamentals, Intro to Human Computer Interaction","HTML, UI/UX",2,Senior IT Student,Introduction to Computing,"Arrays, Error Handling, Input and Output Handling",3,0
"Computer Programming, IT Fundamentals","Javascript, Arrays",2,Senior IT Student,"GE 108: Understanding the Self, Introduction to Computing","Loops, Arrays, Input and Output Handling",3,0
"Computer Programming, NSTP 2: Civic Welfare Training Service","Javascript, Arrays, Loops",3,Senior IT Student,"IT Fundamentals, NSTP 1: Civic Welfare Training Service","HTML, Javascript, CSS",3,0
"IT Fundamentals, Intro to Human Computer Interaction, PE 1: PATH FIT 1 - Movement Enhancement","Javascript, HTML, UI/UX",2,Senior IT Student,NSTP 1: Civic Welfare Training Service,,4,0
"Computer Programming, IT Fundamentals, NSTP 2: Civic Welfare Training Service","Error Handling, Input and Output Handling, CSS",3,Instructor,"Introduction to Computing, Computer Programming","Input and Output Handling, Error Handling, Loops",5,1
"GE 105: Mathematics in the Modern World, GE 108: Understanding the Self, IT Fundamentals",CSS,4,Senior IT Student,"Computer Programming, GE 104: Readings in Philippine History, IT Fundamentals","Loops, Arrays, HTML",4,0
"Computer Programming, IT Fundamentals, Intro to Human Computer Interaction","UI/UX, Error Handling, CSS, Loops, HTML",5,Instructor,"GE 105: Mathematics in the Modern World, GE EL 108: Philippine Indigenous Communities, PE 2: PATH FIT 2 - Fitness Exercises",,4,0
GE EL 108: Philippine Indigenous Communities,,5,Senior IT Student,"GE 104: Readings in Philippine History, GE 105: Mathematics in the Modern World, IT Fundamentals","HTML, Javascript, CSS",4,0
GE EL 108: Philippine Indigenous Communities,,4,Senior IT Student,"Computer Programming, Introduction to Computing, PE 1: PATH FIT 1 - Movement Enhancement","Error Handling, Javascript, Arrays",4,0
"PE 1: PATH FIT 1 - Movement Enhancement, PE 2: PATH FIT 2 - Fitness Exercises",,5,Senior IT Student,IT Fundamentals,"HTML, CSS, Javascript",3,0
IT Fundamentals,"Javascript, HTML, CSS",4,Senior IT Student,"Introduction to Computing, NSTP 1: Civic Welfare Training Service","Error Handling, Input and Output Handling, Arrays",4,0
"GE 108: Understanding the Self, GE 104: Readings in Philippine History",,3,Senior IT Student,Intro to Human Computer Interaction,UI/UX,4,0
"Computer Programming, GE 104: Readings in Philippine History, GE 105: Mathematics in the Modern World, IT Fundamentals, Introduction to Computing","Input and Output Handling, HTML",4,Senior IT Student,"Computer Programming, GE EL 108: Philippine Indigenous Communities, Intro to Human Computer Interaction","Javascript, UI/UX, Arrays, Input and Output Handling",3,0
"Computer Programming, IT Fundamentals, Introduction to Computing, NSTP 1: Civic Welfare Training Service","Input and Output Handling, CSS, Arrays",4,Senior IT Student,"Computer Programming, IT Fundamentals","HTML, Loops, Javascript, Arrays, Error Handling, CSS",3,1
"Computer Programming, IT Fundamentals, NSTP 1: Civic Welfare Training Service","Arrays, CSS, Loops, Javascript",3,Senior IT Student,"IT Fundamentals, Introduction to Computing, PE 1: PATH FIT 1 - Movement Enhancement, PE 2: PATH FIT 2 - Fitness Exercises","HTML, Input and Output Handling, Arrays, Error Handling, Loops",3,1
NSTP 2: Civic Welfare Training Service,,4,Senior IT Student,"GE EL 108: Philippine Indigenous Communities, Intro to Human Computer Interaction",UI/UX,5,0
"GE 105: Mathematics in the Modern World, GE 108: Understanding the Self, IT Fundamentals","Javascript, CSS",3,Senior IT Student,"Introduction to Computing, NSTP 1: Civic Welfare Training Service","Input and Output Handling, Loops, Arrays, Error Handling",5,0
"Computer Programming, IT Fundamentals, Introduction to Computing, PE 2: PATH FIT 2 - Fitness Exercises","HTML, Input and Output Handling, Error Handling, Javascript",4,Instructor,"IT Fundamentals, Intro to Human Computer Interaction, PE 1: PATH FIT 1 - Movement Enhancement","HTML, UI/UX, Javascript, CSS",4,1
"Computer Programming, GE 105: Mathematics in the Modern World, IT Fundamentals, Intro to Human Computer Interaction","Loops, Input and Output Handling, Error Handling",5,Instructor,"PE 1: PATH FIT 1 - Movement Enhancement, PE 2: PATH FIT 2 - Fitness Exercises",,4,0
"Computer Programming, GE 108: Understanding the Self","Error Handling, Input and Output Handling",3,Senior IT Student,"GE 104: Readings in Philippine History, GE 108: Understanding the Self, PE 2: PATH FIT 2 - Fitness Exercises",,4,0
"Computer Programming, GE 105: Mathematics in the Modern World, GE EL 108: Philippine Indigenous Communities","Loops, Input and Output Handling, Arrays, Javascript, Error Handling",3,Instructor,"Intro to Human Computer Interaction, NSTP 1: Civic Welfare Training Service",UI/UX,5,0
IT Fundamentals,"CSS, Javascript",4,Senior IT Student,"GE EL 108: Philippine Indigenous Communities, NSTP 2: Civic Welfare Training Service, PE 1: PATH FIT 1 - Movement Enhancement",,4,0
"Computer Programming, IT Fundamentals","Arrays, Input and Output Handling, Javascript",5,Senior IT Student,NSTP 1: Civic Welfare Training Service,,3,0
IT Fundamentals,"Javascript, HTML",3,Senior IT Student,"Introduction to Computing, NSTP 2: Civic Welfare Training Service","Input and Output Handling, Error Handling",4,0
IT Fundamentals,"HTML, CSS",3,Instructor,"Computer Programming, PE 2: PATH FIT 2 - Fitness Exercises","Arrays, Input and Output Handling, Javascript",5,0
"GE 104: Readings in Philippine History, NSTP 1: Civic Welfare Training Service",,3,Senior IT Student,"Intro to Human Computer Interaction, Computer Programming","Loops, Input and Output Handling, Javascript, UI/UX, Arrays",4,0
"Computer Programming, GE 104: Readings in Philippine History, GE 105: Mathematics in the Modern World",Error Handling,5,Instructor,"Computer Programming, GE 104: Readings in Philippine History, GE 108: Understanding the Self, Introduction to Computing","Javascript, Arrays, Error Handling, Input and Output Handling",4,1
"Computer Programming, IT Fundamentals, Intro to Human Computer Interaction, NSTP 1: Civic Welfare Training Service","Loops, Arrays, HTML, UI/UX",4,Instructor,"Computer Programming, GE 105: Mathematics in the Modern World, GE EL 108: Philippine Indigenous Communities, IT Fundamentals","Input and Output Handling, Javascript",4,1
"Computer Programming, IT Fundamentals, Intro to Human Computer Interaction","Loops, UI/UX, Error Handling",4,Senior IT Student,"Introduction to Computing, Intro to Human Computer Interaction, Computer Programming","Input and Output Handling, UI/UX, Error Handling, Arrays",4,1
"Computer Programming, GE 105: Mathematics in the Modern World, GE 108: Understanding the Self, Introduction to Computing","Javascript, Arrays, Loops",4,Senior IT Student,"GE 105: Mathematics in the Modern World, NSTP 1: Civic Welfare Training Service, PE 2: PATH FIT 2 - Fitness Exercises",,5,1
"Computer Programming, Introduction to Computing, NSTP 2: Civic Welfare Training Service","Error Handling, Arrays, Input and Output Handling",3,Senior IT Student,"GE 104: Readings in Philippine History, GE EL 108: Philippine Indigenous Communities, Introduction to Computing","Error Handling, Arrays, Loops, Input and Output Handling",5,1
NSTP 2: Civic Welfare Training Service,,3,Senior IT Student,"Introduction to Computing, Computer Programming","Error Handling, Loops, Arrays, Input and Output Handling",4,0
"Computer Programming, GE 105: Mathematics in the Modern World",Javascript,3,Instructor,"IT Fundamentals, Computer Programming, Introduction to Computing","HTML, Javascript, Arrays, Error Handling, Loops, CSS",5,1
"Computer Programming, Intro to Human Computer Interaction, NSTP 1: Civic Welfare Training Service","Error Handling, Arrays, UI/UX",4,Senior IT Student,GE 108: Understanding the Self,,4,0
"IT Fundamentals, PE 1: PATH FIT 1 - Movement Enhancement, PE 2: PATH FIT 2 - Fitness Exercises","Javascript, HTML, CSS",3,Senior IT Student,GE EL 108: Philippine Indigenous Communities,,4,0
"Computer Programming, IT Fundamentals, NSTP 2: Civic Welfare Training Service","CSS, Input and Output Handling",4,Senior IT Student,"IT Fundamentals, Introduction to Computing, PE 2: PATH FIT 2 - Fitness Exercises","Input and Output Handling, Error Handling, Javascript",5,1
NSTP 1: Civic Welfare Training Service,,3,Senior IT Student,"IT Fundamentals, Introduction to Computing, PE 1: PATH FIT 1 - Movement Enhancement, PE 2: PATH FIT 2 - Fitness Exercises","Input and Output Handling, Javascript, Loops, Arrays, Error Handling",4,0
"IT Fundamentals, PE 1: PATH FIT 1 - Movement Enhancement",CSS,4,Instructor,"GE 105: Mathematics in the Modern World, GE EL 108: Philippine Indigenous Communities, IT Fundamentals, Intro to Human Computer Interaction, Introduction to Computing","Error Handling, UI/UX, Input and Output Handling",5,0
GE 108: Understanding the Self,,3,Senior IT Student,"GE 105: Mathematics in the Modern World, GE 108: Understanding the Self",,3,0
"Computer Programming, IT Fundamentals, Intro to Human Computer Interaction, PE 1: PATH FIT 1 - Movement Enhancement, PE 2: PATH FIT 2 - Fitness Exercises",HTML,3,Instructor,"GE 104: Readings in Philippine History, GE 108: Understanding the Self, PE 2: PATH FIT 2 - Fitness Exercises",,4,0
Computer Programming,"Arrays, Javascript, Error Handling, Loops",4,Senior IT Student,"Computer Programming, GE 105: Mathematics in the Modern World, Intro to Human Computer Interaction","Error Handling, Loops, UI/UX, Input and Output Handling, Javascript",3,1
"IT Fundamentals, Intro to Human Computer Interaction","UI/UX, Javascript, HTML",3,Senior IT Student,"GE 105: Mathematics in the Modern World, NSTP 2: Civic Welfare Training Service, PE 1: PATH FIT 1 - Movement Enhancement, PE 2: PATH FIT 2 - Fitness Exercises",,4,0
"Computer Programming, IT Fundamentals","HTML, CSS, Arrays",4,Senior IT Student,"GE 104: Readings in Philippine History, GE 105: Mathematics in the Modern World, IT Fundamentals, Introduction to Computing","Arrays, Javascript",4,1
"Computer Programming, IT Fundamentals, Introduction to Computing","Input and Output Handling, Arrays, Loops, HTML, CSS",3,Senior IT Student,GE EL 108: Philippine Indigenous Communities,,4,0
"Computer Programming, IT Fundamentals, Introduction to Computing","Javascript, Arrays",4,Instructor,"IT Fundamentals, NSTP 1: Civic Welfare Training Service","HTML, Javascript",4,1
PE 1: PATH FIT 1 - Movement Enhancement,,4,Instructor,"GE EL 108: Philippine Indigenous Communities, Introduction to Computing","Input and Output Handling, Error Handling",4,0
"Computer Programming, IT Fundamentals, PE 2: PATH FIT 2 - Fitness Exercises","Error Handling, Loops, CSS",3,Instructor,"Computer Programming, GE 104: Readings in Philippine History, GE 108: Understanding the Self","Error Handling, Javascript, Input and Output Handling, Loops",5,1
IT Fundamentals,"CSS, Javascript, HTML",4,Senior IT Student,"GE 108: Understanding the Self, GE EL 108: Philippine Indigenous Communities, Introduction to Computing","Error Handling, Loops, Input and Output Handling, Arrays",4,0
Computer Programming,"Input and Output Handling, Error Handling, Arrays",3,Senior IT Student,"GE 105: Mathematics in the Modern World, GE 104: Readings in Philippine History",,4,0
"IT Fundamentals, Introduction to Computing","Javascript, Error Handling",2,Instructor,"Intro to Human Computer Interaction, Computer Programming, Introduction to Computing","UI/UX, Input and Output Handling, Javascript, Arrays, Loops, Error Handling",5,1
"NSTP 1: Civic Welfare Training Service, PE 2: PATH FIT 2 - Fitness Exercises",,3,Senior IT Student,"GE 105: Mathematics in the Modern World, IT Fundamentals, Introduction to Computing","Arrays, Loops, HTML, Input and Output Handling, Error Handling",4,0
"Computer Programming, GE 108: Understanding the Self, IT Fundamentals, Intro to Human Computer Interaction",Javascript,2,Senior IT Student,"Intro to Human Computer Interaction, PE 2: PATH FIT 2 - Fitness Exercises",UI/UX,3,1
"GE 108: Understanding the Self, GE 105: Mathematics in the Modern World",,3,Senior IT Student,"Intro to Human Computer Interaction, PE 1: PATH FIT 1 - Movement Enhancement, PE 2: PATH FIT 2 - Fitness Exercises",UI/UX,4,0
"GE 105: Mathematics in the Modern World, IT Fundamentals","CSS, Javascript",4,Instructor,"Computer Programming, IT Fundamentals","Arrays, Loops, Javascript, HTML, CSS",4,1
"GE 105: Mathematics in the Modern World, GE EL 108: Philippine Indigenous Communities",,4,Senior IT Student,Intro to Human Computer Interaction,UI/UX,3,0
"Computer Programming, GE 105: Mathematics in the Modern World, Intro to Human Computer Interaction","Error Handling, Javascript, Loops, UI/UX",4,Senior IT Student,"GE 105: Mathematics in the Modern World, GE 108: Understanding the Self, IT Fundamentals","HTML, Javascript",3,0
Computer Programming,"Arrays, Javascript, Loops",3,Senior IT Student,"GE 108: Understanding the Self, NSTP 2: Civic Welfare Training Service, PE 1: PATH FIT 1 - Movement Enhancement, PE 2: PATH FIT 2 - Fitness Exercises",,3,0
GE 104: Readings in Philippine History,,4,Senior IT Student,"IT Fundamentals, Intro to Human Computer Interaction, PE 2: PATH FIT 2 - Fitness Exercises","HTML, CSS",5,0
PE 2: PATH FIT 2 - Fitness Exercises,,5,Senior IT Student,"Introduction to Computing, IT Fundamentals","Input and Output Handling, HTML, Javascript, CSS, Error Handling, Loops",4,0
"Computer Programming, IT Fundamentals, Introduction to Computing","Arrays, CSS",4,Senior IT Student,"Computer Programming, Introduction to Computing, NSTP 2: Civic Welfare Training Service","Javascript, Loops, Input and Output Handling, Error Handling",4,1
"IT Fundamentals, Intro to Human Computer Interaction, NSTP 1: Civic Welfare Training Service","CSS, UI/UX, HTML, Javascript",2,Instructor,"Intro to Human Computer Interaction, Introduction to Computing, NSTP 2: Civic Welfare Training Service","Arrays, Loops, Input and Output Handling, Error Handling, UI/UX",4,1
"GE 104: Readings in Philippine History, IT Fundamentals",Javascript,4,Senior IT Student,Introduction to Computing,"Input and Output Handling, Error Handling, Loops",5,0
"NSTP 1: Civic Welfare Training Service, NSTP 2: Civic Welfare Training Service",,5,Senior IT Student,"Computer Programming, GE 105: Mathematics in the Modern World, Intro to Human Computer Interaction","Error Handling, UI/UX",4,0
"Computer Programming, GE 105: Mathematics in the Modern World, GE EL 108: Philippine Indigenous Communities",Loops,5,Senior IT Student,"Computer Programming, GE 105: Mathematics in the Modern World, IT Fundamentals","Error Handling, Arrays, CSS",3,1
"IT Fundamentals, Intro to Human Computer Interaction, PE 2: PATH FIT 2 - Fitness Exercises","Javascript, HTML",3,Senior IT Student,"IT Fundamentals, Introduction to Computing, NSTP 2: Civic Welfare Training Service","Javascript, Input and Output Handling",3,1
"GE 104: Readings in Philippine History, GE 105: Mathematics in the Modern World, GE EL 108: Philippine Indigenous Communities",,3,Instructor,GE 108: Understanding the Self,,4,0
"GE 104: Readings in Philippine History, GE 108: Understanding the Self",,3,Instructor,"PE 1: PATH FIT 1 - Movement Enhancement, PE 2: PATH FIT 2 - Fitness Exercises",,5,0
"Computer Programming, IT Fundamentals","HTML, Arrays, Javascript, CSS",2,Senior IT Student,NSTP 2: Civic Welfare Training Service,,4,0
"IT Fundamentals, Introduction to Computing, NSTP 1: Civic Welfare Training Service","Error Handling, Input and Output Handling",4,Senior IT Student,"Computer Programming, IT Fundamentals, PE 2: PATH FIT 2 - Fitness Exercises","Arrays, Javascript, Input and Output Handling",3,0
"Computer Programming, IT Fundamentals, PE 1: PATH FIT 1 - Movement Enhancement",Javascript,4,Senior IT Student,"Intro to Human Computer Interaction, NSTP 1: Civic Welfare Training Service",UI/UX,3,0
"Computer Programming, IT Fundamentals, Intro to Human Computer Interaction, NSTP 2: Civic Welfare Training Service","Input and Output Handling, UI/UX, CSS, Error Handling",2,Senior IT Student,"GE 108: Understanding the Self, IT Fundamentals, Intro to Human Computer Interaction","Javascript, HTML, UI/UX",3,1
"Computer Programming, PE 1: PATH FIT 1 - Movement Enhancement, PE 2: PATH FIT 2 - Fitness Exercises","Javascript, Arrays",3,Senior IT Student,PE 2: PATH FIT 2 - Fitness Exercises,,4,0
"Computer Programming, IT Fundamentals, Intro to Human Computer Interaction","Input and Output Handling, Arrays",2,Senior IT Student,"GE 105: Mathematics in the Modern World, GE EL 108: Philippine Indigenous Communities, Intro to Human Computer Interaction",UI/UX,3,1
"Computer Programming, Introduction to Computing, NSTP 2: Civic Welfare Training Service","Loops, Javascript",5,Instructor,"GE 104: Readings in Philippine History, GE 105: Mathematics in the Modern World, Intro to Human Computer Interaction",UI/UX,5,0
"Computer Programming, GE 104: Readings in Philippine History, GE EL 108: Philippine Indigenous Communities, Introduction to Computing","Javascript, Arrays",5,Senior IT Student,"Computer Programming, Intro to Human Computer Interaction","UI/UX, Input and Output Handling, Loops, Javascript",3,0
"Computer Programming, Introduction to Computing, NSTP 2: Civic Welfare Training Service","Loops, Input and Output Handling",2,Senior IT Student,"Computer Programming, GE 104: Readings in Philippine History, GE 105: Mathematics in the Modern World","Loops, Arrays, Javascript",4,1
"Computer Programming, GE 104: Readings in Philippine History, IT Fundamentals","Error Handling, Input and Output Handling, CSS, Arrays, Loops",2,Senior IT Student,Intro to Human Computer Interaction,UI/UX,3,0
"GE 108: Understanding the Self, GE 104: Readings in Philippine History",,4,Senior IT Student,"GE 105: Mathematics in the Modern World, PE 2: PATH FIT 2 - Fitness Exercises",,4,0
Computer Programming,"Arrays, Input and Output Handling, Error Handling",3,Senior IT Student,"GE 108: Understanding the Self, IT Fundamentals, Intro to Human Computer Interaction","Javascript, CSS",3,0
"Computer Programming, GE 108: Understanding the Self, GE EL 108: Philippine Indigenous Communities, Introduction to Computing","Loops, Javascript, Arrays, Error Handling",5,Senior IT Student,"GE 104: Readings in Philippine History, GE 108: Understanding the Self, IT Fundamentals, Introduction to Computing","Loops, CSS, Input and Output Handling, Javascript, HTML",4,1
"GE 108: Understanding the Self, IT Fundamentals","HTML, Javascript, CSS",2,Senior IT Student,"Computer Programming, Intro to Human Computer Interaction, Introduction to Computing","UI/UX, Loops, Javascript, Error Handling",3,0
NSTP 2: Civic Welfare Training Service,,4,Senior IT Student,"Computer Programming, GE 104: Readings in Philippine History, GE 108: Understanding the Self","Input and Output Handling, Loops, Javascript, Arrays, Error Handling",3,0
"Computer Programming, GE 104: Readings in Philippine History, GE EL 108: Philippine Indigenous Communities","Javascript, Loops, Arrays, Input and Output Handling",5,Senior IT Student,"Introduction to Computing, PE 1: PATH FIT 1 - Movement Enhancement","Loops, Arrays, Input and Output Handling, Error Handling",3,0
"GE 108: Understanding the Self, PE 2: PATH FIT 2 - Fitness Exercises",,3,Instructor,"GE EL 108: Philippine Indigenous Communities, Intro to Human Computer Interaction",UI/UX,5,0
"Computer Programming, IT Fundamentals, Introduction to Computing, NSTP 2: Civic Welfare Training Service","Error Handling, Loops, Javascript",4,Senior IT Student,"Computer Programming, Intro to Human Computer Interaction, NSTP 2: Civic Welfare Training Service","Input and Output Handling, Javascript, Loops, UI/UX",3,1
"IT Fundamentals, NSTP 1: Civic Welfare Training Service","Javascript, CSS",4,Senior IT Student,"Computer Programming, NSTP 1: Civic Welfare Training Service","Arrays, Javascript, Error Handling",5,1
"Computer Programming, IT Fundamentals","Error Handling, CSS",3,Instructor,NSTP 1: Civic Welfare Training Service,,4,0
"Computer Programming, Introduction to Computing, NSTP 1: Civic Welfare Training Service",Arrays,2,Senior IT Student,"Computer Programming, GE 108: Understanding the Self","Error Handling, Arrays, Loops",5,1
NSTP 1: Civic Welfare Training Service,,3,Senior IT Student,"IT Fundamentals, Intro to Human Computer Interaction, Introduction to Computing, NSTP 2: Civic Welfare Training Service","Error Handling, Arrays, HTML, CSS, Input and Output Handling",4,0
"Computer Programming, IT Fundamentals, NSTP 1: Civic Welfare Training Service",HTML,3,Senior IT Student,"Computer Programming, Introduction to Computing, NSTP 1: Civic Welfare Training Service","Error Handling, Arrays, Javascript, Loops, Input and Output Handling",4,1
"IT Fundamentals, Introduction to Computing, PE 1: PATH FIT 1 - Movement Enhancement, PE 2: PATH FIT 2 - Fitness Exercises","HTML, Arrays, CSS, Loops",4,Senior IT Student,"Computer Programming, IT Fundamentals, PE 1: PATH FIT 1 - Movement Enhancement","Arrays, Input and Output Handling",3,1
"GE 104: Readings in Philippine History, GE EL 108: Philippine Indigenous Communities, IT Fundamentals, Introduction to Computing","Arrays, CSS, Loops, Input and Output Handling",4,Senior IT Student,"GE 108: Understanding the Self, Intro to Human Computer Interaction",UI/UX,5,0
"Computer Programming, IT Fundamentals, Intro to Human Computer Interaction, PE 2: PATH FIT 2 - Fitness Exercises","Error Handling, Arrays, Input and Output Handling, HTML",2,Senior IT Student,"IT Fundamentals, Intro to Human Computer Interaction","Javascript, CSS, HTML, UI/UX",4,1
"Computer Programming, IT Fundamentals, Introduction to Computing, NSTP 2: Civic Welfare Training Service","Error Handling, Input and Output Handling, HTML",4,Instructor,"Introduction to Computing, NSTP 1: Civic Welfare Training Service","Loops, Error Handling, Input and Output Handling, Arrays",5,1
"Computer Programming, GE 104: Readings in Philippine History, IT Fundamentals","CSS, Input and Output Handling",3,Senior IT Student,"Computer Programming, Introduction to Computing, NSTP 1: Civic Welfare Training Service","Arrays, Error Handling",5,0
"Computer Programming, Introduction to Computing, NSTP 2: Civic Welfare Training Service","Loops, Error Handling",5,Senior IT Student,"Computer Programming, GE 104: Readings in Philippine History, GE EL 108: Philippine Indigenous Communities, IT Fundamentals","Error Handling, Javascript, CSS",5,1
"Computer Programming, Introduction to Computing","Javascript, Arrays",3,Senior IT Student,"Computer Programming, GE 104: Readings in Philippine History, GE EL 108: Philippine Indigenous Communities","Input and Output Handling, Javascript, Error Handling, Arrays, Loops",3,1
"GE 108: Understanding the Self, IT Fundamentals, Introduction to Computing","HTML, Loops, Javascript",3,Senior IT Student,"Computer Programming, IT Fundamentals, PE 1: PATH FIT 1 - Movement Enhancement","Loops, Javascript, HTML, CSS",3,1
"Computer Programming, IT Fundamentals, Introduction to Computing","Loops, Javascript, HTML, Error Handling",5,Senior IT Student,"GE 104: Readings in Philippine History, GE 105: Mathematics in the Modern World",,4,0
"Computer Programming, GE 108: Understanding the Self, Introduction to Computing","Arrays, Loops",3,Instructor,Computer Programming,"Error Handling, Arrays, Loops, Javascript, Input and Output Handling",4,1
IT Fundamentals,"CSS, Javascript",4,Senior IT Student,"Introduction to Computing, PE 1: PATH FIT 1 - Movement Enhancement, PE 2: PATH FIT 2 - Fitness Exercises","Loops, Error Handling",5,0
"IT Fundamentals, Introduction to Computing","Arrays, HTML, CSS",3,Senior IT Student,"Computer Programming, GE 105: Mathematics in the Modern World, GE EL 108: Philippine Indigenous Communities","Javascript, Arrays",5,0
"Computer Programming, Introduction to Computing, PE 1: PATH FIT 1 - Movement Enhancement, PE 2: PATH FIT 2 - Fitness Exercises","Javascript, Error Handling, Input and Output Handling, Loops",5,Senior IT Student,"Computer Programming, Intro to Human Computer Interaction, Introduction to Computing, PE 1: PATH FIT 1 - Movement Enhancement, PE 2: PATH FIT 2 - Fitness Exercises","Javascript, Arrays, Input and Output Handling, UI/UX, Loops",5,1
"Computer Programming, GE EL 108: Philippine Indigenous Communities","Error Handling, Javascript",4,Instructor,"Computer Programming, IT Fundamentals, NSTP 1: Civic Welfare Training Service","CSS, Error Handling, Arrays, HTML, Javascript",4,1
"Computer Programming, Intro to Human Computer Interaction, NSTP 1: Civic Welfare Training Service","Arrays, Input and Output Handling, Error Handling",5,Senior IT Student,"NSTP 2: Civic Welfare Training Service, PE 1: PATH FIT 1 - Movement Enhancement",,5,0
"Computer Programming, IT Fundamentals, Intro to Human Computer Interaction","CSS, HTML, Arrays, Loops",2,Instructor,"Introduction to Computing, PE 1: PATH FIT 1 - Movement Enhancement, PE 2: PATH FIT 2 - Fitness Exercises","Loops, Error Handling, Input and Output Handling",4,0
"IT Fundamentals, Introduction to Computing, PE 2: PATH FIT 2 - Fitness Exercises","HTML, Error Handling",5,Senior IT Student,"Computer Programming, Intro to Human Computer Interaction, PE 2: PATH FIT 2 - Fitness Exercises","Arrays, UI/UX, Loops",5,0
"Computer Programming, Introduction to Computing, NSTP 1: Civic Welfare Training Service","Javascript, Arrays, Input and Output Handling",3,Senior IT Student,GE 105: Mathematics in the Modern World,,3,0
IT Fundamentals,"HTML, Javascript, CSS",3,Instructor,"GE 108: Understanding the Self, IT Fundamentals, Introduction to Computing","Input and Output Handling, Error Handling, Arrays, Loops, HTML",4,1
"Computer Programming, Intro to Human Computer Interaction, PE 1: PATH FIT 1 - Movement Enhancement, PE 2: PATH FIT 2 - Fitness Exercises","Loops, Error Handling",3,Senior IT Student,"PE 1: PATH FIT 1 - Movement Enhancement, PE 2: PATH FIT 2 - Fitness Exercises",,4,1
Computer Programming,"Arrays, Javascript, Input and Output Handling",3,Senior IT Student,"GE 105: Mathematics in the Modern World, NSTP 2: Civic Welfare Training Service, PE 2: PATH FIT 2 - Fitness Exercises",,3,0
"Computer Programming, IT Fundamentals, NSTP 1: Civic Welfare Training Service","Input and Output Handling, Javascript, Arrays, HTML, Loops",3,Senior IT Student,"Introduction to Computing, IT Fundamentals","Error Handling, Javascript, HTML",3,1
"Computer Programming, GE 108: Understanding the Self, IT Fundamentals","CSS, Javascript, HTML, Loops",2,Senior IT Student,"IT Fundamentals, Introduction to Computing, NSTP 2: Civic Welfare Training Service","Error Handling, Arrays, CSS",5,1
"GE 104: Readings in Philippine History, NSTP 2: Civic Welfare Training Service",,5,Senior IT Student,"Computer Programming, Introduction to Computing, PE 1: PATH FIT 1 - Movement Enhancement, PE 2: PATH FIT 2 - Fitness Exercises","Arrays, Input and Output Handling, Javascript",4,0
PE 1: PATH FIT 1 - Movement Enhancement,,3,Senior IT Student,"Computer Programming, IT Fundamentals, PE 1: PATH FIT 1 - Movement Enhancement, PE 2: PATH FIT 2 - Fitness Exercises","Javascript, Loops, Arrays, HTML, CSS",5,0
"IT Fundamentals, NSTP 1: Civic Welfare Training Service","Javascript, CSS",4,Instructor,"Computer Programming, PE 1: PATH FIT 1 - Movement Enhancement","Javascript, Input and Output Handling, Error Handling, Loops, Arrays",5,0
"Computer Programming, IT Fundamentals, Intro to Human Computer Interaction","UI/UX, Arrays",3,Senior IT Student,"Intro to Human Computer Interaction, Introduction to Computing, NSTP 1: Civic Welfare Training Service","Loops, Input and Output Handling, UI/UX, Error Handling, Arrays",4,1
Computer Programming,"Loops, Javascript, Error Handling, Arrays, Input and Output Handling",5,Senior IT Student,GE 105: Mathematics in the Modern World,,3,0
"Computer Programming, GE 105: Mathematics in the Modern World, GE EL 108: Philippine Indigenous Communities, IT Fundamentals",Arrays,5,Senior IT Student,"NSTP 2: Civic Welfare Training Service, PE 1: PATH FIT 1 - Movement Enhancement",,4,0
"GE 104: Readings in Philippine History, GE EL 108: Philippine Indigenous Communities, PE 2: PATH FIT 2 - Fitness Exercises",,3,Senior IT Student,"IT Fundamentals, Computer Programming, Introduction to Computing","CSS, Javascript, Arrays, Error Handling, Input and Output Handling, HTML",4,0
"Computer Programming, IT Fundamentals, Introduction to Computing","Input and Output Handling, CSS, Arrays, Error Handling, HTML",3,Instructor,"Computer Programming, GE 104: Readings in Philippine History, GE EL 108: Philippine Indigenous Communities, IT Fundamentals","Arrays, Loops, Input and Output Handling",4,1
"Computer Programming, Intro to Human Computer Interaction, NSTP 1: Civic Welfare Training Service","Javascript, Input and Output Handling",4,Instructor,"GE 104: Readings in Philippine History, GE EL 108: Philippine Indigenous Communities, IT Fundamentals","CSS, Javascript, HTML",4,0
NSTP 2: Civic Welfare Training Service,,4,Instructor,"GE 108: Understanding the Self, GE 105: Mathematics in the Modern World",,5,0
PE 2: PATH FIT 2 - Fitness Exercises,,2,Senior IT Student,NSTP 2: Civic Welfare Training Service,,5,0
"NSTP 2: Civic Welfare Training Service, PE 1: PATH FIT 1 - Movement Enhancement",,4,Instructor,"Computer Programming, Intro to Human Computer Interaction, PE 1: PATH FIT 1 - Movement Enhancement, PE 2: PATH FIT 2 - Fitness Exercises","Input and Output Handling, Loops, Javascript, Error Handling",5,1
"GE 105: Mathematics in the Modern World, GE EL 108: Philippine Indigenous Communities, IT Fundamentals","CSS, HTML, Javascript",3,Instructor,"Intro to Human Computer Interaction, PE 1: PATH FIT 1 - Movement Enhancement",UI/UX,4,0
"Computer Programming, Introduction to Computing, PE 2: PATH FIT 2 - Fitness Exercises","Arrays, Loops, Javascript, Error Handling",3,Senior IT Student,"Intro to Human Computer Interaction, IT Fundamentals, Computer Programming","Arrays, CSS, Error Handling, Loops, Javascript",4,1
"Computer Programming, IT Fundamentals, PE 1: PATH FIT 1 - Movement Enhancement, PE 2: PATH FIT 2 - Fitness Exercises","HTML, Arrays",3,Senior IT Student,"IT Fundamentals, Intro to Human Computer Interaction, Introduction to Computing, PE 1: PATH FIT 1 - Movement Enhancement","Javascript, CSS, HTML",3,1
PE 2: PATH FIT 2 - Fitness Exercises,,2,Senior IT Student,Introduction to Computing,"Loops, Arrays, Error Handling, Input and Output Handling",3,0
"Computer Programming, GE EL 108: Philippine Indigenous Communities, IT Fundamentals","Error Handling, Input and Output Handling, HTML, Javascript",4,Senior IT Student,"IT Fundamentals, Introduction to Computing, PE 1: PATH FIT 1 - Movement Enhancement, PE 2: PATH FIT 2 - Fitness Exercises","Arrays, Input and Output Handling, Loops, CSS, Javascript",3,0
Computer Programming,"Arrays, Error Handling, Input and Output Handling",3,Instructor,"Introduction to Computing, IT Fundamentals, Computer Programming","Input and Output Handling, Loops, CSS",4,1
"Computer Programming, PE 1: PATH FIT 1 - Movement Enhancement, PE 2: PATH FIT 2 - Fitness Exercises","Loops, Javascript, Arrays",3,Senior IT Student,Introduction to Computing,"Input and Output Handling, Loops, Arrays, Error Handling",4,1
"Computer Programming, IT Fundamentals, Introduction to Computing, NSTP 2: Civic Welfare Training Service","Javascript, HTML, Arrays, Loops",4,Instructor,"Computer Programming, Intro to Human Computer Interaction, NSTP 1: Civic Welfare Training Service","Arrays, Input and Output Handling, Loops",5,1
"Computer Programming, GE 108: Understanding the Self, IT Fundamentals, Introduction to Computing","CSS, Input and Output Handling",4,Instructor,"GE EL 108: Philippine Indigenous Communities, Introduction to Computing","Error Handling, Input and Output Handling, Loops, Arrays",5,1
"IT Fundamentals, Intro to Human Computer Interaction, PE 1: PATH FIT 1 - Movement Enhancement",Javascript,3,Senior IT Student,"GE 104: Readings in Philippine History, IT Fundamentals","HTML, Javascript, CSS",5,1
"Computer Programming, GE 108: Understanding the Self, IT Fundamentals, Introduction to Computing","Error Handling, Arrays, Loops, CSS",2,Senior IT Student,"Computer Programming, GE 108: Understanding the Self, IT Fundamentals","Loops, Arrays, Error Handling",4,1
"Computer Programming, GE 104: Readings in Philippine History, Intro to Human Computer Interaction",Arrays,4,Senior IT Student,"Computer Programming, GE 108: Understanding the Self, Intro to Human Computer Interaction","Javascript, Loops, Error Handling, UI/UX",4,1
"GE 108: Understanding the Self, GE 105: Mathematics in the Modern World",,3,Senior IT Student,"GE 104: Readings in Philippine History, GE 105: Mathematics in the Modern World",,5,1
"Computer Programming, IT Fundamentals, Introduction to Computing, NSTP 2: Civic Welfare Training Service","CSS, Arrays, HTML, Loops",5,Senior IT Student,"Intro to Human Computer Interaction, PE 1: PATH FIT 1 - Movement Enhancement",UI/UX,3,0
"IT Fundamentals, Introduction to Computing","Javascript, HTML",5,Senior IT Student,"Computer Programming, GE 105: Mathematics in the Modern World, Introduction to Computing","Javascript, Error Handling, Loops",3,0
"GE 105: Mathematics in the Modern World, IT Fundamentals",HTML,3,Senior IT Student,"GE 108: Understanding the Self, IT Fundamentals","Javascript, CSS",3,0
NSTP 2: Civic Welfare Training Service,,5,Senior IT Student,"Computer Programming, Introduction to Computing","Input and Output Handling, Javascript, Loops, Error Handling, Arrays",3,0
"Computer Programming, GE 108: Understanding the Self, Intro to Human Computer Interaction",Javascript,2,Senior IT Student,"PE 1: PATH FIT 1 - Movement Enhancement, PE 2: PATH FIT 2 - Fitness Exercises",,4,0
GE 108: Understanding the Self,,5,Senior IT Student,"Computer Programming, PE 2: PATH FIT 2 - Fitness Exercises","Error Handling, Arrays",3,0
"Computer Programming, IT Fundamentals","CSS, Input and Output Handling",3,Instructor,"Computer Programming, IT Fundamentals, PE 1: PATH FIT 1 - Movement Enhancement","Arrays, CSS, Javascript",5,1
IT Fundamentals,"HTML, Javascript",3,Senior IT Student,"Intro to Human Computer Interaction, PE 1: PATH FIT 1 - Movement Enhancement, PE 2: PATH FIT 2 - Fitness Exercises",UI/UX,3,0
"Computer Programming, NSTP 1: Civic Welfare Training Service","Error Handling, Javascript, Loops",2,Senior IT Student,"Computer Programming, IT Fundamentals, Intro to Human Computer Interaction, NSTP 1: Civic Welfare Training Service","Arrays, UI/UX, HTML, Input and Output Handling, Loops",5,1
"GE 108: Understanding the Self, IT Fundamentals, Introduction to Computing","Loops, Error Handling, Input and Output Handling",2,Senior IT Student,"IT Fundamentals, Intro to Human Computer Interaction, NSTP 1: Civic Welfare Training Service","HTML, UI/UX, CSS, Javascript",3,1
"IT Fundamentals, NSTP 2: Civic Welfare Training Service","Javascript, CSS, HTML",3,Instructor,"Computer Programming, Introduction to Computing, NSTP 1: Civic Welfare Training Service","Arrays, Javascript, Input and Output Handling, Loops, Error Handling",5,0
"Computer Programming, IT Fundamentals, Intro to Human Computer Interaction, PE 1: PATH FIT 1 - Movement Enhancement",CSS,2,Senior IT Student,"GE 104: Readings in Philippine History, IT Fundamentals","Javascript, CSS, HTML",3,1
Computer Programming,"Javascript, Arrays, Error Handling, Loops",3,Senior IT Student,Intro to Human Computer Interaction,UI/UX,5,0
"Computer Programming, GE EL 108: Philippine Indigenous Communities, IT Fundamentals",Error Handling,4,Senior IT Student,Introduction to Computing,"Input and Output Handling, Error Handling, Loops",3,0
"Computer Programming, IT Fundamentals, NSTP 2: Civic Welfare Training Service","Error Handling, HTML",4,Instructor,"Computer Programming, GE 104: Readings in Philippine History, GE EL 108: Philippine Indigenous Communities, Introduction to Computing","Input and Output Handling, Arrays",5,0
"GE EL 108: Philippine Indigenous Communities, IT Fundamentals","CSS, HTML, Javascript",4,Instructor,"Intro to Human Computer Interaction, Introduction to Computing, NSTP 2: Civic Welfare Training Service","Input and Output Handling, Arrays, Loops, Error Handling, UI/UX",4,0
"Computer Programming, GE 104: Readings in Philippine History, GE EL 108: Philippine Indigenous Communities, Intro to Human Computer Interaction","Input and Output Handling, Javascript, Loops, Arrays, UI/UX",3,Senior IT Student,"Computer Programming, PE 2: PATH FIT 2 - Fitness Exercises","Error Handling, Loops, Input and Output Handling, Javascript, Arrays",4,1
"Computer Programming, GE EL 108: Philippine Indigenous Communities","Loops, Error Handling",2,Senior IT Student,"Computer Programming, GE 105: Mathematics in the Modern World, GE EL 108: Philippine Indigenous Communities, Introduction to Computing","Arrays, Error Handling, Loops, Javascript, Input and Output Handling",4,1
"IT Fundamentals, Introduction to Computing","Error Handling, CSS",5,Senior IT Student,"Intro to Human Computer Interaction, Introduction to Computing, Computer Programming","Javascript, UI/UX, Arrays, Loops, Input and Output Handling, Error Handling",5,1
"Computer Programming, NSTP 2: Civic Welfare Training Service",Error Handling,3,Instructor,Introduction to Computing,"Error Handling, Input and Output Handling, Loops",5,0
"Computer Programming, IT Fundamentals, NSTP 2: Civic Welfare Training Service","HTML, Arrays, Input and Output Handling",3,Instructor,"Computer Programming, GE 104: Readings in Philippine History","Error Handling, Input and Output Handling",4,1
Computer Programming,"Loops, Error Handling",3,Senior IT Student,"Introduction to Computing, Computer Programming, Intro to Human Computer Interaction","Error Handling, UI/UX, Arrays",3,1
"GE 104: Readings in Philippine History, GE 105: Mathematics in the Modern World, IT Fundamentals, Intro to Human Computer Interaction","UI/UX, CSS, Javascript",4,Instructor,GE EL 108: Philippine Indigenous Communities,,5,0
"Computer Programming, IT Fundamentals","CSS, Javascript, HTML",2,Senior IT Student,"IT Fundamentals, Introduction to Computing","Error Handling, Input and Output Handling, CSS, Arrays",4,1
"GE EL 108: Philippine Indigenous Communities, GE 108: Understanding the Self",,2,Senior IT Student,"GE EL 108: Philippine Indigenous Communities, Introduction to Computing","Error Handling, Loops",4,1
IT Fundamentals,"HTML, Javascript",3,Senior IT Student,"IT Fundamentals, Intro to Human Computer Interaction, PE 1: PATH FIT 1 - Movement Enhancement, PE 2: PATH FIT 2 - Fitness Exercises","HTML, UI/UX, CSS, Javascript",4,1
"Computer Programming, GE EL 108: Philippine Indigenous Communities, Intro to Human Computer Interaction","Loops, Error Handling, Input and Output Handling, Arrays",5,Senior IT Student,"GE 104: Readings in Philippine History, GE EL 108: Philippine Indigenous Communities, Introduction to Computing","Input and Output Handling, Arrays, Loops",4,1
"Computer Programming, IT Fundamentals, NSTP 2: Civic Welfare Training Service","Input and Output Handling, Loops",2,Senior IT Student,"IT Fundamentals, PE 1: PATH FIT 1 - Movement Enhancement, PE 2: PATH FIT 2 - Fitness Exercises","Javascript, CSS",4,0
"Computer Programming, IT Fundamentals","Arrays, Loops",3,Instructor,"GE 108: Understanding the Self, GE 104: Readings in Philippine History",,5,0
"Computer Programming, IT Fundamentals, PE 1: PATH FIT 1 - Movement Enhancement, PE 2: PATH FIT 2 - Fitness Exercises","Input and Output Handling, HTML, Arrays, Javascript, Error Handling",4,Instructor,"GE 108: Understanding the Self, IT Fundamentals","Javascript, HTML, CSS",4,1
"GE 108: Understanding the Self, IT Fundamentals","CSS, Javascript, HTML",4,Instructor,"IT Fundamentals, Computer Programming","Input and Output Handling, Javascript, Error Handling, Loops, CSS",4,1
NSTP 1: Civic Welfare Training Service,,4,Instructor,"Computer Programming, Intro to Human Computer Interaction, Introduction to Computing","Loops, Javascript, Error Handling",5,0
"IT Fundamentals, PE 2: PATH FIT 2 - Fitness Exercises","CSS, HTML",4,Instructor,"NSTP 2: Civic Welfare Training Service, PE 1: PATH FIT 1 - Movement Enhancement",,5,0
"GE 104: Readings in Philippine History, GE 105: Mathematics in the Modern World",,2,Instructor,"Introduction to Computing, Computer Programming, IT Fundamentals","Loops, CSS, Arrays, Javascript",4,0
"Computer Programming, IT Fundamentals","Arrays, Javascript",5,Instructor,"Computer Programming, GE EL 108: Philippine Indigenous Communities, Intro to Human Computer Interaction","Input and Output Handling, Error Handling, Arrays",5,1
"IT Fundamentals, NSTP 1: Civic Welfare Training Service","CSS, Javascript",4,Senior IT Student,"GE 108: Understanding the Self, IT Fundamentals, Intro to Human Computer Interaction","CSS, Javascript",3,0
"Computer Programming, IT Fundamentals, PE 1: PATH FIT 1 - Movement Enhancement, PE 2: PATH FIT 2 - Fitness Exercises","Arrays, HTML, CSS",4,Instructor,"GE 104: Readings in Philippine History, GE EL 108: Philippine Indigenous Communities, Intro to Human Computer Interaction, Introduction to Computing","UI/UX, Arrays, Input and Output Handling",4,0
"Computer Programming, IT Fundamentals","Input and Output Handling, Javascript",3,Senior IT Student,"Introduction to Computing, Intro to Human Computer Interaction","UI/UX, Error Handling, Arrays, Loops, Input and Output Handling",3,0
"Computer Programming, GE 104: Readings in Philippine History, GE 105: Mathematics in the Modern World, IT Fundamentals","CSS, Arrays, Javascript, Error Handling, Loops",2,Senior IT Student,"Computer Programming, GE 105: Mathematics in the Modern World, GE EL 108: Philippine Indigenous Communities","Error Handling, Arrays, Loops",3,1
"PE 1: PATH FIT 1 - Movement Enhancement, PE 2: PATH FIT 2 - Fitness Exercises",,3,Senior IT Student,Intro to Human Computer Interaction,UI/UX,3,0
"Computer Programming, Introduction to Computing","Loops, Error Handling, Javascript, Arrays, Input and Output Handling",3,Senior IT Student,"GE 104: Readings in Philippine History, GE EL 108: Philippine Indigenous Communities, Intro to Human Computer Interaction",UI/UX,5,0
"IT Fundamentals, Intro to Human Computer Interaction","HTML, Javascript",3,Instructor,NSTP 1: Civic Welfare Training Service,,4,0
"Computer Programming, IT Fundamentals","Input and Output Handling, Error Handling, Loops",4,Senior IT Student,"GE 105: Mathematics in the Modern World, GE 108: Understanding the Self, GE EL 108: Philippine Indigenous Communities",,4,0
"Computer Programming, GE 105: Mathematics in the Modern World, GE 108: Understanding the Self, Intro to Human Computer Interaction","Javascript, Input and Output Handling",2,Instructor,"Computer Programming, GE 108: Understanding the Self, GE EL 108: Philippine Indigenous Communities","Input and Output Handling, Loops",5,1
"Computer Programming, IT Fundamentals, Intro to Human Computer Interaction, NSTP 1: Civic Welfare Training Service","Javascript, HTML, CSS, Arrays",4,Senior IT Student,"Computer Programming, IT Fundamentals, PE 2: PATH FIT 2 - Fitness Exercises","Javascript, CSS, HTML, Loops, Error Handling",4,1
IT Fundamentals,"CSS, HTML",3,Senior IT Student,"Computer Programming, GE 104: Readings in Philippine History","Javascript, Error Handling, Arrays, Input and Output Handling",3,0
"Computer Programming, IT Fundamentals, Introduction to Computing","Error Handling, Input and Output Handling",4,Instructor,"Introduction to Computing, IT Fundamentals","Input and Output Handling, HTML, CSS, Loops, Javascript",5,1
"Computer Programming, GE 104: Readings in Philippine History, GE 108: Understanding the Self, IT Fundamentals","Input and Output Handling, HTML, Arrays, Error Handling, Loops",4,Senior IT Student,"Computer Programming, GE 108: Understanding the Self, Intro to Human Computer Interaction","Javascript, Input and Output Handling",4,1
IT Fundamentals,"HTML, Javascript",2,Senior IT Student,"Computer Programming, IT Fundamentals","Loops, Input and Output Handling, HTML",4,1
NSTP 1: Civic Welfare Training Service,,4,Senior IT Student,"Computer Programming, GE 104: Readings in Philippine History, IT Fundamentals","Error Handling, Input and Output Handling, Javascript, HTML",3,0
"Computer Programming, Introduction to Computing, PE 1: PATH FIT 1 - Movement Enhancement, PE 2: PATH FIT 2 - Fitness Exercises","Arrays, Error Handling, Loops",2,Senior IT Student,"Computer Programming, Introduction to Computing, NSTP 2: Civic Welfare Training Service","Arrays, Loops, Input and Output Handling, Javascript",3,1
"Computer Programming, NSTP 1: Civic Welfare Training Service","Input and Output Handling, Loops, Arrays, Javascript",4,Senior IT Student,"PE 1: PATH FIT 1 - Movement Enhancement, PE 2: PATH FIT 2 - Fitness Exercises",,5,0
"GE 108: Understanding the Self, GE EL 108: Philippine Indigenous Communities, IT Fundamentals","Javascript, CSS",3,Senior IT Student,"GE 105: Mathematics in the Modern World, GE EL 108: Philippine Indigenous Communities",,3,1
IT Fundamentals,"Javascript, CSS",5,Senior IT Student,"Introduction to Computing, Intro to Human Computer Interaction, IT Fundamentals","Error Handling, HTML, Loops, UI/UX",4,0
"IT Fundamentals, Intro to Human Computer Interaction, NSTP 1: Civic Welfare Training Service","Javascript, HTML, UI/UX",3,Instructor,"GE 104: Readings in Philippine History, GE EL 108: Philippine Indigenous Communities, Intro to Human Computer Interaction",UI/UX,4,1
"Computer Programming, IT Fundamentals","Loops, CSS, Input and Output Handling",3,Senior IT Student,"Computer Programming, NSTP 1: Civic Welfare Training Service","Loops, Arrays, Input and Output Handling, Javascript",5,1
PE 1: PATH FIT 1 - Movement Enhancement,,4,Senior IT Student,IT Fundamentals,"CSS, Javascript, HTML",4,0
"Computer Programming, GE 105: Mathematics in the Modern World, IT Fundamentals, Intro to Human Computer Interaction","Arrays, HTML",3,Senior IT Student,Computer Programming,"Arrays, Loops, Javascript, Error Handling",3,1
"Computer Programming, Intro to Human Computer Interaction","Arrays, Javascript, Loops",2,Instructor,Intro to Human Computer Interaction,UI/UX,5,0
"GE EL 108: Philippine Indigenous Communities, GE 105: Mathematics in the Modern World",,5,Senior IT Student,"Computer Programming, Intro to Human Computer Interaction, NSTP 2: Civic Welfare Training Service","UI/UX, Arrays",4,0
"Computer Programming, IT Fundamentals, PE 1: PATH FIT 1 - Movement Enhancement, PE 2: PATH FIT 2 - Fitness Exercises","Input and Output Handling, Arrays, HTML, Loops",3,Senior IT Student,"Computer Programming, GE EL 108: Philippine Indigenous Communities","Loops, Javascript, Input and Output Handling",3,1
"GE 104: Readings in Philippine History, GE EL 108: Philippine Indigenous Communities, NSTP 1: Civic Welfare Training Service",,4,Senior IT Student,"Introduction to Computing, NSTP 1: Civic Welfare Training Service","Loops, Arrays",4,1
"Computer Programming, Intro to Human Computer Interaction, NSTP 1: Civic Welfare Training Service","Input and Output Handling, Loops",2,Instructor,"GE 105: Mathematics in the Modern World, Intro to Human Computer Interaction",UI/UX,4,0
"Computer Programming, GE 104: Readings in Philippine History, GE EL 108: Philippine Indigenous Communities",Javascript,4,Instructor,"Computer Programming, IT Fundamentals, Intro to Human Computer Interaction","CSS, HTML, UI/UX",4,0
"Computer Programming, Introduction to Computing, PE 1: PATH FIT 1 - Movement Enhancement, PE 2: PATH FIT 2 - Fitness Exercises","Javascript, Error Handling",4,Senior IT Student,PE 1: PATH FIT 1 - Movement Enhancement,,3,0
IT Fundamentals,"CSS, HTML, Javascript",3,Instructor,"GE EL 108: Philippine Indigenous Communities, Intro to Human Computer Interaction",UI/UX,5,0
"Computer Programming, IT Fundamentals","HTML, Loops, Javascript",4,Senior IT Student,"Computer Programming, Intro to Human Computer Interaction, Introduction to Computing, PE 1: PATH FIT 1 - Movement Enhancement, PE 2: PATH FIT 2 - Fitness Exercises","Arrays, Input and Output Handling, Loops",4,1
Computer Programming,"Input and Output Handling, Loops, Arrays, Javascript",4,Instructor,"GE EL 108: Philippine Indigenous Communities, Intro to Human Computer Interaction",UI/UX,5,0
"Computer Programming, PE 1: PATH FIT 1 - Movement Enhancement, PE 2: PATH FIT 2 - Fitness Exercises","Arrays, Input and Output Handling, Error Handling",3,Senior IT Student,Computer Programming,"Arrays, Javascript, Input and Output Handling",4,1
"IT Fundamentals, Intro to Human Computer Interaction","Javascript, CSS, UI/UX",4,Instructor,"IT Fundamentals, Intro to Human Computer Interaction, Introduction to Computing","UI/UX, Error Handling, Javascript, Arrays, Input and Output Handling",5,1
"IT Fundamentals, Introduction to Computing, PE 1: PATH FIT 1 - Movement Enhancement","Javascript, Error Handling",3,Senior IT Student,"GE 105: Mathematics in the Modern World, GE EL 108: Philippine Indigenous Communities, PE 1: PATH FIT 1 - Movement Enhancement",,4,1
"IT Fundamentals, Intro to Human Computer Interaction","HTML, CSS",3,Senior IT Student,"NSTP 1: Civic Welfare Training Service, NSTP 2: Civic Welfare Training Service",,3,0
"Computer Programming, PE 1: PATH FIT 1 - Movement Enhancement, PE 2: PATH FIT 2 - Fitness Exercises","Arrays, Error Handling",4,Senior IT Student,"Introduction to Computing, Computer Programming","Arrays, Javascript, Input and Output Handling, Error Handling, Loops",5,1
"Computer Programming, GE 108: Understanding the Self, GE EL 108: Philippine Indigenous Communities, Intro to Human Computer Interaction","Input and Output Handling, UI/UX",5,Senior IT Student,"IT Fundamentals, Introduction to Computing, PE 1: PATH FIT 1 - Movement Enhancement, PE 2: PATH FIT 2 - Fitness Exercises","CSS, Input and Output Handling, Error Handling, HTML, Javascript",5,0
"Computer Programming, GE 105: Mathematics in the Modern World, GE 108: Understanding the Self, IT Fundamentals","Error Handling, Arrays, HTML",3,Senior IT Student,"IT Fundamentals, PE 1: PATH FIT 1 - Movement Enhancement, PE 2: PATH FIT 2 - Fitness Exercises","CSS, HTML, Javascript",3,1
"Computer Programming, Introduction to Computing","Arrays, Error Handling, Javascript",4,Instructor,"Computer Programming, Intro to Human Computer Interaction, Introduction to Computing","Error Handling, Loops, Arrays",4,1
"Computer Programming, IT Fundamentals","Javascript, HTML",3,Senior IT Student,"GE 105: Mathematics in the Modern World, GE EL 108: Philippine Indigenous Communities, Intro to Human Computer Interaction, Introduction to Computing","Arrays, Error Handling, UI/UX",3,0
"Computer Programming, IT Fundamentals, NSTP 1: Civic Welfare Training Service","Input and Output Handling, Error Handling, Loops",3,Senior IT Student,"Computer Programming, IT Fundamentals","Error Handling, CSS, Arrays",3,1
"Computer Programming, IT Fundamentals, NSTP 1: Civic Welfare Training Service","Arrays, CSS, HTML, Error Handling, Javascript",3,Senior IT Student,"Introduction to Computing, IT Fundamentals, Computer Programming","CSS, Javascript, Error Handling, Input and Output Handling, HTML, Loops",4,1
"Computer Programming, IT Fundamentals","Loops, CSS, Javascript",2,Instructor,"Computer Programming, GE 104: Readings in Philippine History, IT Fundamentals","HTML, Input and Output Handling, Error Handling",4,1
"Computer Programming, GE 104: Readings in Philippine History, GE 108: Understanding the Self, IT Fundamentals",Javascript,2,Senior IT Student,"IT Fundamentals, Computer Programming","Arrays, Input and Output Handling, Javascript",3,1
"Computer Programming, GE 104: Readings in Philippine History, GE 105: Mathematics in the Modern World, IT Fundamentals, Introduction to Computing",Javascript,3,Senior IT Student,"GE 105: Mathematics in the Modern World, GE 108: Understanding the Self, IT Fundamentals, Introduction to Computing","Javascript, Error Handling, Loops, HTML",3,1
"GE 108: Understanding the Self, GE EL 108: Philippine Indigenous Communities, IT Fundamentals, Intro to Human Computer Interaction",UI/UX,4,Senior IT Student,"Intro to Human Computer Interaction, Introduction to Computing, PE 2: PATH FIT 2 - Fitness Exercises","Arrays, UI/UX",4,1
"Computer Programming, GE 104: Readings in Philippine History, IT Fundamentals, Introduction to Computing","CSS, HTML",4,Senior IT Student,"GE 104: Readings in Philippine History, GE 108: Understanding the Self, Intro to Human Computer Interaction, Introduction to Computing","Input and Output Handling, Error Handling, Arrays",3,0
"Computer Programming, GE 105: Mathematics in the Modern World, GE EL 108: Philippine Indigenous Communities, IT Fundamentals","Input and Output Handling, Loops, HTML, CSS",3,Senior IT Student,"GE 104: Readings in Philippine History, GE EL 108: Philippine Indigenous Communities, PE 1: PATH FIT 1 - Movement Enhancement, PE 2: PATH FIT 2 - Fitness Exercises",,3,0
NSTP 1: Civic Welfare Training Service,,4,Senior IT Student,"Intro to Human Computer Interaction, Introduction to Computing, NSTP 1: Civic Welfare Training Service","Input and Output Handling, Error Handling, Arrays",4,0
"IT Fundamentals, NSTP 1: Civic Welfare Training Service","HTML, CSS",3,Instructor,"Computer Programming, GE 104: Readings in Philippine History, GE 105: Mathematics in the Modern World, IT Fundamentals","Arrays, Javascript, Error Handling, Input and Output Handling",5,1
"GE 108: Understanding the Self, IT Fundamentals, Intro to Human Computer Interaction","UI/UX, Javascript, HTML",3,Senior IT Student,"Introduction to Computing, Intro to Human Computer Interaction, IT Fundamentals","UI/UX, Loops, Arrays, Input and Output Handling, Javascript, Error Handling",5,1
"GE 104: Readings in Philippine History, GE 105: Mathematics in the Modern World, IT Fundamentals","CSS, Javascript",5,Instructor,IT Fundamentals,"Javascript, HTML, CSS",5,1
"Computer Programming, IT Fundamentals","Loops, CSS, Arrays",4,Senior IT Student,"Intro to Human Computer Interaction, IT Fundamentals, Computer Programming","HTML, Error Handling, Input and Output Handling, UI/UX, Arrays",5,1
"GE 104: Readings in Philippine History, GE 108: Understanding the Self, PE 2: PATH FIT 2 - Fitness Exercises",,3,Senior IT Student,Computer Programming,"Input and Output Handling, Javascript, Error Handling",4,0
Computer Programming,"Input and Output Handling, Arrays, Error Handling",2,Instructor,"Intro to Human Computer Interaction, Introduction to Computing","Input and Output Handling, Arrays, Error Handling, Loops, UI/UX",4,1
Computer Programming,"Input and Output Handling, Javascript, Arrays, Loops",5,Senior IT Student,Computer Programming,"Javascript, Input and Output Handling, Arrays, Error Handling, Loops",3,1
"Computer Programming, Intro to Human Computer Interaction","Error Handling, Loops, Arrays, UI/UX",3,Senior IT Student,"Intro to Human Computer Interaction, IT Fundamentals, Introduction to Computing","UI/UX, Arrays, Loops",4,1
"Computer Programming, IT Fundamentals, Introduction to Computing, NSTP 2: Civic Welfare Training Service","Arrays, Error Handling, Input and Output Handling",3,Senior IT Student,"Computer Programming, GE 105: Mathematics in the Modern World, GE 108: Understanding the Self, Intro to Human Computer Interaction","Javascript, UI/UX, Input and Output Handling",4,1
"NSTP 1: Civic Welfare Training Service, PE 1: PATH FIT 1 - Movement Enhancement",,2,Senior IT Student,PE 1: PATH FIT 1 - Movement Enhancement,,3,0
"GE 108: Understanding the Self, GE EL 108: Philippine Indigenous Communities",,5,Instructor,"Computer Programming, Introduction to Computing, PE 2: PATH FIT 2 - Fitness Exercises","Input and Output Handling, Loops, Javascript, Arrays",4,0
Computer Programming,"Error Handling, Loops, Arrays, Input and Output Handling",3,Instructor,"Computer Programming, GE 108: Understanding the Self","Error Handling, Loops, Arrays",4,1
"Computer Programming, GE 104: Readings in Philippine History, GE 108: Understanding the Self, IT Fundamentals","Input and Output Handling, CSS, Error Handling, Arrays",4,Senior IT Student,"GE 104: Readings in Philippine History, GE EL 108: Philippine Indigenous Communities, IT Fundamentals","HTML, CSS, Javascript",4,1
"Computer Programming, NSTP 2: Civic Welfare Training Service","Javascript, Input and Output Handling, Error Handling, Loops",4,Senior IT Student,"GE 105: Mathematics in the Modern World, Intro to Human Computer Interaction",UI/UX,3,0
"GE 108: Understanding the Self, GE 105: Mathematics in the Modern World",,5,Instructor,"Computer Programming, NSTP 2: Civic Welfare Training Service","Arrays, Loops, Input and Output Handling, Javascript",5,0
"Computer Programming, IT Fundamentals, NSTP 2: Civic Welfare Training Service",Loops,3,Senior IT Student,"GE 104: Readings in Philippine History, GE 108: Understanding the Self",,3,0
"Computer Programming, IT Fundamentals, Intro to Human Computer Interaction","CSS, UI/UX, Loops, HTML",5,Senior IT Student,"Introduction to Computing, PE 1: PATH FIT 1 - Movement Enhancement, PE 2: PATH FIT 2 - Fitness Exercises","Input and Output Handling, Error Handling",5,0
"GE 105: Mathematics in the Modern World, GE EL 108: Philippine Indigenous Communities, IT Fundamentals, Introduction to Computing","HTML, Loops, Javascript",3,Senior IT Student,"GE 104: Readings in Philippine History, Intro to Human Computer Interaction, Introduction to Computing","Input and Output Handling, Arrays, Error Handling, UI/UX",4,1
"Computer Programming, GE 105: Mathematics in the Modern World, GE EL 108: Philippine Indigenous Communities, IT Fundamentals","Loops, Javascript",3,Senior IT Student,NSTP 1: Civic Welfare Training Service,,3,0
"Computer Programming, GE 104: Readings in Philippine History, GE 105: Mathematics in the Modern World, IT Fundamentals","Error Handling, HTML",5,Senior IT Student,"IT Fundamentals, NSTP 1: Civic Welfare Training Service","CSS, HTML, Javascript",4,0
NSTP 1: Civic Welfare Training Service,,4,Instructor,"Computer Programming, PE 1: PATH FIT 1 - Movement Enhancement","Arrays, Loops, Javascript",5,0
Computer Programming,"Javascript, Error Handling, Loops, Input and Output Handling, Arrays",2,Senior IT Student,"IT Fundamentals, Intro to Human Computer Interaction, NSTP 2: Civic Welfare Training Service","CSS, Javascript, HTML",3,0
"GE EL 108: Philippine Indigenous Communities, PE 1: PATH FIT 1 - Movement Enhancement, PE 2: PATH FIT 2 - Fitness Exercises",,4,Instructor,"Intro to Human Computer Interaction, NSTP 2: Civic Welfare Training Service",UI/UX,4,0
"Computer Programming, Intro to Human Computer Interaction","Input and Output Handling, Loops",4,Senior IT Student,IT Fundamentals,"HTML, CSS, Javascript",3,0
"Computer Programming, IT Fundamentals","Arrays, HTML, Javascript",2,Instructor,GE 104: Readings in Philippine History,,4,0
"Computer Programming, GE 108: Understanding the Self","Arrays, Input and Output Handling, Javascript",3,Senior IT Student,Computer Programming,"Loops, Error Handling, Input and Output Handling, Arrays, Javascript",3,1
IT Fundamentals,"HTML, Javascript",4,Senior IT Student,"Introduction to Computing, PE 1: PATH FIT 1 - Movement Enhancement, PE 2: PATH FIT 2 - Fitness Exercises","Arrays, Input and Output Handling, Loops, Error Handling",4,0
"IT Fundamentals, Introduction to Computing","CSS, Error Handling, Loops",3,Senior IT Student,NSTP 2: Civic Welfare Training Service,,4,0
"Computer Programming, IT Fundamentals, PE 2: PATH FIT 2 - Fitness Exercises","Error Handling, CSS, Arrays, Javascript",4,Instructor,"Computer Programming, NSTP 2: Civic Welfare Training Service","Arrays, Loops, Error Handling",5,1
PE 2: PATH FIT 2 - Fitness Exercises,,4,Senior IT Student,"GE 104: Readings in Philippine History, GE EL 108: Philippine Indigenous Communities, IT Fundamentals","Javascript, HTML",4,0
"Computer Programming, GE 104: Readings in Philippine History, IT Fundamentals","Error Handling, Loops, Input and Output Handling",4,Senior IT Student,IT Fundamentals,"Javascript, CSS, HTML",4,1
"Computer Programming, GE 104: Readings in Philippine History, GE 108: Understanding the Self, IT Fundamentals, Intro to Human Computer Interaction","UI/UX, Arrays, Javascript, CSS",4,Senior IT Student,"GE 104: Readings in Philippine History, GE 105: Mathematics in the Modern World, IT Fundamentals, Intro to Human Computer Interaction","CSS, Javascript",5,1
NSTP 2: Civic Welfare Training Service,,5,Senior IT Student,"Computer Programming, Introduction to Computing, IT Fundamentals","Input and Output Handling, CSS, HTML",3,0
"GE 104: Readings in Philippine History, NSTP 1: Civic Welfare Training Service",,4,Senior IT Student,NSTP 1: Civic Welfare Training Service,,3,0
"Computer Programming, IT Fundamentals, Introduction to Computing, PE 2: PATH FIT 2 - Fitness Exercises","Input and Output Handling, HTML, Javascript, Loops",4,Senior IT Student,"GE 108: Understanding the Self, IT Fundamentals","CSS, Javascript",3,0
"NSTP 2: Civic Welfare Training Service, PE 2: PATH FIT 2 - Fitness Exercises",,3,Senior IT Student,NSTP 2: Civic Welfare Training Service,,5,0
"Computer Programming, GE 105: Mathematics in the Modern World, IT Fundamentals, Introduction to Computing","HTML, Arrays, CSS",3,Senior IT Student,"Introduction to Computing, IT Fundamentals","Error Handling, Javascript, Input and Output Handling",4,1
"IT Fundamentals, Intro to Human Computer Interaction, PE 1: PATH FIT 1 - Movement Enhancement, PE 2: PATH FIT 2 - Fitness Exercises",Javascript,3,Senior IT Student,"Intro to Human Computer Interaction, Introduction to Computing, PE 1: PATH FIT 1 - Movement Enhancement","UI/UX, Error Handling, Arrays",3,1
"Computer Programming, IT Fundamentals, Intro to Human Computer Interaction, NSTP 2: Civic Welfare Training Service","HTML, Input and Output Handling, Javascript",3,Senior IT Student,"Introduction to Computing, NSTP 1: Civic Welfare Training Service","Arrays, Error Handling, Loops",4,0
GE 108: Understanding the Self,,4,Senior IT Student,"GE 105: Mathematics in the Modern World, PE 2: PATH FIT 2 - Fitness Exercises",,4,0
"Computer Programming, GE 104: Readings in Philippine History, GE 108: Understanding the Self, IT Fundamentals","Loops, HTML, Input and Output Handling",3,Senior IT Student,"Computer Programming, GE 104: Readings in Philippine History, GE 108: Understanding the Self, IT Fundamentals","Arrays, Input and Output Handling",3,1
"Computer Programming, GE 104: Readings in Philippine History, GE 105: Mathematics in the Modern World, IT Fundamentals, Intro to Human Computer Interaction","HTML, CSS",3,Instructor,"Computer Programming, IT Fundamentals, Introduction to Computing, NSTP 1: Civic Welfare Training Service","Input and Output Handling, Javascript, Loops, Arrays, HTML",4,1
Computer Programming,"Loops, Javascript",5,Senior IT Student,"Intro to Human Computer Interaction, PE 1: PATH FIT 1 - Movement Enhancement, PE 2: PATH FIT 2 - Fitness Exercises",UI/UX,4,0
"GE 104: Readings in Philippine History, GE 105: Mathematics in the Modern World",,3,Senior IT Student,"Intro to Human Computer Interaction, Introduction to Computing","Loops, Arrays, Input and Output Handling",5,0
"Computer Programming, IT Fundamentals, Intro to Human Computer Interaction","Loops, HTML, Error Handling, CSS, Javascript",3,Senior IT Student,"GE 104: Readings in Philippine History, GE EL 108: Philippine Indigenous Communities, IT Fundamentals","CSS, Javascript, HTML",4,1
"Computer Programming, Intro to Human Computer Interaction, NSTP 1: Civic Welfare Training Service","Loops, Arrays, Javascript",4,Senior IT Student,"Computer Programming, IT Fundamentals, NSTP 2: Civic Welfare Training Service","Javascript, HTML, CSS, Error Handling",5,1
"PE 2: PATH FIT 2 - Fitness Exercises, PE 1: PATH FIT 1 - Movement Enhancement",,4,Senior IT Student,"Computer Programming, GE 105: Mathematics in the Modern World, GE 108: Understanding the Self, IT Fundamentals, Intro to Human Computer Interaction","Error Handling, HTML, Javascript, UI/UX, Arrays",4,0
"IT Fundamentals, Intro to Human Computer Interaction","CSS, UI/UX, Javascript",3,Senior IT Student,"Computer Programming, GE 108: Understanding the Self","Javascript, Input and Output Handling, Loops",5,0
"GE 108: Understanding the Self, GE 104: Readings in Philippine History",,3,Instructor,"Introduction to Computing, PE 1: PATH FIT 1 - Movement Enhancement, PE 2: PATH FIT 2 - Fitness Exercises","Input and Output Handling, Arrays, Loops",5,0
IT Fundamentals,"Javascript, CSS",5,Instructor,"GE 104: Readings in Philippine History, GE 105: Mathematics in the Modern World",,4,0
"GE 105: Mathematics in the Modern World, NSTP 2: Civic Welfare Training Service",,5,Senior IT Student,"IT Fundamentals, Intro to Human Computer Interaction, Computer Programming","HTML, Javascript, Input and Output Handling",3,0
"Computer Programming, IT Fundamentals","Loops, Error Handling, HTML, CSS, Javascript",2,Senior IT Student,"Computer Programming, GE 108: Understanding the Self, IT Fundamentals, Intro to Human Computer Interaction","HTML, CSS, Error Handling, Arrays, Input and Output Handling",4,1
IT Fundamentals,"Javascript, HTML, CSS",3,Senior IT Student,"Computer Programming, GE 104: Readings in Philippine History, IT Fundamentals","Error Handling, CSS, Loops",4,1
"NSTP 2: Civic Welfare Training Service, PE 2: PATH FIT 2 - Fitness Exercises",,3,Instructor,GE 108: Understanding the Self,,5,0
"Computer Programming, IT Fundamentals","Arrays, CSS, Loops, HTML",3,Senior IT Student,"Introduction to Computing, Intro to Human Computer Interaction","Loops, Arrays, UI/UX, Input and Output Handling",4,0
Computer Programming,"Error Handling, Javascript",4,Instructor,"Computer Programming, IT Fundamentals, Intro to Human Computer Interaction, NSTP 2: Civic Welfare Training Service","HTML, CSS, Input and Output Handling, Arrays, Loops",5,1
"Computer Programming, Intro to Human Computer Interaction, PE 2: PATH FIT 2 - Fitness Exercises",Arrays,4,Instructor,"GE 108: Understanding the Self, Introduction to Computing","Error Handling, Arrays, Loops, Input and Output Handling",5,0
"Computer Programming, IT Fundamentals","Arrays, Loops, CSS, Javascript",4,Instructor,"IT Fundamentals, Introduction to Computing, PE 1: PATH FIT 1 - Movement Enhancement, PE 2: PATH FIT 2 - Fitness Exercises","Arrays, CSS, Javascript",5,1
"Computer Programming, GE 108: Understanding the Self, IT Fundamentals","Error Handling, CSS, Loops",2,Senior IT Student,Computer Programming,"Javascript, Input and Output Handling, Arrays, Error Handling",3,1
"Computer Programming, GE 108: Understanding the Self, GE EL 108: Philippine Indigenous Communities","Loops, Input and Output Handling",4,Senior IT Student,"GE 105: Mathematics in the Modern World, GE 108: Understanding the Self, IT Fundamentals, Introduction to Computing","CSS, Javascript, HTML",4,1
"Computer Programming, IT Fundamentals, NSTP 1: Civic Welfare Training Service","Arrays, CSS, Javascript, HTML",2,Senior IT Student,"Computer Programming, IT Fundamentals","Error Handling, Arrays, Loops",5,1
"Computer Programming, GE 104: Readings in Philippine History, GE 105: Mathematics in the Modern World","Loops, Arrays, Input and Output Handling, Javascript",3,Senior IT Student,Computer Programming,"Javascript, Input and Output Handling, Arrays, Error Handling",3,1
PE 1: PATH FIT 1 - Movement Enhancement,,3,Senior IT Student,"GE 108: Understanding the Self, Intro to Human Computer Interaction",UI/UX,5,0
"Computer Programming, IT Fundamentals, Introduction to Computing, PE 1: PATH FIT 1 - Movement Enhancement, PE 2: PATH FIT 2 - Fitness Exercises","Error Handling, Arrays",4,Instructor,"PE 1: PATH FIT 1 - Movement Enhancement, PE 2: PATH FIT 2 - Fitness Exercises",,4,1
"GE 108: Understanding the Self, GE EL 108: Philippine Indigenous Communities",,3,Senior IT Student,"Introduction to Computing, PE 2: PATH FIT 2 - Fitness Exercises","Error Handling, Loops, Arrays",4,0
"GE 108: Understanding the Self, GE EL 108: Philippine Indigenous Communities",,5,Instructor,"IT Fundamentals, PE 1: PATH FIT 1 - Movement Enhancement, PE 2: PATH FIT 2 - Fitness Exercises","HTML, Javascript, CSS",4,0
PE 1: PATH FIT 1 - Movement Enhancement,,4,Instructor,"Intro to Human Computer Interaction, Introduction to Computing, NSTP 2: Civic Welfare Training Service","Arrays, Input and Output Handling, Error Handling",4,0
"IT Fundamentals, Introduction to Computing","Loops, HTML",4,Senior IT Student,PE 1: PATH FIT 1 - Movement Enhancement,,3,0
"Computer Programming, PE 2: PATH FIT 2 - Fitness Exercises","Javascript, Error Handling, Loops",4,Senior IT Student,"Computer Programming, GE 104: Readings in Philippine History, GE EL 108: Philippine Indigenous Communities","Loops, Javascript, Input and Output Handling, Arrays, Error Handling",3,1
NSTP 1: Civic Welfare Training Service,,3,Senior IT Student,"GE 105: Mathematics in the Modern World, GE 108: Understanding the Self, PE 1: PATH FIT 1 - Movement Enhancement",,4,0
"Computer Programming, GE 108: Understanding the Self, IT Fundamentals","Arrays, Error Handling, CSS",2,Instructor,"Intro to Human Computer Interaction, NSTP 1: Civic Welfare Training Service",UI/UX,4,0
"GE 105: Mathematics in the Modern World, GE EL 108: Philippine Indigenous Communities, IT Fundamentals",Javascript,4,Senior IT Student,"Computer Programming, PE 1: PATH FIT 1 - Movement Enhancement, PE 2: PATH FIT 2 - Fitness Exercises","Arrays, Javascript, Input and Output Handling, Error Handling",4,0
"PE 1: PATH FIT 1 - Movement Enhancement, PE 2: PATH FIT 2 - Fitness Exercises",,3,Instructor,"Computer Programming, GE 108: Understanding the Self, Introduction to Computing","Loops, Input and Output Handling, Arrays, Javascript",5,0
IT Fundamentals,"CSS, Javascript, HTML",3,Senior IT Student,"IT Fundamentals, PE 1: PATH FIT 1 - Movement Enhancement","Javascript, HTML",3,1
"IT Fundamentals, Intro to Human Computer Interaction, NSTP 2: Civic Welfare Training Service","Javascript, HTML, CSS",3,Senior IT Student,"GE EL 108: Philippine Indigenous Communities, Intro to Human Computer Interaction",UI/UX,3,0
GE EL 108: Philippine Indigenous Communities,,3,Senior IT Student,"Computer Programming, GE 104: Readings in Philippine History, Intro to Human Computer Interaction","Input and Output Handling, Error Handling",4,0
"GE 104: Readings in Philippine History, NSTP 2: Civic Welfare Training Service",,2,Senior IT Student,"IT Fundamentals, Intro to Human Computer Interaction, Introduction to Computing, NSTP 2: Civic Welfare Training Service","Arrays, Javascript, UI/UX, HTML",4,1
"Computer Programming, GE 108: Understanding the Self, IT Fundamentals",Input and Output Handling,3,Senior IT Student,NSTP 2: Civic Welfare Training Service,,3,0
"GE 104: Readings in Philippine History, IT Fundamentals","Javascript, HTML, CSS",4,Senior IT Student,"Intro to Human Computer Interaction, Introduction to Computing, PE 1: PATH FIT 1 - Movement Enhancement, PE 2: PATH FIT 2 - Fitness Exercises","UI/UX, Input and Output Handling, Arrays, Loops",5,0
"Computer Programming, IT Fundamentals","Input and Output Handling, Arrays, HTML",4,Senior IT Student,"Intro to Human Computer Interaction, Introduction to Computing, PE 1: PATH FIT 1 - Movement Enhancement","Loops, Arrays, Input and Output Handling, UI/UX",4,1
"Computer Programming, IT Fundamentals, Intro to Human Computer Interaction, PE 1: PATH FIT 1 - Movement Enhancement, PE 2: PATH FIT 2 - Fitness Exercises","HTML, Input and Output Handling",4,Senior IT Student,"IT Fundamentals, Introduction to Computing, NSTP 1: Civic Welfare Training Service","Input and Output Handling, Error Handling",5,1
"NSTP 2: Civic Welfare Training Service, PE 2: PATH FIT 2 - Fitness Exercises",,5,Senior IT Student,"Computer Programming, NSTP 2: Civic Welfare Training Service","Error Handling, Javascript",4,0
"GE EL 108: Philippine Indigenous Communities, PE 1: PATH FIT 1 - Movement Enhancement",,5,Instructor,"Intro to Human Computer Interaction, NSTP 1: Civic Welfare Training Service",UI/UX,4,0
"Computer Programming, IT Fundamentals, Introduction to Computing, PE 1: PATH FIT 1 - Movement Enhancement","Javascript, CSS, HTML, Arrays",2,Senior IT Student,PE 2: PATH FIT 2 - Fitness Exercises,,4,0
IT Fundamentals,"HTML, Javascript, CSS",3,Instructor,"GE 105: Mathematics in the Modern World, GE EL 108: Philippine Indigenous Communities, IT Fundamentals","CSS, HTML, Javascript",4,1
"Computer Programming, PE 1: PATH FIT 1 - Movement Enhancement, PE 2: PATH FIT 2 - Fitness Exercises","Error Handling, Arrays, Input and Output Handling",3,Instructor,"Intro to Human Computer Interaction, NSTP 2: Civic Welfare Training Service",UI/UX,4,0
"IT Fundamentals, NSTP 2: Civic Welfare Training Service",HTML,4,Senior IT Student,"Computer Programming, GE 108: Understanding the Self, GE EL 108: Philippine Indigenous Communities","Input and Output Handling, Error Handling, Javascript, Arrays",3,0
"Computer Programming, IT Fundamentals, Intro to Human Computer Interaction","Loops, Error Handling, Javascript",2,Senior IT Student,"GE 104: Readings in Philippine History, GE 108: Understanding the Self, IT Fundamentals, Introduction to Computing","Input and Output Handling, Error Handling, Javascript, HTML, CSS",5,1
"Computer Programming, IT Fundamentals, Introduction to Computing","Input and Output Handling, Loops, Error Handling, Arrays, Javascript",4,Senior IT Student,"Computer Programming, IT Fundamentals, NSTP 1: Civic Welfare Training Service","CSS, Loops, Arrays, HTML",5,1
"Computer Programming, IT Fundamentals, Intro to Human Computer Interaction","Loops, CSS, Arrays, Input and Output Handling, UI/UX",2,Senior IT Student,"GE EL 108: Philippine Indigenous Communities, GE 105: Mathematics in the Modern World",,4,0
"Computer Programming, GE EL 108: Philippine Indigenous Communities, IT Fundamentals, Introduction to Computing","Error Handling, Input and Output Handling, Loops, CSS, HTML",4,Instructor,"IT Fundamentals, NSTP 2: Civic Welfare Training Service","HTML, Javascript",5,1
"Computer Programming, IT Fundamentals","Input and Output Handling, CSS",3,Instructor,"GE 104: Readings in Philippine History, GE 108: Understanding the Self, NSTP 1: Civic Welfare Training Service",,5,0
IT Fundamentals,"HTML, CSS",2,Senior IT Student,Computer Programming,"Arrays, Input and Output Handling, Loops, Error Handling",4,0
"Computer Programming, GE 108: Understanding the Self, Intro to Human Computer Interaction","Error Handling, Input and Output Handling",2,Senior IT Student,"GE 104: Readings in Philippine History, IT Fundamentals, Intro to Human Computer Interaction","CSS, UI/UX, Javascript, HTML",5,0
NSTP 1: Civic Welfare Training Service,,4,Senior IT Student,"Computer Programming, IT Fundamentals, Intro to Human Computer Interaction, PE 2: PATH FIT 2 - Fitness Exercises","CSS, Error Handling, UI/UX, Loops",4,0
NSTP 1: Civic Welfare Training Service,,5,Instructor,"Computer Programming, GE 108: Understanding the Self, GE EL 108: Philippine Indigenous Communities, Introduction to Computing","Arrays, Input and Output Handling, Javascript, Error Handling",5,0
"Computer Programming, Intro to Human Computer Interaction","Arrays, Input and Output Handling, Loops, Javascript",5,Senior IT Student,"Intro to Human Computer Interaction, NSTP 2: Civic Welfare Training Service",UI/UX,4,0
"Computer Programming, IT Fundamentals, Introduction to Computing, NSTP 1: Civic Welfare Training Service","HTML, Loops, CSS, Arrays",5,Instructor,GE 108: Understanding the Self,,5,0
"Computer Programming, GE 108: Understanding the Self, IT Fundamentals","Loops, Javascript, HTML",3,Senior IT Student,NSTP 1: Civic Welfare Training Service,,3,0
"Computer Programming, Introduction to Computing, NSTP 1: Civic Welfare Training Service","Loops, Error Handling, Javascript",4,Senior IT Student,"Computer Programming, NSTP 1: Civic Welfare Training Service","Error Handling, Loops",4,1
"GE 105: Mathematics in the Modern World, GE 108: Understanding the Self",,3,Senior IT Student,"Computer Programming, PE 1: PATH FIT 1 - Movement Enhancement, PE 2: PATH FIT 2 - Fitness Exercises","Error Handling, Loops, Input and Output Handling, Arrays, Javascript",5,0
"Computer Programming, IT Fundamentals","Arrays, HTML, Javascript, Loops",5,Senior IT Student,"GE 104: Readings in Philippine History, Intro to Human Computer Interaction",UI/UX,3,0
"PE 1: PATH FIT 1 - Movement Enhancement, PE 2: PATH FIT 2 - Fitness Exercises",,5,Senior IT Student,"Introduction to Computing, Intro to Human Computer Interaction","Input and Output Handling, UI/UX, Arrays, Loops, Error Handling",5,0
"Computer Programming, NSTP 1: Civic Welfare Training Service","Error Handling, Input and Output Handling, Loops, Arrays",3,Senior IT Student,NSTP 1: Civic Welfare Training Service,,3,0
"GE 104: Readings in Philippine History, GE EL 108: Philippine Indigenous Communities",,3,Senior IT Student,"Computer Programming, PE 2: PATH FIT 2 - Fitness Exercises","Arrays, Loops",4,0
"IT Fundamentals, Introduction to Computing, PE 1: PATH FIT 1 - Movement Enhancement, PE 2: PATH FIT 2 - Fitness Exercises","Error Handling, Arrays",4,Senior IT Student,"IT Fundamentals, Intro to Human Computer Interaction, Computer Programming","UI/UX, CSS, Javascript, Input and Output Handling",4,1
"Computer Programming, GE 108: Understanding the Self, GE EL 108: Philippine Indigenous Communities, Introduction to Computing","Javascript, Arrays",4,Instructor,"IT Fundamentals, Intro to Human Computer Interaction, NSTP 1: Civic Welfare Training Service","CSS, HTML",5,0
"NSTP 2: Civic Welfare Training Service, PE 1: PATH FIT 1 - Movement Enhancement",,4,Instructor,"GE 108: Understanding the Self, Introduction to Computing","Input and Output Handling, Arrays, Loops, Error Handling",5,0
"IT Fundamentals, Introduction to Computing","Input and Output Handling, HTML, Loops",4,Instructor,GE 104: Readings in Philippine History,,5,0
"GE 108: Understanding the Self, NSTP 2: Civic Welfare Training Service",,2,Instructor,Computer Programming,"Input and Output Handling, Loops, Javascript",4,0
IT Fundamentals,"Javascript, CSS, HTML",3,Senior IT Student,"IT Fundamentals, NSTP 1: Civic Welfare Training Service","Javascript, HTML",4,1
"Computer Programming, IT Fundamentals","Loops, CSS, Javascript",4,Senior IT Student,"IT Fundamentals, PE 1: PATH FIT 1 - Movement Enhancement","CSS, Javascript, HTML",4,1
IT Fundamentals,"CSS, Javascript",5,Senior IT Student,"Computer Programming, NSTP 2: Civic Welfare Training Service","Loops, Javascript, Error Handling, Input and Output Handling, Arrays",4,0
"NSTP 1: Civic Welfare Training Service, PE 1: PATH FIT 1 - Movement Enhancement",,5,Instructor,"GE 104: Readings in Philippine History, GE EL 108: Philippine Indigenous Communities, Intro to Human Computer Interaction, Introduction to Computing","Arrays, UI/UX, Input and Output Handling, Loops",4,0
"Computer Programming, IT Fundamentals","Error Handling, Loops, CSS, Arrays, Javascript",4,Senior IT Student,"Computer Programming, IT Fundamentals","Loops, Arrays, Error Handling, Input and Output Handling",3,1
Computer Programming,"Javascript, Loops, Arrays",3,Senior IT Student,Introduction to Computing,"Arrays, Loops, Error Handling",5,0
"Computer Programming, IT Fundamentals","CSS, Arrays, Error Handling, Javascript, HTML",4,Instructor,"IT Fundamentals, Computer Programming, Intro to Human Computer Interaction","UI/UX, CSS, Error Handling, Javascript",5,1
"Computer Programming, GE 105: Mathematics in the Modern World",Arrays,5,Senior IT Student,"Computer Programming, GE 108: Understanding the Self, Introduction to Computing","Input and Output Handling, Javascript, Loops, Arrays, Error Handling",4,0
IT Fundamentals,"CSS, HTML",3,Senior IT Student,"IT Fundamentals, PE 2: PATH FIT 2 - Fitness Exercises","CSS, HTML, Javascript",3,1
"Computer Programming, GE EL 108: Philippine Indigenous Communities, IT Fundamentals, Introduction to Computing","Error Handling, Input and Output Handling",3,Senior IT Student,"Computer Programming, GE 108: Understanding the Self, GE EL 108: Philippine Indigenous Communities, Introduction to Computing","Javascript, Input and Output Handling, Loops, Arrays, Error Handling",4,1
"GE EL 108: Philippine Indigenous Communities, IT Fundamentals, Introduction to Computing","CSS, Error Handling, Loops, Arrays",5,Senior IT Student,"Computer Programming, NSTP 2: Civic Welfare Training Service","Error Handling, Input and Output Handling, Arrays, Javascript",4,0
"Computer Programming, Introduction to Computing","Input and Output Handling, Error Handling",2,Instructor,"Intro to Human Computer Interaction, IT Fundamentals, Computer Programming","Arrays, CSS, HTML, Javascript, UI/UX, Loops",5,0
"IT Fundamentals, Intro to Human Computer Interaction, PE 2: PATH FIT 2 - Fitness Exercises","UI/UX, Javascript",2,Senior IT Student,"Computer Programming, IT Fundamentals, Introduction to Computing","Arrays, Loops, Error Handling",4,1
"NSTP 1: Civic Welfare Training Service, PE 2: PATH FIT 2 - Fitness Exercises",,3,Instructor,IT Fundamentals,"Javascript, HTML, CSS",5,0
"Computer Programming, GE 108: Understanding the Self, IT Fundamentals","Error Handling, HTML, Arrays, Loops",3,Senior IT Student,"Computer Programming, IT Fundamentals, NSTP 2: Civic Welfare Training Service","Loops, Javascript, Input and Output Handling, Arrays",4,1
"GE 104: Readings in Philippine History, GE EL 108: Philippine Indigenous Communities",,4,Senior IT Student,"Computer Programming, Intro to Human Computer Interaction, NSTP 2: Civic Welfare Training Service","UI/UX, Input and Output Handling",5,0
"IT Fundamentals, PE 1: PATH FIT 1 - Movement Enhancement, PE 2: PATH FIT 2 - Fitness Exercises","CSS, HTML",3,Instructor,"IT Fundamentals, Introduction to Computing, PE 2: PATH FIT 2 - Fitness Exercises","Error Handling, Loops, Input and Output Handling",4,1
Computer Programming,"Input and Output Handling, Loops, Arrays, Error Handling, Javascript",4,Instructor,"GE 108: Understanding the Self, GE EL 108: Philippine Indigenous Communities, IT Fundamentals, Intro to Human Computer Interaction","CSS, Javascript",4,0
"GE 105: Mathematics in the Modern World, PE 1: PATH FIT 1 - Movement Enhancement, PE 2: PATH FIT 2 - Fitness Exercises",,2,Instructor,"Computer Programming, GE EL 108: Philippine Indigenous Communities, Introduction to Computing","Javascript, Input and Output Handling, Error Handling",4,0
"Computer Programming, NSTP 2: Civic Welfare Training Service","Input and Output Handling, Loops, Javascript, Arrays",3,Senior IT Student,"Computer Programming, GE 104: Readings in Philippine History, GE EL 108: Philippine Indigenous Communities","Input and Output Handling, Arrays",3,1
"Computer Programming, GE 105: Mathematics in the Modern World, GE 108: Understanding the Self",Javascript,5,Senior IT Student,"GE 104: Readings in Philippine History, Intro to Human Computer Interaction",UI/UX,4,0
"IT Fundamentals, Introduction to Computing, NSTP 1: Civic Welfare Training Service","Input and Output Handling, Javascript, HTML, Loops",4,Senior IT Student,"Intro to Human Computer Interaction, PE 2: PATH FIT 2 - Fitness Exercises",UI/UX,3,0
GE 104: Readings in Philippine History,,4,Instructor,"GE 104: Readings in Philippine History, GE EL 108: Philippine Indigenous Communities",,5,0
"NSTP 1: Civic Welfare Training Service, PE 1: PATH FIT 1 - Movement Enhancement, PE 2: PATH FIT 2 - Fitness Exercises",,2,Senior IT Student,"GE 104: Readings in Philippine History, GE 105: Mathematics in the Modern World, IT Fundamentals","Javascript, HTML",3,0
"Computer Programming, IT Fundamentals","Loops, Javascript",4,Senior IT Student,"GE 104: Readings in Philippine History, GE EL 108: Philippine Indigenous Communities, IT Fundamentals","HTML, CSS, Javascript",3,0
"Computer Programming, IT Fundamentals","HTML, Arrays, Loops, Error Handling",5,Instructor,"Introduction to Computing, Computer Programming, Intro to Human Computer Interaction","Error Handling, Loops, Input and Output Handling, Javascript, UI/UX, Arrays",4,1
"Computer Programming, IT Fundamentals, NSTP 2: Civic Welfare Training Service",Loops,3,Senior IT Student,"Computer Programming, Introduction to Computing, NSTP 1: Civic Welfare Training Service","Loops, Javascript, Error Handling, Arrays, Input and Output Handling",4,1
"GE 104: Readings in Philippine History, NSTP 1: Civic Welfare Training Service",,4,Instructor,"IT Fundamentals, Intro to Human Computer Interaction, NSTP 2: Civic Welfare Training Service","HTML, CSS, UI/UX",4,0
"GE 108: Understanding the Self, NSTP 1: Civic Welfare Training Service",,4,Senior IT Student,"GE 108: Understanding the Self, GE EL 108: Philippine Indigenous Communities",,4,1
NSTP 2: Civic Welfare Training Service,,5,Senior IT Student,"Computer Programming, Intro to Human Computer Interaction","Loops, Javascript, Error Handling",4,0
"IT Fundamentals, PE 1: PATH FIT 1 - Movement Enhancement, PE 2: PATH FIT 2 - Fitness Exercises","Javascript, HTML, CSS",2,Instructor,"Introduction to Computing, Computer Programming, IT Fundamentals","Arrays, Javascript, Error Handling, HTML",5,1
"IT Fundamentals, Introduction to Computing, NSTP 2: Civic Welfare Training Service","HTML, Error Handling",4,Senior IT Student,"Intro to Human Computer Interaction, NSTP 1: Civic Welfare Training Service",UI/UX,4,0
"IT Fundamentals, Introduction to Computing, PE 1: PATH FIT 1 - Movement Enhancement, PE 2: PATH FIT 2 - Fitness Exercises",Input and Output Handling,3,Instructor,"Introduction to Computing, Intro to Human Computer Interaction, IT Fundamentals","Arrays, Javascript, Error Handling",5,1
"Computer Programming, GE 108: Understanding the Self, IT Fundamentals, Intro to Human Computer Interaction","HTML, CSS",4,Senior IT Student,"Introduction to Computing, NSTP 1: Civic Welfare Training Service","Arrays, Error Handling, Loops",3,0
"IT Fundamentals, Introduction to Computing, PE 1: PATH FIT 1 - Movement Enhancement, PE 2: PATH FIT 2 - Fitness Exercises","Input and Output Handling, Loops, Arrays, CSS",3,Senior IT Student,Intro to Human Computer Interaction,UI/UX,4,0
"Computer Programming, GE 104: Readings in Philippine History, GE 108: Understanding the Self, IT Fundamentals","Error Handling, Loops, Input and Output Handling",2,Senior IT Student,"Computer Programming, GE 108: Understanding the Self, Introduction to Computing","Error Handling, Input and Output Handling, Loops, Javascript",4,1
"GE 108: Understanding the Self, GE EL 108: Philippine Indigenous Communities, IT Fundamentals",HTML,5,Instructor,IT Fundamentals,"Javascript, HTML, CSS",4,0
"GE 105: Mathematics in the Modern World, GE 108: Understanding the Self",,5,Senior IT Student,"IT Fundamentals, Intro to Human Computer Interaction, PE 2: PATH FIT 2 - Fitness Exercises","HTML, UI/UX, CSS, Javascript",3,0
IT Fundamentals,"Javascript, HTML",3,Senior IT Student,"Introduction to Computing, NSTP 2: Civic Welfare Training Service","Arrays, Input and Output Handling, Error Handling",4,0
"IT Fundamentals, Introduction to Computing, NSTP 1: Civic Welfare Training Service","Error Handling, CSS, HTML, Loops",3,Instructor,"Computer Programming, GE 105: Mathematics in the Modern World, GE EL 108: Philippine Indigenous Communities, Intro to Human Computer Interaction","Input and Output Handling, Loops",5,0
"Computer Programming, IT Fundamentals, Intro to Human Computer Interaction, PE 1: PATH FIT 1 - Movement Enhancement",HTML,3,Senior IT Student,"Intro to Human Computer Interaction, NSTP 2: Civic Welfare Training Service",UI/UX,4,1
"Computer Programming, NSTP 1: Civic Welfare Training Service",Error Handling,2,Instructor,"IT Fundamentals, Intro to Human Computer Interaction, Computer Programming","Error Handling, Input and Output Handling, UI/UX, Loops, CSS, Arrays",4,1
"GE 108: Understanding the Self, GE EL 108: Philippine Indigenous Communities, IT Fundamentals, Introduction to Computing","HTML, CSS, Javascript",4,Instructor,"Introduction to Computing, PE 1: PATH FIT 1 - Movement Enhancement, PE 2: PATH FIT 2 - Fitness Exercises","Error Handling, Arrays",4,0
Computer Programming,"Error Handling, Input and Output Handling",2,Senior IT Student,"Introduction to Computing, NSTP 1: Civic Welfare Training Service","Loops, Input and Output Handling",3,0
NSTP 1: Civic Welfare Training Service,,4,Senior IT Student,"Computer Programming, Introduction to Computing, NSTP 2: Civic Welfare Training Service","Arrays, Error Handling",3,0
"IT Fundamentals, PE 1: PATH FIT 1 - Movement Enhancement, PE 2: PATH FIT 2 - Fitness Exercises","Javascript, HTML, CSS",3,Senior IT Student,"IT Fundamentals, Intro to Human Computer Interaction, Introduction to Computing","CSS, HTML, Arrays, Input and Output Handling",5,1
IT Fundamentals,"CSS, Javascript, HTML",3,Senior IT Student,"Computer Programming, Introduction to Computing, NSTP 1: Civic Welfare Training Service","Error Handling, Javascript, Arrays, Input and Output Handling",4,0
"Computer Programming, IT Fundamentals, Introduction to Computing","CSS, Error Handling, HTML",2,Senior IT Student,"GE 108: Understanding the Self, PE 1: PATH FIT 1 - Movement Enhancement, PE 2: PATH FIT 2 - Fitness Exercises",,3,0
"Computer Programming, GE 104: Readings in Philippine History, GE 108: Understanding the Self, Introduction to Computing","Loops, Input and Output Handling",3,Senior IT Student,"GE EL 108: Philippine Indigenous Communities, GE 108: Understanding the Self",,4,1
"Computer Programming, IT Fundamentals","Javascript, Arrays, Input and Output Handling, Error Handling, HTML",4,Senior IT Student,"IT Fundamentals, Intro to Human Computer Interaction, PE 1: PATH FIT 1 - Movement Enhancement, PE 2: PATH FIT 2 - Fitness Exercises","UI/UX, HTML, Javascript",3,1
"GE 105: Mathematics in the Modern World, GE 108: Understanding the Self, IT Fundamentals, Introduction to Computing","Input and Output Handling, Error Handling",4,Instructor,"GE 108: Understanding the Self, IT Fundamentals","HTML, Javascript",5,1
"Computer Programming, Intro to Human Computer Interaction","Loops, Javascript, Error Handling",3,Senior IT Student,"Introduction to Computing, Intro to Human Computer Interaction, Computer Programming","Error Handling, Javascript, Loops, UI/UX, Arrays, Input and Output Handling",4,1
"Computer Programming, GE 104: Readings in Philippine History, IT Fundamentals",Javascript,2,Instructor,Intro to Human Computer Interaction,UI/UX,5,0
GE 104: Readings in Philippine History,,2,Senior IT Student,"Computer Programming, Introduction to Computing, PE 1: PATH FIT 1 - Movement Enhancement, PE 2: PATH FIT 2 - Fitness Exercises","Error Handling, Input and Output Handling",4,0
"Computer Programming, Introduction to Computing, NSTP 2: Civic Welfare Training Service","Loops, Javascript",3,Senior IT Student,"Introduction to Computing, NSTP 2: Civic Welfare Training Service","Loops, Arrays",4,1
Computer Programming,"Arrays, Error Handling, Javascript, Input and Output Handling, Loops",2,Instructor,"IT Fundamentals, Computer Programming","CSS, Input and Output Handling, Javascript, HTML, Loops",4,1
"GE 104: Readings in Philippine History, GE 105: Mathematics in the Modern World, IT Fundamentals, Intro to Human Computer Interaction","UI/UX, CSS",4,Senior IT Student,"GE 104: Readings in Philippine History, GE 108: Understanding the Self",,3,0
NSTP 2: Civic Welfare Training Service,,3,Instructor,"GE 104: Readings in Philippine History, GE 108: Understanding the Self, Intro to Human Computer Interaction, Introduction to Computing","Error Handling, Input and Output Handling, Loops",5,0
"Computer Programming, IT Fundamentals, Intro to Human Computer Interaction, PE 2: PATH FIT 2 - Fitness Exercises","Input and Output Handling, CSS",4,Senior IT Student,"GE EL 108: Philippine Indigenous Communities, Introduction to Computing","Arrays, Error Handling, Input and Output Handling",3,0
"Computer Programming, Intro to Human Computer Interaction, NSTP 1: Civic Welfare Training Service","Arrays, UI/UX, Javascript",3,Senior IT Student,"Introduction to Computing, PE 1: PATH FIT 1 - Movement Enhancement, PE 2: PATH FIT 2 - Fitness Exercises","Loops, Error Handling",4,0
"Computer Programming, GE 105: Mathematics in the Modern World, GE 108: Understanding the Self, IT Fundamentals","HTML, Javascript, Input and Output Handling",2,Senior IT Student,"Computer Programming, IT Fundamentals, Intro to Human Computer Interaction","HTML, Error Handling, Input and Output Handling, CSS, UI/UX",4,1
"IT Fundamentals, PE 1: PATH FIT 1 - Movement Enhancement",Javascript,4,Senior IT Student,GE 104: Readings in Philippine History,,4,0
"GE EL 108: Philippine Indigenous Communities, GE 105: Mathematics in the Modern World",,4,Senior IT Student,"Intro to Human Computer Interaction, Introduction to Computing","Input and Output Handling, Loops, UI/UX, Error Handling",4,0
"Computer Programming, IT Fundamentals, Intro to Human Computer Interaction","Javascript, HTML, Arrays",3,Senior IT Student,"GE 104: Readings in Philippine History, GE EL 108: Philippine Indigenous Communities, NSTP 1: Civic Welfare Training Service",,3,0
"GE 105: Mathematics in the Modern World, GE 108: Understanding the Self, IT Fundamentals, Introduction to Computing","Error Handling, Javascript",4,Instructor,"Computer Programming, GE EL 108: Philippine Indigenous Communities, Intro to Human Computer Interaction","Loops, UI/UX, Error Handling, Arrays",4,0
"Computer Programming, Intro to Human Computer Interaction, NSTP 2: Civic Welfare Training Service",Javascript,4,Instructor,"IT Fundamentals, Intro to Human Computer Interaction, PE 2: PATH FIT 2 - Fitness Exercises","CSS, Javascript, UI/UX",4,1
"IT Fundamentals, Introduction to Computing","Error Handling, Arrays, Input and Output Handling, Javascript",4,Senior IT Student,"IT Fundamentals, Intro to Human Computer Interaction, NSTP 2: Civic Welfare Training Service","HTML, CSS, UI/UX, Javascript",4,1
"Computer Programming, IT Fundamentals, PE 1: PATH FIT 1 - Movement Enhancement, PE 2: PATH FIT 2 - Fitness Exercises","Javascript, Arrays, Error Handling",3,Senior IT Student,"Computer Programming, NSTP 2: Civic Welfare Training Service","Input and Output Handling, Error Handling, Loops, Javascript, Arrays",3,1
"NSTP 2: Civic Welfare Training Service, PE 1: PATH FIT 1 - Movement Enhancement, PE 2: PATH FIT 2 - Fitness Exercises",,2,Senior IT Student,"Introduction to Computing, PE 1: PATH FIT 1 - Movement Enhancement, PE 2: PATH FIT 2 - Fitness Exercises","Error Handling, Input and Output Handling, Loops, Arrays",4,1
"Computer Programming, IT Fundamentals, Introduction to Computing","CSS, Javascript, Loops",5,Instructor,"GE 105: Mathematics in the Modern World, IT Fundamentals","CSS, HTML",5,1
"Computer Programming, IT Fundamentals, PE 1: PATH FIT 1 - Movement Enhancement","HTML, Loops, CSS, Error Handling",2,Senior IT Student,"Computer Programming, Intro to Human Computer Interaction, IT Fundamentals","Arrays, UI/UX, Error Handling",4,1
"IT Fundamentals, PE 1: PATH FIT 1 - Movement Enhancement, PE 2: PATH FIT 2 - Fitness Exercises","CSS, Javascript, HTML",3,Senior IT Student,Computer Programming,"Loops, Error Handling, Input and Output Handling, Arrays, Javascript",5,0
"Computer Programming, IT Fundamentals, Intro to Human Computer Interaction, PE 2: PATH FIT 2 - Fitness Exercises","CSS, Loops, Javascript, Arrays, UI/UX",2,Senior IT Student,"Introduction to Computing, NSTP 1: Civic Welfare Training Service","Arrays, Input and Output Handling",4,0
"Computer Programming, IT Fundamentals","Javascript, Loops",2,Senior IT Student,"IT Fundamentals, Intro to Human Computer Interaction, PE 1: PATH FIT 1 - Movement Enhancement","UI/UX, Javascript",3,1
"Computer Programming, Intro to Human Computer Interaction, NSTP 1: Civic Welfare Training Service","UI/UX, Input and Output Handling",2,Senior IT Student,"Intro to Human Computer Interaction, IT Fundamentals, Computer Programming","Loops, CSS, Error Handling, Javascript",3,1
Computer Programming,"Arrays, Input and Output Handling, Loops",3,Senior IT Student,"IT Fundamentals, Intro to Human Computer Interaction, PE 1: PATH FIT 1 - Movement Enhancement, PE 2: PATH FIT 2 - Fitness Exercises","UI/UX, Javascript, HTML, CSS",4,0
"Computer Programming, Intro to Human Computer Interaction","UI/UX, Arrays",3,Instructor,"Computer Programming, GE 104: Readings in Philippine History, GE 108: Understanding the Self, Intro to Human Computer Interaction","Javascript, UI/UX, Arrays, Input and Output Handling, Error Handling",5,1
"Computer Programming, IT Fundamentals, Intro to Human Computer Interaction","HTML, Error Handling, Javascript, Input and Output Handling",3,Senior IT Student,"Computer Programming, Intro to Human Computer Interaction","UI/UX, Error Handling, Input and Output Handling, Arrays, Javascript, Loops",3,1
"GE EL 108: Philippine Indigenous Communities, IT Fundamentals","CSS, Javascript, HTML",5,Senior IT Student,"GE 104: Readings in Philippine History, GE EL 108: Philippine Indigenous Communities, Intro to Human Computer Interaction",UI/UX,5,1
IT Fundamentals,"HTML, Javascript",3,Instructor,NSTP 2: Civic Welfare Training Service,,5,0
"GE 105: Mathematics in the Modern World, GE EL 108: Philippine Indigenous Communities, IT Fundamentals","CSS, HTML",5,Instructor,NSTP 1: Civic Welfare Training Service,,5,0
"Computer Programming, IT Fundamentals, Introduction to Computing, PE 1: PATH FIT 1 - Movement Enhancement",Error Handling,4,Senior IT Student,"Computer Programming, Intro to Human Computer Interaction, PE 1: PATH FIT 1 - Movement Enhancement, PE 2: PATH FIT 2 - Fitness Exercises","UI/UX, Arrays, Input and Output Handling, Error Handling, Javascript",4,1
Computer Programming,"Loops, Arrays, Error Handling",4,Senior IT Student,"Intro to Human Computer Interaction, NSTP 1: Civic Welfare Training Service",UI/UX,4,0
NSTP 2: Civic Welfare Training Service,,2,Instructor,"GE EL 108: Philippine Indigenous Communities, NSTP 2: Civic Welfare Training Service",,4,0
"Computer Programming, Introduction to Computing, NSTP 1: Civic Welfare Training Service","Error Handling, Input and Output Handling, Javascript, Arrays",2,Senior IT Student,"GE 104: Readings in Philippine History, GE 108: Understanding the Self, IT Fundamentals","HTML, Javascript, CSS",3,0
IT Fundamentals,"HTML, CSS, Javascript",2,Senior IT Student,"GE 105: Mathematics in the Modern World, GE EL 108: Philippine Indigenous Communities, Intro to Human Computer Interaction",UI/UX,5,0
"GE EL 108: Philippine Indigenous Communities, IT Fundamentals","HTML, Javascript, CSS",4,Instructor,"IT Fundamentals, Introduction to Computing, Computer Programming","Error Handling, Javascript, Input and Output Handling, Loops",5,1
PE 1: PATH FIT 1 - Movement Enhancement,,3,Instructor,IT Fundamentals,"Javascript, HTML, CSS",5,0
IT Fundamentals,"HTML, Javascript",3,Senior IT Student,"GE 104: Readings in Philippine History, GE 105: Mathematics in the Modern World, GE 108: Understanding the Self",,5,0
"Computer Programming, GE EL 108: Philippine Indigenous Communities, IT Fundamentals","Arrays, Input and Output Handling",3,Senior IT Student,Computer Programming,"Error Handling, Arrays, Input and Output Handling",4,1
"GE 104: Readings in Philippine History, GE 108: Understanding the Self, IT Fundamentals","Javascript, HTML, CSS",4,Senior IT Student,"Computer Programming, GE 104: Readings in Philippine History, GE EL 108: Philippine Indigenous Communities","Arrays, Error Handling, Javascript",3,0
"PE 2: PATH FIT 2 - Fitness Exercises, PE 1: PATH FIT 1 - Movement Enhancement",,2,Instructor,"GE 108: Understanding the Self, Introduction to Computing","Loops, Arrays, Error Handling",5,0
"GE 104: Readings in Philippine History, GE 108: Understanding the Self, PE 1: PATH FIT 1 - Movement Enhancement",,3,Senior IT Student,"GE 104: Readings in Philippine History, IT Fundamentals","HTML, CSS",4,0
"GE 104: Readings in Philippine History, PE 1: PATH FIT 1 - Movement Enhancement",,3,Senior IT Student,"Computer Programming, GE 104: Readings in Philippine History, GE EL 108: Philippine Indigenous Communities, Intro to Human Computer Interaction","Input and Output Handling, Loops, Javascript, Error Handling",3,1
"IT Fundamentals, NSTP 2: Civic Welfare Training Service","CSS, HTML",5,Instructor,PE 2: PATH FIT 2 - Fitness Exercises,,5,0
"Computer Programming, IT Fundamentals, Intro to Human Computer Interaction, PE 1: PATH FIT 1 - Movement Enhancement, PE 2: PATH FIT 2 - Fitness Exercises","Input and Output Handling, Error Handling, CSS",3,Senior IT Student,"IT Fundamentals, NSTP 1: Civic Welfare Training Service","HTML, Javascript, CSS",4,1
IT Fundamentals,"CSS, Javascript",3,Senior IT Student,"GE 104: Readings in Philippine History, GE EL 108: Philippine Indigenous Communities, Intro to Human Computer Interaction, Introduction to Computing","Arrays, Error Handling, Input and Output Handling, UI/UX",4,0
"IT Fundamentals, Intro to Human Computer Interaction, PE 1: PATH FIT 1 - Movement Enhancement, PE 2: PATH FIT 2 - Fitness Exercises","Javascript, HTML, CSS",4,Senior IT Student,"IT Fundamentals, Introduction to Computing, NSTP 1: Civic Welfare Training Service","Input and Output Handling, Loops, CSS, Javascript, Arrays",4,1
"Computer Programming, IT Fundamentals","Arrays, Error Handling",4,Senior IT Student,"Computer Programming, GE 104: Readings in Philippine History, GE 105: Mathematics in the Modern World","Error Handling, Arrays, Loops",3,1
"Computer Programming, IT Fundamentals, PE 1: PATH FIT 1 - Movement Enhancement","HTML, Input and Output Handling, Javascript, Loops",2,Senior IT Student,GE EL 108: Philippine Indigenous Communities,,4,0
IT Fundamentals,"CSS, Javascript",3,Senior IT Student,"Computer Programming, NSTP 1: Civic Welfare Training Service","Error Handling, Input and Output Handling, Javascript",3,0
NSTP 2: Civic Welfare Training Service,,2,Senior IT Student,"Intro to Human Computer Interaction, NSTP 1: Civic Welfare Training Service",UI/UX,5,0
GE EL 108: Philippine Indigenous Communities,,4,Senior IT Student,NSTP 1: Civic Welfare Training Service,,3,0
IT Fundamentals,"Javascript, CSS",4,Senior IT Student,"Computer Programming, GE 105: Mathematics in the Modern World, IT Fundamentals","Javascript, Loops, Arrays, CSS, HTML",5,1
"Computer Programming, GE 108: Understanding the Self, IT Fundamentals","Javascript, CSS, Error Handling",4,Senior IT Student,"Computer Programming, PE 1: PATH FIT 1 - Movement Enhancement","Loops, Arrays, Error Handling, Javascript",5,1
"Computer Programming, GE 108: Understanding the Self, IT Fundamentals","Arrays, HTML, Error Handling, CSS",4,Instructor,"Introduction to Computing, PE 1: PATH FIT 1 - Movement Enhancement, PE 2: PATH FIT 2 - Fitness Exercises","Error Handling, Arrays, Input and Output Handling",5,0
"Computer Programming, IT Fundamentals, PE 2: PATH FIT 2 - Fitness Exercises","HTML, Arrays, Loops, CSS",3,Senior IT Student,"GE 104: Readings in Philippine History, NSTP 2: Civic Welfare Training Service, PE 1: PATH FIT 1 - Movement Enhancement",,5,0
IT Fundamentals,"HTML, Javascript",2,Senior IT Student,"GE 104: Readings in Philippine History, GE 108: Understanding the Self, Intro to Human Computer Interaction",UI/UX,4,0
"GE 105: Mathematics in the Modern World, NSTP 2: Civic Welfare Training Service",,4,Senior IT Student,"IT Fundamentals, NSTP 1: Civic Welfare Training Service","HTML, CSS, Javascript",4,0
NSTP 2: Civic Welfare Training Service,,4,Senior IT Student,"Introduction to Computing, Computer Programming, IT Fundamentals","Error Handling, CSS, Input and Output Handling, HTML, Arrays",4,0
"Computer Programming, Introduction to Computing","Error Handling, Loops, Input and Output Handling, Javascript, Arrays",3,Senior IT Student,"GE 104: Readings in Philippine History, GE 108: Understanding the Self, PE 1: PATH FIT 1 - Movement Enhancement",,3,0
"IT Fundamentals, Intro to Human Computer Interaction, PE 1: PATH FIT 1 - Movement Enhancement",UI/UX,4,Senior IT Student,"Computer Programming, GE 108: Understanding the Self, Introduction to Computing","Error Handling, Loops, Arrays, Input and Output Handling, Javascript",4,0
"Computer Programming, GE 104: Readings in Philippine History, GE 105: Mathematics in the Modern World, Introduction to Computing","Javascript, Loops",3,Senior IT Student,"Computer Programming, GE EL 108: Philippine Indigenous Communities, Intro to Human Computer Interaction","Javascript, Arrays, Loops, Error Handling, UI/UX",3,1
Computer Programming,"Error Handling, Loops, Arrays, Input and Output Handling",2,Senior IT Student,"IT Fundamentals, PE 2: PATH FIT 2 - Fitness Exercises","HTML, Javascript",5,0
PE 2: PATH FIT 2 - Fitness Exercises,,5,Senior IT Student,"IT Fundamentals, PE 1: PATH FIT 1 - Movement Enhancement","CSS, Javascript, HTML",4,0
"Computer Programming, GE EL 108: Philippine Indigenous Communities, Introduction to Computing","Javascript, Arrays, Input and Output Handling, Error Handling",4,Instructor,"Computer Programming, GE 108: Understanding the Self, GE EL 108: Philippine Indigenous Communities","Javascript, Arrays, Loops, Input and Output Handling, Error Handling",5,1
"Computer Programming, GE 105: Mathematics in the Modern World, IT Fundamentals","Javascript, HTML, Arrays, Input and Output Handling",3,Senior IT Student,"Computer Programming, GE 105: Mathematics in the Modern World, Introduction to Computing","Error Handling, Javascript, Arrays, Input and Output Handling",4,1
"Computer Programming, GE EL 108: Philippine Indigenous Communities, IT Fundamentals, Intro to Human Computer Interaction","Input and Output Handling, UI/UX",3,Senior IT Student,"Intro to Human Computer Interaction, NSTP 2: Civic Welfare Training Service",UI/UX,4,1
"Computer Programming, NSTP 1: Civic Welfare Training Service","Loops, Javascript, Error Handling",4,Senior IT Student,"GE 104: Readings in Philippine History, GE EL 108: Philippine Indigenous Communities, NSTP 2: Civic Welfare Training Service",,4,0
IT Fundamentals,"CSS, HTML",4,Senior IT Student,"GE 105: Mathematics in the Modern World, GE 108: Understanding the Self, IT Fundamentals","HTML, Javascript",5,1
"Computer Programming, GE 105: Mathematics in the Modern World, IT Fundamentals","Arrays, Input and Output Handling",2,Senior IT Student,"Computer Programming, Intro to Human Computer Interaction, PE 2: PATH FIT 2 - Fitness Exercises","Arrays, Error Handling, Input and Output Handling",3,1
"Computer Programming, IT Fundamentals, PE 1: PATH FIT 1 - Movement Enhancement","HTML, Loops, Javascript",3,Senior IT Student,"Intro to Human Computer Interaction, PE 2: PATH FIT 2 - Fitness Exercises",UI/UX,4,0
"Computer Programming, NSTP 2: Civic Welfare Training Service",Loops,3,Senior IT Student,NSTP 1: Civic Welfare Training Service,,3,0
"Computer Programming, IT Fundamentals, Introduction to Computing","Error Handling, Arrays, CSS, Loops",3,Senior IT Student,"Computer Programming, Intro to Human Computer Interaction, NSTP 2: Civic Welfare Training Service","Arrays, Error Handling, Loops, UI/UX",3,1
"Computer Programming, Intro to Human Computer Interaction, NSTP 2: Civic Welfare Training Service",Input and Output Handling,3,Senior IT Student,"Intro to Human Computer Interaction, Introduction to Computing, NSTP 2: Civic Welfare Training Service","Error Handling, UI/UX, Input and Output Handling",4,1
"IT Fundamentals, Intro to Human Computer Interaction, NSTP 1: Civic Welfare Training Service","HTML, Javascript",3,Instructor,"GE 108: Understanding the Self, IT Fundamentals, Intro to Human Computer Interaction","CSS, HTML",4,1
IT Fundamentals,"HTML, Javascript",3,Senior IT Student,"Computer Programming, Introduction to Computing, PE 1: PATH FIT 1 - Movement Enhancement, PE 2: PATH FIT 2 - Fitness Exercises","Loops, Error Handling, Arrays, Input and Output Handling, Javascript",3,0
GE 105: Mathematics in the Modern World,,3,Senior IT Student,"Introduction to Computing, NSTP 1: Civic Welfare Training Service","Input and Output Handling, Loops",4,0
"Computer Programming, IT Fundamentals, Intro to Human Computer Interaction, PE 1: PATH FIT 1 - Movement Enhancement, PE 2: PATH FIT 2 - Fitness Exercises","UI/UX, Error Handling",3,Instructor,"GE 108: Understanding the Self, IT Fundamentals, Introduction to Computing","Input and Output Handling, HTML, Arrays, Javascript",4,1
Computer Programming,"Error Handling, Loops, Javascript",3,Senior IT Student,"Intro to Human Computer Interaction, PE 1: PATH FIT 1 - Movement Enhancement, PE 2: PATH FIT 2 - Fitness Exercises",UI/UX,4,0
"Computer Programming, IT Fundamentals, Intro to Human Computer Interaction","Arrays, Input and Output Handling",4,Senior IT Student,"GE 108: Understanding the Self, GE EL 108: Philippine Indigenous Communities, IT Fundamentals, Introduction to Computing","Error Handling, Input and Output Handling, HTML",4,1
"IT Fundamentals, Introduction to Computing, NSTP 2: Civic Welfare Training Service","Javascript, Input and Output Handling",3,Senior IT Student,"GE 105: Mathematics in the Modern World, GE 108: Understanding the Self, IT Fundamentals","HTML, CSS",4,0
"Computer Programming, IT Fundamentals, NSTP 1: Civic Welfare Training Service","Arrays, Javascript, Input and Output Handling",5,Senior IT Student,"Introduction to Computing, NSTP 1: Civic Welfare Training Service","Error Handling, Input and Output Handling, Arrays",3,0
"Computer Programming, IT Fundamentals, Intro to Human Computer Interaction, NSTP 1: Civic Welfare Training Service","Error Handling, UI/UX, HTML, Loops",5,Instructor,"GE EL 108: Philippine Indigenous Communities, PE 1: PATH FIT 1 - Movement Enhancement, PE 2: PATH FIT 2 - Fitness Exercises",,4,0
"IT Fundamentals, Intro to Human Computer Interaction, PE 1: PATH FIT 1 - Movement Enhancement","UI/UX, CSS",5,Senior IT Student,"Intro to Human Computer Interaction, NSTP 1: Civic Welfare Training Service",UI/UX,4,0
IT Fundamentals,"Javascript, CSS",4,Instructor,Computer Programming,"Input and Output Handling, Javascript, Arrays",4,0
"Computer Programming, IT Fundamentals, Introduction to Computing, NSTP 1: Civic Welfare Training Service","Javascript, HTML",4,Instructor,"GE 108: Understanding the Self, IT Fundamentals","HTML, CSS, Javascript",4,1
"Computer Programming, IT Fundamentals","Input and Output Handling, Javascript",5,Senior IT Student,"GE 108: Understanding the Self, IT Fundamentals, Intro to Human Computer Interaction","Javascript, CSS, UI/UX, HTML",3,0
"Computer Programming, IT Fundamentals, Intro to Human Computer Interaction, PE 2: PATH FIT 2 - Fitness Exercises","UI/UX, HTML",2,Senior IT Student,"IT Fundamentals, Intro to Human Computer Interaction, Introduction to Computing, NSTP 2: Civic Welfare Training Service","Loops, Arrays, Error Handling, Input and Output Handling, CSS, Javascript",3,1
"PE 1: PATH FIT 1 - Movement Enhancement, PE 2: PATH FIT 2 - Fitness Exercises",,4,Senior IT Student,"Computer Programming, IT Fundamentals","Error Handling, HTML, Loops, Input and Output Handling, Arrays",4,0
"Computer Programming, GE 104: Readings in Philippine History, GE 105: Mathematics in the Modern World, IT Fundamentals",Arrays,5,Instructor,"Intro to Human Computer Interaction, IT Fundamentals","UI/UX, Javascript, CSS",4,0
Computer Programming,"Error Handling, Loops, Javascript, Input and Output Handling, Arrays",5,Instructor,Introduction to Computing,"Input and Output Handling, Loops, Arrays, Error Handling",4,1
"Computer Programming, Intro to Human Computer Interaction, NSTP 2: Civic Welfare Training Service","Javascript, Loops, Error Handling",4,Instructor,Computer Programming,"Input and Output Handling, Loops, Error Handling, Arrays, Javascript",5,1
"Computer Programming, Introduction to Computing, PE 1: PATH FIT 1 - Movement Enhancement, PE 2: PATH FIT 2 - Fitness Exercises","Input and Output Handling, Error Handling, Arrays",5,Senior IT Student,"GE 108: Understanding the Self, GE EL 108: Philippine Indigenous Communities, Intro to Human Computer Interaction, Introduction to Computing","UI/UX, Input and Output Handling, Arrays, Loops, Error Handling",4,1
IT Fundamentals,"CSS, HTML, Javascript",4,Senior IT Student,"GE 104: Readings in Philippine History, GE 105: Mathematics in the Modern World, IT Fundamentals, Introduction to Computing","Input and Output Handling, CSS, Error Handling",3,0
"Computer Programming, NSTP 2: Civic Welfare Training Service","Loops, Error Handling, Arrays, Input and Output Handling",3,Senior IT Student,Computer Programming,"Arrays, Javascript, Error Handling, Input and Output Handling",4,1
"Computer Programming, IT Fundamentals, Intro to Human Computer Interaction, NSTP 2: Civic Welfare Training Service","HTML, Javascript, Error Handling, CSS",3,Senior IT Student,"Introduction to Computing, Intro to Human Computer Interaction, IT Fundamentals","Loops, Input and Output Handling, UI/UX, Error Handling",4,1
"GE 104: Readings in Philippine History, GE 108: Understanding the Self, IT Fundamentals",HTML,2,Instructor,"GE 104: Readings in Philippine History, Intro to Human Computer Interaction",UI/UX,5,0
"Computer Programming, GE 108: Understanding the Self",Loops,2,Senior IT Student,"IT Fundamentals, NSTP 1: Civic Welfare Training Service","HTML, Javascript, CSS",4,0
"PE 1: PATH FIT 1 - Movement Enhancement, PE 2: PATH FIT 2 - Fitness Exercises",,5,Instructor,"IT Fundamentals, Intro to Human Computer Interaction, PE 1: PATH FIT 1 - Movement Enhancement, PE 2: PATH FIT 2 - Fitness Exercises","HTML, UI/UX",4,1
"Computer Programming, IT Fundamentals","CSS, Javascript, Arrays, Loops",4,Instructor,"Computer Programming, GE 108: Understanding the Self, IT Fundamentals","Arrays, Input and Output Handling, Loops",5,1
"PE 1: PATH FIT 1 - Movement Enhancement, PE 2: PATH FIT 2 - Fitness Exercises",,2,Senior IT Student,NSTP 2: Civic Welfare Training Service,,5,0
IT Fundamentals,"HTML, Javascript",2,Senior IT Student,"GE 105: Mathematics in the Modern World, GE 108: Understanding the Self, Introduction to Computing","Error Handling, Input and Output Handling, Loops, Arrays",3,0
"IT Fundamentals, NSTP 2: Civic Welfare Training Service","HTML, Javascript, CSS",4,Senior IT Student,Intro to Human Computer Interaction,UI/UX,4,0
IT Fundamentals,"CSS, Javascript",3,Senior IT Student,"Intro to Human Computer Interaction, Introduction to Computing, NSTP 1: Civic Welfare Training Service","Input and Output Handling, UI/UX, Arrays, Loops, Error Handling",3,0
"Computer Programming, NSTP 1: Civic Welfare Training Service","Input and Output Handling, Error Handling, Loops",4,Senior IT Student,NSTP 2: Civic Welfare Training Service,,5,0
"GE 104: Readings in Philippine History, GE 108: Understanding the Self, PE 2: PATH FIT 2 - Fitness Exercises",,3,Instructor,"Intro to Human Computer Interaction, Introduction to Computing, PE 1: PATH FIT 1 - Movement Enhancement, PE 2: PATH FIT 2 - Fitness Exercises","Error Handling, Input and Output Handling, UI/UX, Loops",5,1
NSTP 2: Civic Welfare Training Service,,5,Instructor,"Intro to Human Computer Interaction, Introduction to Computing, IT Fundamentals","UI/UX, CSS, Arrays, Error Handling",4,0
"PE 1: PATH FIT 1 - Movement Enhancement, PE 2: PATH FIT 2 - Fitness Exercises",,4,Senior IT Student,"IT Fundamentals, Introduction to Computing, PE 2: PATH FIT 2 - Fitness Exercises","CSS, Error Handling, Input and Output Handling, Loops",3,0
"GE 105: Mathematics in the Modern World, GE 108: Understanding the Self",,3,Senior IT Student,"Intro to Human Computer Interaction, Introduction to Computing, NSTP 2: Civic Welfare Training Service","Input and Output Handling, Loops, UI/UX",4,0
"Computer Programming, GE 105: Mathematics in the Modern World, GE EL 108: Philippine Indigenous Communities","Input and Output Handling, Arrays, Javascript, Loops",4,Instructor,"IT Fundamentals, Introduction to Computing, PE 2: PATH FIT 2 - Fitness Exercises","Input and Output Handling, HTML, Javascript, Arrays",5,1
"Computer Programming, IT Fundamentals, PE 2: PATH FIT 2 - Fitness Exercises","HTML, Input and Output Handling",5,Senior IT Student,"Intro to Human Computer Interaction, PE 2: PATH FIT 2 - Fitness Exercises",UI/UX,5,0
"PE 2: PATH FIT 2 - Fitness Exercises, PE 1: PATH FIT 1 - Movement Enhancement",,2,Instructor,"Computer Programming, Introduction to Computing, PE 1: PATH FIT 1 - Movement Enhancement, PE 2: PATH FIT 2 - Fitness Exercises","Loops, Error Handling, Input and Output Handling, Javascript",4,1
"Computer Programming, IT Fundamentals, Introduction to Computing, NSTP 2: Civic Welfare Training Service","Loops, HTML, Arrays, Javascript",4,Senior IT Student,"Introduction to Computing, IT Fundamentals, Computer Programming","Loops, CSS, Error Handling, Javascript, Input and Output Handling, HTML",4,1
"Computer Programming, GE 104: Readings in Philippine History, GE 108: Understanding the Self, Introduction to Computing",Loops,5,Senior IT Student,"Computer Programming, GE EL 108: Philippine Indigenous Communities, IT Fundamentals","Input and Output Handling, Loops, Arrays",3,0
"Computer Programming, NSTP 1: Civic Welfare Training Service",Arrays,2,Senior IT Student,NSTP 1: Civic Welfare Training Service,,3,1
"Computer Programming, IT Fundamentals, PE 1: PATH FIT 1 - Movement Enhancement, PE 2: PATH FIT 2 - Fitness Exercises","Error Handling, Loops, Javascript",3,Senior IT Student,"IT Fundamentals, Introduction to Computing, PE 1: PATH FIT 1 - Movement Enhancement, PE 2: PATH FIT 2 - Fitness Exercises","Loops, CSS",4,1
"IT Fundamentals, Introduction to Computing","Error Handling, Arrays",3,Senior IT Student,Intro to Human Computer Interaction,UI/UX,4,0
"Computer Programming, PE 1: PATH FIT 1 - Movement Enhancement, PE 2: PATH FIT 2 - Fitness Exercises","Input and Output Handling, Arrays, Error Handling, Loops",2,Senior IT Student,"Computer Programming, Intro to Human Computer Interaction, Introduction to Computing, NSTP 2: Civic Welfare Training Service","Arrays, Javascript, Error Handling, UI/UX",3,1
IT Fundamentals,"CSS, Javascript",2,Instructor,"Introduction to Computing, PE 1: PATH FIT 1 - Movement Enhancement, PE 2: PATH FIT 2 - Fitness Exercises","Arrays, Error Handling, Input and Output Handling, Loops",4,0
"Computer Programming, GE 108: Understanding the Self, IT Fundamentals","Input and Output Handling, Javascript, Loops",4,Senior IT Student,"Introduction to Computing, IT Fundamentals, Computer Programming","Arrays, Loops, Input and Output Handling, CSS",4,1
"Computer Programming, IT Fundamentals, Intro to Human Computer Interaction","Javascript, HTML",3,Senior IT Student,"Introduction to Computing, IT Fundamentals, Intro to Human Computer Interaction","Error Handling, Javascript, Arrays, CSS, Loops",5,1
NSTP 1: Civic Welfare Training Service,,5,Instructor,"Intro to Human Computer Interaction, Introduction to Computing, PE 1: PATH FIT 1 - Movement Enhancement, PE 2: PATH FIT 2 - Fitness Exercises","Arrays, UI/UX, Error Handling",4,0
"GE 104: Readings in Philippine History, GE 105: Mathematics in the Modern World, GE EL 108: Philippine Indigenous Communities",,4,Senior IT Student,"Computer Programming, Intro to Human Computer Interaction","Error Handling, Arrays, UI/UX, Input and Output Handling, Loops, Javascript",5,0
"Computer Programming, GE 104: Readings in Philippine History, Intro to Human Computer Interaction",Loops,5,Instructor,Intro to Human Computer Interaction,UI/UX,5,1
"Computer Programming, GE 108: Understanding the Self, IT Fundamentals","Arrays, Javascript, Loops",3,Senior IT Student,"IT Fundamentals, Introduction to Computing, Computer Programming","CSS, Arrays, Loops, HTML",3,1
"Computer Programming, GE 105: Mathematics in the Modern World, GE 108: Understanding the Self, Intro to Human Computer Interaction","Loops, UI/UX, Arrays, Error Handling",3,Senior IT Student,"Computer Programming, GE 108: Understanding the Self, Introduction to Computing","Javascript, Arrays, Input and Output Handling, Loops, Error Handling",4,1
"Computer Programming, IT Fundamentals","Error Handling, HTML",4,Senior IT Student,"GE 108: Understanding the Self, Intro to Human Computer Interaction, Introduction to Computing","Arrays, UI/UX, Error Handling, Input and Output Handling",3,0
"Computer Programming, IT Fundamentals, Intro to Human Computer Interaction, PE 2: PATH FIT 2 - Fitness Exercises",Input and Output Handling,3,Senior IT Student,Computer Programming,"Arrays, Input and Output Handling, Error Handling, Loops, Javascript",4,1
"IT Fundamentals, Intro to Human Computer Interaction","CSS, UI/UX, Javascript, HTML",2,Senior IT Student,"Computer Programming, IT Fundamentals, Introduction to Computing","Loops, Javascript, Input and Output Handling, Error Handling, Arrays, HTML",4,1
"Computer Programming, IT Fundamentals, Intro to Human Computer Interaction","Error Handling, Javascript",4,Senior IT Student,Introduction to Computing,"Input and Output Handling, Error Handling, Loops",3,0
"GE 108: Understanding the Self, IT Fundamentals, Introduction to Computing","Arrays, HTML, Javascript, CSS",5,Senior IT Student,"Computer Programming, Introduction to Computing, NSTP 1: Civic Welfare Training Service","Input and Output Handling, Error Handling, Arrays, Loops, Javascript",4,0
"GE 108: Understanding the Self, IT Fundamentals",CSS,4,Senior IT Student,"Introduction to Computing, Intro to Human Computer Interaction, Computer Programming","Input and Output Handling, UI/UX, Loops",3,0
"Computer Programming, GE 104: Readings in Philippine History, GE 105: Mathematics in the Modern World",Arrays,3,Instructor,NSTP 1: Civic Welfare Training Service,,4,0
"GE 104: Readings in Philippine History, NSTP 1: Civic Welfare Training Service",,4,Instructor,"Intro to Human Computer Interaction, Introduction to Computing, NSTP 1: Civic Welfare Training Service","Arrays, Error Handling, UI/UX, Input and Output Handling",4,0
IT Fundamentals,"Javascript, HTML",2,Senior IT Student,"Computer Programming, GE 104: Readings in Philippine History, IT Fundamentals, Introduction to Computing","Input and Output Handling, CSS, Error Handling, Loops, HTML, Javascript",3,1
"Computer Programming, IT Fundamentals, Introduction to Computing","Error Handling, Javascript",3,Senior IT Student,"Computer Programming, NSTP 2: Civic Welfare Training Service","Loops, Javascript, Arrays, Error Handling",3,1
"GE 104: Readings in Philippine History, GE EL 108: Philippine Indigenous Communities, IT Fundamentals","HTML, Javascript, CSS",5,Senior IT Student,"GE 105: Mathematics in the Modern World, GE EL 108: Philippine Indigenous Communities, IT Fundamentals, Introduction to Computing","Loops, CSS, Javascript, Arrays",3,1
"Computer Programming, GE 104: Readings in Philippine History, IT Fundamentals","CSS, Input and Output Handling, Arrays",4,Senior IT Student,"IT Fundamentals, NSTP 2: Civic Welfare Training Service","CSS, HTML, Javascript",3,0
"Computer Programming, IT Fundamentals, Intro to Human Computer Interaction","Error Handling, HTML",4,Senior IT Student,"Intro to Human Computer Interaction, Computer Programming","UI/UX, Input and Output Handling, Error Handling, Loops",4,1
"GE 108: Understanding the Self, GE EL 108: Philippine Indigenous Communities, IT Fundamentals, Intro to Human Computer Interaction","HTML, CSS",4,Instructor,"Computer Programming, GE 108: Understanding the Self, Introduction to Computing","Loops, Error Handling, Arrays",5,0
Computer Programming,"Input and Output Handling, Loops, Javascript",3,Instructor,"Computer Programming, IT Fundamentals, NSTP 1: Civic Welfare Training Service","HTML, Loops, CSS, Javascript, Error Handling",5,1
"GE 104: Readings in Philippine History, PE 2: PATH FIT 2 - Fitness Exercises",,5,Instructor,"Computer Programming, IT Fundamentals","Error Handling, Input and Output Handling, Arrays, Javascript, HTML, Loops",4,0
"IT Fundamentals, Intro to Human Computer Interaction","HTML, UI/UX, CSS, Javascript",3,Senior IT Student,"IT Fundamentals, Computer Programming","Loops, CSS, Arrays",3,1
"Computer Programming, Intro to Human Computer Interaction, NSTP 1: Civic Welfare Training Service",UI/UX,3,Senior IT Student,"Intro to Human Computer Interaction, IT Fundamentals","HTML, UI/UX, Javascript, CSS",3,1
GE 104: Readings in Philippine History,,2,Instructor,"Intro to Human Computer Interaction, Introduction to Computing, NSTP 2: Civic Welfare Training Service","Input and Output Handling, Error Handling",4,0
GE EL 108: Philippine Indigenous Communities,,4,Instructor,"GE 105: Mathematics in the Modern World, GE EL 108: Philippine Indigenous Communities, Intro to Human Computer Interaction, Introduction to Computing","UI/UX, Input and Output Handling, Arrays, Loops",4,0
"Computer Programming, GE 108: Understanding the Self, GE EL 108: Philippine Indigenous Communities","Arrays, Input and Output Handling, Javascript",4,Instructor,"IT Fundamentals, Introduction to Computing, PE 1: PATH FIT 1 - Movement Enhancement","Error Handling, Loops, Arrays, Javascript, CSS",4,0
"GE 108: Understanding the Self, PE 1: PATH FIT 1 - Movement Enhancement, PE 2: PATH FIT 2 - Fitness Exercises",,3,Senior IT Student,NSTP 2: Civic Welfare Training Service,,5,0
"GE 105: Mathematics in the Modern World, IT Fundamentals","Javascript, HTML, CSS",4,Instructor,NSTP 1: Civic Welfare Training Service,,5,0
"IT Fundamentals, Intro to Human Computer Interaction, NSTP 1: Civic Welfare Training Service","HTML, CSS, Javascript, UI/UX",3,Instructor,"GE EL 108: Philippine Indigenous Communities, Introduction to Computing","Error Handling, Input and Output Handling, Loops, Arrays",5,0
"IT Fundamentals, NSTP 2: Civic Welfare Training Service","CSS, HTML",3,Instructor,"GE 104: Readings in Philippine History, GE 105: Mathematics in the Modern World, IT Fundamentals, Introduction to Computing","HTML, Javascript, Error Handling, CSS, Arrays",4,1
"Computer Programming, GE 105: Mathematics in the Modern World, GE EL 108: Philippine Indigenous Communities, IT Fundamentals",HTML,4,Senior IT Student,"GE 105: Mathematics in the Modern World, IT Fundamentals, Introduction to Computing","Javascript, Loops, Error Handling",3,0
"Computer Programming, GE 108: Understanding the Self, GE EL 108: Philippine Indigenous Communities","Arrays, Input and Output Handling",5,Instructor,"Intro to Human Computer Interaction, NSTP 2: Civic Welfare Training Service",UI/UX,5,0
"GE 105: Mathematics in the Modern World, PE 1: PATH FIT 1 - Movement Enhancement, PE 2: PATH FIT 2 - Fitness Exercises",,3,Senior IT Student,PE 1: PATH FIT 1 - Movement Enhancement,,4,0
"Computer Programming, PE 1: PATH FIT 1 - Movement Enhancement, PE 2: PATH FIT 2 - Fitness Exercises","Error Handling, Javascript, Arrays, Loops",3,Instructor,"IT Fundamentals, Intro to Human Computer Interaction, NSTP 2: Civic Welfare Training Service","UI/UX, CSS, Javascript, HTML",4,0
"GE 108: Understanding the Self, GE EL 108: Philippine Indigenous Communities, IT Fundamentals",CSS,4,Senior IT Student,"Computer Programming, Introduction to Computing","Error Handling, Javascript, Loops",4,0
"Computer Programming, IT Fundamentals, Intro to Human Computer Interaction, PE 1: PATH FIT 1 - Movement Enhancement",Arrays,5,Senior IT Student,"Computer Programming, GE 104: Readings in Philippine History, GE 108: Understanding the Self, Introduction to Computing","Input and Output Handling, Javascript, Arrays, Loops",4,0
"Computer Programming, GE 108: Understanding the Self","Input and Output Handling, Error Handling",2,Senior IT Student,"Computer Programming, GE EL 108: Philippine Indigenous Communities","Error Handling, Arrays, Javascript, Loops",4,1
"GE 104: Readings in Philippine History, GE EL 108: Philippine Indigenous Communities",,3,Senior IT Student,"IT Fundamentals, Introduction to Computing, Intro to Human Computer Interaction","Error Handling, Loops, Arrays",3,0
"IT Fundamentals, NSTP 1: Civic Welfare Training Service","CSS, Javascript, HTML",2,Senior IT Student,"GE 108: Understanding the Self, IT Fundamentals, Introduction to Computing","Loops, Input and Output Handling, CSS",4,1
"Computer Programming, IT Fundamentals","Loops, CSS, Arrays, Input and Output Handling, Javascript",3,Instructor,NSTP 1: Civic Welfare Training Service,,5,0
"Computer Programming, IT Fundamentals, Intro to Human Computer Interaction","Input and Output Handling, Arrays, Loops, UI/UX",4,Senior IT Student,"Introduction to Computing, IT Fundamentals, Computer Programming","CSS, Loops, Input and Output Handling, Arrays, HTML, Javascript",4,1
"Computer Programming, IT Fundamentals, Introduction to Computing, PE 1: PATH FIT 1 - Movement Enhancement",Loops,3,Senior IT Student,"IT Fundamentals, Intro to Human Computer Interaction","CSS, Javascript, UI/UX, HTML",3,0
"GE 105: Mathematics in the Modern World, GE 108: Understanding the Self, IT Fundamentals","CSS, Javascript, HTML",4,Instructor,"Intro to Human Computer Interaction, NSTP 1: Civic Welfare Training Service",UI/UX,4,0
"Computer Programming, PE 2: PATH FIT 2 - Fitness Exercises","Loops, Input and Output Handling, Arrays, Error Handling",3,Senior IT Student,"IT Fundamentals, Intro to Human Computer Interaction, PE 1: PATH FIT 1 - Movement Enhancement","HTML, Javascript",4,0
"Computer Programming, GE 108: Understanding the Self, IT Fundamentals, Intro to Human Computer Interaction","HTML, Input and Output Handling, Loops",2,Senior IT Student,"GE 108: Understanding the Self, GE EL 108: Philippine Indigenous Communities, Introduction to Computing","Error Handling, Input and Output Handling, Arrays",3,1
"GE 105: Mathematics in the Modern World, GE EL 108: Philippine Indigenous Communities, IT Fundamentals","CSS, HTML, Javascript",3,Senior IT Student,"Computer Programming, GE 108: Understanding the Self, GE EL 108: Philippine Indigenous Communities","Error Handling, Input and Output Handling",3,1
"Computer Programming, NSTP 1: Civic Welfare Training Service",Arrays,5,Senior IT Student,"GE 105: Mathematics in the Modern World, IT Fundamentals","CSS, HTML",3,0
"IT Fundamentals, Intro to Human Computer Interaction, PE 1: PATH FIT 1 - Movement Enhancement, PE 2: PATH FIT 2 - Fitness Exercises","Javascript, CSS",4,Instructor,"Computer Programming, GE 104: Readings in Philippine History","Error Handling, Loops, Arrays, Javascript",4,0
"GE 105: Mathematics in the Modern World, GE EL 108: Philippine Indigenous Communities, NSTP 2: Civic Welfare Training Service",,2,Senior IT Student,GE 108: Understanding the Self,,5,0
"Computer Programming, GE 104: Readings in Philippine History, GE 108: Understanding the Self, Intro to Human Computer Interaction",Loops,3,Senior IT Student,"IT Fundamentals, Introduction to Computing","Input and Output Handling, Loops, Javascript, HTML, Error Handling, Arrays",4,0
"IT Fundamentals, Introduction to Computing, PE 1: PATH FIT 1 - Movement Enhancement, PE 2: PATH FIT 2 - Fitness Exercises","CSS, Loops",4,Senior IT Student,"Intro to Human Computer Interaction, IT Fundamentals, Introduction to Computing","HTML, Error Handling, Javascript, UI/UX",4,1
"Computer Programming, Introduction to Computing, PE 2: PATH FIT 2 - Fitness Exercises",Input and Output Handling,4,Senior IT Student,"Computer Programming, IT Fundamentals, NSTP 1: Civic Welfare Training Service","Input and Output Handling, Arrays, CSS",5,1
"IT Fundamentals, PE 1: PATH FIT 1 - Movement Enhancement, PE 2: PATH FIT 2 - Fitness Exercises","Javascript, HTML, CSS",4,Instructor,"GE EL 108: Philippine Indigenous Communities, Intro to Human Computer Interaction, Introduction to Computing","Input and Output Handling, Error Handling",4,0
"IT Fundamentals, Intro to Human Computer Interaction, NSTP 2: Civic Welfare Training Service","Javascript, CSS, HTML, UI/UX",3,Instructor,"Introduction to Computing, NSTP 1: Civic Welfare Training Service","Loops, Arrays",4,0
"PE 2: PATH FIT 2 - Fitness Exercises, PE 1: PATH FIT 1 - Movement Enhancement",,4,Senior IT Student,"Computer Programming, IT Fundamentals","Input and Output Handling, Javascript, Loops, Error Handling, HTML",4,0
"Computer Programming, GE 104: Readings in Philippine History, GE EL 108: Philippine Indigenous Communities, IT Fundamentals, Introduction to Computing","Javascript, HTML, Loops",4,Senior IT Student,"Computer Programming, IT Fundamentals, PE 2: PATH FIT 2 - Fitness Exercises","HTML, Loops, Error Handling, Javascript, CSS",3,1
"GE 104: Readings in Philippine History, GE 108: Understanding the Self, IT Fundamentals, Intro to Human Computer Interaction","Javascript, HTML, CSS, UI/UX",4,Senior IT Student,"Computer Programming, NSTP 2: Civic Welfare Training Service","Arrays, Javascript, Loops",3,0
"GE EL 108: Philippine Indigenous Communities, NSTP 1: Civic Welfare Training Service",,5,Senior IT Student,"Computer Programming, IT Fundamentals, NSTP 2: Civic Welfare Training Service","Arrays, HTML",5,0
"Computer Programming, IT Fundamentals, PE 2: PATH FIT 2 - Fitness Exercises","Input and Output Handling, Javascript, Error Handling",4,Senior IT Student,"GE EL 108: Philippine Indigenous Communities, IT Fundamentals, Introduction to Computing","Loops, CSS, Arrays",3,0
IT Fundamentals,"CSS, HTML",2,Instructor,"IT Fundamentals, Intro to Human Computer Interaction, NSTP 1: Civic Welfare Training Service","Javascript, CSS, UI/UX, HTML",5,1
"GE EL 108: Philippine Indigenous Communities, GE 105: Mathematics in the Modern World",,5,Senior IT Student,"Computer Programming, NSTP 2: Civic Welfare Training Service","Javascript, Loops, Arrays, Input and Output Handling",4,0
"IT Fundamentals, Intro to Human Computer Interaction, NSTP 2: Civic Welfare Training Service","HTML, Javascript, UI/UX",4,Senior IT Student,"Computer Programming, IT Fundamentals, NSTP 2: Civic Welfare Training Service","CSS, Input and Output Handling, Javascript",3,1
"GE EL 108: Philippine Indigenous Communities, IT Fundamentals","Javascript, CSS, HTML",4,Senior IT Student,"Computer Programming, GE 104: Readings in Philippine History, GE EL 108: Philippine Indigenous Communities, Introduction to Computing","Loops, Error Handling, Input and Output Handling, Javascript",4,1
"Computer Programming, PE 1: PATH FIT 1 - Movement Enhancement, PE 2: PATH FIT 2 - Fitness Exercises","Loops, Input and Output Handling, Arrays, Javascript",3,Senior IT Student,Computer Programming,"Arrays, Input and Output Handling, Error Handling",4,1
"IT Fundamentals, Introduction to Computing, PE 1: PATH FIT 1 - Movement Enhancement, PE 2: PATH FIT 2 - Fitness Exercises","Javascript, Error Handling",4,Senior IT Student,"Computer Programming, GE 108: Understanding the Self, GE EL 108: Philippine Indigenous Communities, Intro to Human Computer Interaction","Javascript, Input and Output Handling, UI/UX, Loops, Arrays",5,0
"PE 2: PATH FIT 2 - Fitness Exercises, PE 1: PATH FIT 1 - Movement Enhancement",,5,Instructor,"IT Fundamentals, Intro to Human Computer Interaction, NSTP 2: Civic Welfare Training Service","HTML, Javascript, CSS, UI/UX",4,0
"Computer Programming, GE 104: Readings in Philippine History, IT Fundamentals","Error Handling, Arrays, Input and Output Handling",2,Senior IT Student,"Intro to Human Computer Interaction, IT Fundamentals, Computer Programming","Error Handling, Loops, Input and Output Handling, HTML, CSS, UI/UX",5,1
IT Fundamentals,"CSS, Javascript, HTML",2,Senior IT Student,"Computer Programming, GE 108: Understanding the Self, Intro to Human Computer Interaction","Error Handling, Arrays, UI/UX",4,0
"Computer Programming, GE 105: Mathematics in the Modern World, GE EL 108: Philippine Indigenous Communities, IT Fundamentals",Error Handling,5,Instructor,GE 105: Mathematics in the Modern World,,4,0
GE EL 108: Philippine Indigenous Communities,,3,Senior IT Student,"GE 104: Readings in Philippine History, Intro to Human Computer Interaction",UI/UX,3,0
IT Fundamentals,"CSS, HTML",2,Instructor,"Intro to Human Computer Interaction, Introduction to Computing, NSTP 2: Civic Welfare Training Service","Arrays, Loops, Error Handling, Input and Output Handling, UI/UX",4,0
Computer Programming,"Input and Output Handling, Error Handling, Loops",4,Senior IT Student,"Introduction to Computing, PE 1: PATH FIT 1 - Movement Enhancement, PE 2: PATH FIT 2 - Fitness Exercises","Error Handling, Input and Output Handling",4,1
"Computer Programming, NSTP 1: Civic Welfare Training Service",Loops,5,Senior IT Student,PE 2: PATH FIT 2 - Fitness Exercises,,3,0
GE 105: Mathematics in the Modern World,,4,Instructor,"IT Fundamentals, Introduction to Computing, PE 1: PATH FIT 1 - Movement Enhancement, PE 2: PATH FIT 2 - Fitness Exercises","Arrays, Javascript, CSS, Loops",5,0
"IT Fundamentals, Introduction to Computing","HTML, CSS, Arrays, Loops",3,Senior IT Student,"Computer Programming, Introduction to Computing, PE 1: PATH FIT 1 - Movement Enhancement","Error Handling, Input and Output Handling, Arrays, Loops",4,1
"Computer Programming, Introduction to Computing","Input and Output Handling, Arrays, Error Handling, Javascript",3,Senior IT Student,"Computer Programming, Intro to Human Computer Interaction, NSTP 2: Civic Welfare Training Service","Error Handling, Arrays, Javascript, Loops, Input and Output Handling, UI/UX",3,1
"IT Fundamentals, Intro to Human Computer Interaction","HTML, Javascript, CSS, UI/UX",2,Senior IT Student,"Intro to Human Computer Interaction, IT Fundamentals, Computer Programming","Input and Output Handling, Error Handling, Arrays",3,1
"Computer Programming, IT Fundamentals, PE 1: PATH FIT 1 - Movement Enhancement, PE 2: PATH FIT 2 - Fitness Exercises","Arrays, Javascript, HTML",2,Senior IT Student,"Introduction to Computing, IT Fundamentals, Computer Programming","Javascript, HTML, Arrays, Error Handling, Input and Output Handling",3,1
PE 2: PATH FIT 2 - Fitness Exercises,,2,Instructor,"Computer Programming, GE 105: Mathematics in the Modern World, Intro to Human Computer Interaction","Arrays, Error Handling, Input and Output Handling, UI/UX, Javascript",5,0
"GE 104: Readings in Philippine History, GE 105: Mathematics in the Modern World",,4,Senior IT Student,"Intro to Human Computer Interaction, NSTP 2: Civic Welfare Training Service",UI/UX,5,0
"Computer Programming, IT Fundamentals, PE 1: PATH FIT 1 - Movement Enhancement, PE 2: PATH FIT 2 - Fitness Exercises",Error Handling,3,Instructor,"Computer Programming, Introduction to Computing","Error Handling, Loops, Input and Output Handling, Javascript",4,1
"GE 108: Understanding the Self, NSTP 1: Civic Welfare Training Service",,4,Senior IT Student,"Computer Programming, GE 104: Readings in Philippine History, GE 108: Understanding the Self, Intro to Human Computer Interaction","Arrays, Error Handling, UI/UX, Javascript, Input and Output Handling",4,0
"Computer Programming, Introduction to Computing","Arrays, Input and Output Handling, Javascript, Loops, Error Handling",4,Instructor,"Computer Programming, GE 108: Understanding the Self, GE EL 108: Philippine Indigenous Communities, Introduction to Computing","Error Handling, Javascript, Loops, Input and Output Handling, Arrays",4,1
IT Fundamentals,"Javascript, HTML, CSS",5,Instructor,"GE 105: Mathematics in the Modern World, GE EL 108: Philippine Indigenous Communities, Introduction to Computing","Error Handling, Loops, Input and Output Handling, Arrays",5,0
NSTP 2: Civic Welfare Training Service,,4,Senior IT Student,"Computer Programming, PE 1: PATH FIT 1 - Movement Enhancement, PE 2: PATH FIT 2 - Fitness Exercises","Loops, Error Handling, Arrays, Javascript",5,0
"GE 105: Mathematics in the Modern World, GE 108: Understanding the Self, IT Fundamentals",HTML,2,Instructor,"Intro to Human Computer Interaction, Introduction to Computing","Loops, Error Handling, Arrays, Input and Output Handling",5,0
"GE 105: Mathematics in the Modern World, GE EL 108: Philippine Indigenous Communities, IT Fundamentals",HTML,4,Senior IT Student,"NSTP 2: Civic Welfare Training Service, PE 1: PATH FIT 1 - Movement Enhancement, PE 2: PATH FIT 2 - Fitness Exercises",,5,0
"PE 1: PATH FIT 1 - Movement Enhancement, PE 2: PATH FIT 2 - Fitness Exercises",,4,Senior IT Student,"GE 105: Mathematics in the Modern World, GE 108: Understanding the Self, Intro to Human Computer Interaction, Introduction to Computing","Error Handling, Input and Output Handling, UI/UX",4,0
Computer Programming,"Arrays, Javascript",4,Instructor,"Introduction to Computing, NSTP 1: Civic Welfare Training Service","Arrays, Loops",4,0
GE 108: Understanding the Self,,3,Instructor,"GE 104: Readings in Philippine History, GE 108: Understanding the Self, IT Fundamentals, Introduction to Computing","Input and Output Handling, CSS, HTML, Arrays",5,1
"GE EL 108: Philippine Indigenous Communities, GE 108: Understanding the Self",,2,Senior IT Student,NSTP 1: Civic Welfare Training Service,,4,0
"GE 108: Understanding the Self, IT Fundamentals","Javascript, HTML, CSS",3,Instructor,Computer Programming,"Error Handling, Input and Output Handling, Arrays, Loops",5,0
"GE 104: Readings in Philippine History, IT Fundamentals","HTML, Javascript",2,Senior IT Student,"IT Fundamentals, NSTP 1: Civic Welfare Training Service","Javascript, CSS",5,1
"Computer Programming, IT Fundamentals, Introduction to Computing","CSS, Error Handling, Loops, Arrays",4,Senior IT Student,"Computer Programming, GE 104: Readings in Philippine History, IT Fundamentals","Javascript, CSS, HTML",3,1
GE 104: Readings in Philippine History,,3,Senior IT Student,Introduction to Computing,"Arrays, Input and Output Handling, Loops",4,0
"Computer Programming, IT Fundamentals, NSTP 1: Civic Welfare Training Service","Error Handling, CSS, Loops",4,Instructor,"IT Fundamentals, NSTP 2: Civic Welfare Training Service","HTML, Javascript, CSS",5,1
"Computer Programming, IT Fundamentals, Intro to Human Computer Interaction","Input and Output Handling, Loops, HTML, Javascript, CSS",4,Senior IT Student,"Computer Programming, Intro to Human Computer Interaction, PE 1: PATH FIT 1 - Movement Enhancement, PE 2: PATH FIT 2 - Fitness Exercises","Loops, Error Handling, Javascript",3,1
"Computer Programming, IT Fundamentals, NSTP 2: Civic Welfare Training Service",HTML,2,Senior IT Student,"Computer Programming, Introduction to Computing, NSTP 1: Civic Welfare Training Service","Arrays, Javascript, Input and Output Handling",3,1
"Computer Programming, GE EL 108: Philippine Indigenous Communities","Error Handling, Input and Output Handling",4,Instructor,"GE 108: Understanding the Self, GE EL 108: Philippine Indigenous Communities, PE 2: PATH FIT 2 - Fitness Exercises",,4,0
"GE 104: Readings in Philippine History, GE EL 108: Philippine Indigenous Communities, PE 1: PATH FIT 1 - Movement Enhancement",,4,Senior IT Student,"Computer Programming, IT Fundamentals","HTML, Arrays, Loops, Input and Output Handling",5,0
"IT Fundamentals, Intro to Human Computer Interaction, NSTP 2: Civic Welfare Training Service","Javascript, CSS",3,Senior IT Student,"IT Fundamentals, Intro to Human Computer Interaction, PE 1: PATH FIT 1 - Movement Enhancement, PE 2: PATH FIT 2 - Fitness Exercises","UI/UX, HTML, CSS",4,1
"Computer Programming, NSTP 1: Civic Welfare Training Service","Input and Output Handling, Arrays",5,Senior IT Student,"Intro to Human Computer Interaction, Computer Programming, IT Fundamentals","UI/UX, Error Handling, CSS, Input and Output Handling, Loops",4,0
IT Fundamentals,"HTML, CSS",3,Instructor,"Intro to Human Computer Interaction, PE 1: PATH FIT 1 - Movement Enhancement",UI/UX,4,0
"Computer Programming, GE 104: Readings in Philippine History, GE 108: Understanding the Self","Input and Output Handling, Arrays, Loops, Javascript",3,Instructor,Computer Programming,"Input and Output Handling, Loops, Javascript, Arrays, Error Handling",5,1
"IT Fundamentals, Introduction to Computing, PE 1: PATH FIT 1 - Movement Enhancement, PE 2: PATH FIT 2 - Fitness Exercises","Error Handling, Arrays, HTML, Javascript",3,Senior IT Student,"GE EL 108: Philippine Indigenous Communities, Introduction to Computing","Loops, Error Handling, Input and Output Handling",3,1
NSTP 1: Civic Welfare Training Service,,5,Senior IT Student,NSTP 2: Civic Welfare Training Service,,4,0
"Computer Programming, IT Fundamentals","Arrays, Error Handling, Javascript",4,Instructor,"GE 105: Mathematics in the Modern World, GE EL 108: Philippine Indigenous Communities, Intro to Human Computer Interaction",UI/UX,5,0
"IT Fundamentals, Introduction to Computing, NSTP 2: Civic Welfare Training Service","Loops, Arrays",4,Senior IT Student,"Introduction to Computing, PE 1: PATH FIT 1 - Movement Enhancement","Arrays, Loops",3,0
"Computer Programming, GE 104: Readings in Philippine History, GE 105: Mathematics in the Modern World","Javascript, Input and Output Handling",3,Senior IT Student,"GE EL 108: Philippine Indigenous Communities, Introduction to Computing","Error Handling, Arrays",3,0
GE 105: Mathematics in the Modern World,,3,Senior IT Student,"Computer Programming, IT Fundamentals, PE 1: PATH FIT 1 - Movement Enhancement, PE 2: PATH FIT 2 - Fitness Exercises","Loops, HTML, Input and Output Handling",4,0
NSTP 2: Civic Welfare Training Service,,2,Senior IT Student,PE 2: PATH FIT 2 - Fitness Exercises,,3,0
"IT Fundamentals, Introduction to Computing, NSTP 2: Civic Welfare Training Service",Loops,5,Senior IT Student,"IT Fundamentals, Introduction to Computing, NSTP 2: Civic Welfare Training Service","Error Handling, CSS, Input and Output Handling, Loops, Arrays",4,1
"IT Fundamentals, Introduction to Computing, NSTP 2: Civic Welfare Training Service","Javascript, CSS",2,Senior IT Student,"Computer Programming, GE 108: Understanding the Self, Introduction to Computing","Javascript, Error Handling, Input and Output Handling, Loops",4,1
Computer Programming,"Javascript, Arrays",2,Instructor,"PE 1: PATH FIT 1 - Movement Enhancement, PE 2: PATH FIT 2 - Fitness Exercises",,4,0
"Computer Programming, Intro to Human Computer Interaction","Loops, Javascript, Arrays, UI/UX, Input and Output Handling",5,Senior IT Student,"GE 108: Understanding the Self, GE EL 108: Philippine Indigenous Communities, IT Fundamentals, Intro to Human Computer Interaction","UI/UX, CSS, Javascript, HTML",4,0
"Computer Programming, GE EL 108: Philippine Indigenous Communities","Loops, Javascript, Error Handling, Arrays, Input and Output Handling",4,Senior IT Student,Computer Programming,"Arrays, Error Handling, Input and Output Handling",4,1
"IT Fundamentals, Intro to Human Computer Interaction","UI/UX, CSS",2,Senior IT Student,"Computer Programming, Introduction to Computing, IT Fundamentals","Error Handling, Input and Output Handling, Arrays, HTML, Loops, Javascript",3,0
"Computer Programming, IT Fundamentals","Loops, Arrays, Javascript, HTML",5,Senior IT Student,"Computer Programming, NSTP 2: Civic Welfare Training Service","Error Handling, Input and Output Handling, Arrays, Javascript",4,1
"Computer Programming, Intro to Human Computer Interaction","Arrays, Javascript, Loops, Error Handling, UI/UX",3,Senior IT Student,Computer Programming,"Input and Output Handling, Arrays, Error Handling",4,1
"Computer Programming, IT Fundamentals","Javascript, HTML",5,Senior IT Student,PE 2: PATH FIT 2 - Fitness Exercises,,4,0
"Computer Programming, Introduction to Computing","Loops, Javascript, Input and Output Handling, Arrays",2,Senior IT Student,GE EL 108: Philippine Indigenous Communities,,3,0
"IT Fundamentals, Intro to Human Computer Interaction","CSS, Javascript, UI/UX",5,Senior IT Student,"Intro to Human Computer Interaction, Computer Programming, IT Fundamentals","Javascript, CSS, Input and Output Handling, UI/UX, Error Handling, HTML",3,1
"PE 1: PATH FIT 1 - Movement Enhancement, PE 2: PATH FIT 2 - Fitness Exercises",,4,Instructor,Introduction to Computing,"Arrays, Loops, Error Handling, Input and Output Handling",4,0
"Computer Programming, IT Fundamentals","Error Handling, Javascript, HTML",3,Senior IT Student,"Intro to Human Computer Interaction, PE 1: PATH FIT 1 - Movement Enhancement, PE 2: PATH FIT 2 - Fitness Exercises",UI/UX,4,0
"Computer Programming, IT Fundamentals, Introduction to Computing, PE 1: PATH FIT 1 - Movement Enhancement, PE 2: PATH FIT 2 - Fitness Exercises","Loops, HTML, Arrays, CSS",4,Senior IT Student,"Computer Programming, Intro to Human Computer Interaction","Javascript, Arrays, Loops",4,1
"Computer Programming, NSTP 2: Civic Welfare Training Service",Error Handling,2,Senior IT Student,PE 1: PATH FIT 1 - Movement Enhancement,,5,0
"IT Fundamentals, Introduction to Computing, PE 1: PATH FIT 1 - Movement Enhancement, PE 2: PATH FIT 2 - Fitness Exercises","HTML, Error Handling, CSS",3,Senior IT Student,PE 1: PATH FIT 1 - Movement Enhancement,,5,1
IT Fundamentals,"Javascript, HTML, CSS",4,Senior IT Student,"Computer Programming, GE EL 108: Philippine Indigenous Communities, IT Fundamentals","CSS, Error Handling",4,1
"Computer Programming, GE 104: Readings in Philippine History, GE 105: Mathematics in the Modern World, IT Fundamentals, Introduction to Computing","Error Handling, Loops, HTML",4,Instructor,"IT Fundamentals, Computer Programming, Introduction to Computing","CSS, Error Handling, Arrays",5,1
"Computer Programming, IT Fundamentals, Introduction to Computing, NSTP 2: Civic Welfare Training Service",Loops,5,Senior IT Student,"GE 108: Understanding the Self, GE EL 108: Philippine Indigenous Communities, Intro to Human Computer Interaction",UI/UX,4,0
"Computer Programming, Intro to Human Computer Interaction, NSTP 2: Civic Welfare Training Service",Loops,3,Senior IT Student,"Computer Programming, Intro to Human Computer Interaction","Javascript, Error Handling, UI/UX, Input and Output Handling, Loops",5,1
"Computer Programming, IT Fundamentals, PE 2: PATH FIT 2 - Fitness Exercises",Arrays,2,Senior IT Student,"Computer Programming, GE 105: Mathematics in the Modern World, Intro to Human Computer Interaction","Javascript, Input and Output Handling, Loops, Arrays",3,1
"NSTP 1: Civic Welfare Training Service, PE 2: PATH FIT 2 - Fitness Exercises",,4,Instructor,"GE 108: Understanding the Self, GE 104: Readings in Philippine History",,5,0
"Computer Programming, IT Fundamentals","Input and Output Handling, Loops, HTML, Arrays",4,Senior IT Student,"GE 108: Understanding the Self, Introduction to Computing","Loops, Error Handling, Input and Output Handling",4,0
Computer Programming,"Loops, Arrays, Javascript, Error Handling, Input and Output Handling",4,Senior IT Student,"Computer Programming, Introduction to Computing, PE 1: PATH FIT 1 - Movement Enhancement, PE 2: PATH FIT 2 - Fitness Exercises","Javascript, Loops, Error Handling",4,1
"IT Fundamentals, PE 1: PATH FIT 1 - Movement Enhancement, PE 2: PATH FIT 2 - Fitness Exercises","Javascript, CSS",4,Senior IT Student,"IT Fundamentals, Intro to Human Computer Interaction, NSTP 1: Civic Welfare Training Service","UI/UX, Javascript, HTML",3,0
GE 105: Mathematics in the Modern World,,4,Senior IT Student,"GE 105: Mathematics in the Modern World, IT Fundamentals, Introduction to Computing","HTML, Javascript",4,0
PE 2: PATH FIT 2 - Fitness Exercises,,4,Instructor,"IT Fundamentals, Intro to Human Computer Interaction, NSTP 2: Civic Welfare Training Service","CSS, Javascript, HTML",5,0
"IT Fundamentals, Introduction to Computing, PE 1: PATH FIT 1 - Movement Enhancement",Error Handling,3,Senior IT Student,"Intro to Human Computer Interaction, Computer Programming, Introduction to Computing","Arrays, UI/UX, Javascript",3,0
"Computer Programming, GE 108: Understanding the Self, GE EL 108: Philippine Indigenous Communities","Error Handling, Loops, Arrays, Input and Output Handling",2,Senior IT Student,NSTP 2: Civic Welfare Training Service,,3,0
"GE 104: Readings in Philippine History, IT Fundamentals","HTML, CSS",3,Senior IT Student,"Computer Programming, IT Fundamentals, NSTP 1: Civic Welfare Training Service","Loops, CSS",4,1
NSTP 2: Civic Welfare Training Service,,3,Senior IT Student,"Intro to Human Computer Interaction, PE 1: PATH FIT 1 - Movement Enhancement, PE 2: PATH FIT 2 - Fitness Exercises",UI/UX,3,0
"Computer Programming, IT Fundamentals, Introduction to Computing, PE 1: PATH FIT 1 - Movement Enhancement, PE 2: PATH FIT 2 - Fitness Exercises","Error Handling, Javascript",3,Senior IT Student,"IT Fundamentals, Computer Programming, Intro to Human Computer Interaction","Loops, Javascript, Error Handling, UI/UX, Input and Output Handling, HTML",4,1
"Computer Programming, GE 108: Understanding the Self, GE EL 108: Philippine Indigenous Communities, IT Fundamentals, Introduction to Computing",Input and Output Handling,4,Senior IT Student,"IT Fundamentals, Intro to Human Computer Interaction","UI/UX, Javascript, HTML",4,1
"Computer Programming, IT Fundamentals, NSTP 2: Civic Welfare Training Service","Loops, Error Handling, CSS, Arrays",4,Instructor,"GE 104: Readings in Philippine History, GE 108: Understanding the Self, NSTP 1: Civic Welfare Training Service",,4,0
"Computer Programming, IT Fundamentals","Javascript, Input and Output Handling, Error Handling",4,Senior IT Student,"Introduction to Computing, Intro to Human Computer Interaction, IT Fundamentals","Loops, Arrays, Error Handling",3,0
"GE 105: Mathematics in the Modern World, GE 108: Understanding the Self, IT Fundamentals, Intro to Human Computer Interaction",CSS,3,Senior IT Student,"GE 108: Understanding the Self, Introduction to Computing","Error Handling, Arrays, Input and Output Handling",5,1
"Computer Programming, GE 108: Understanding the Self",Error Handling,5,Senior IT Student,"Introduction to Computing, NSTP 2: Civic Welfare Training Service","Input and Output Handling, Error Handling, Loops",3,0
"Computer Programming, IT Fundamentals","Javascript, Error Handling, Input and Output Handling",5,Senior IT Student,"GE 104: Readings in Philippine History, GE EL 108: Philippine Indigenous Communities",,3,0
"Computer Programming, GE 105: Mathematics in the Modern World, GE 108: Understanding the Self, IT Fundamentals",Javascript,3,Instructor,"GE 104: Readings in Philippine History, Introduction to Computing","Arrays, Error Handling, Input and Output Handling, Loops",4,0
GE 104: Readings in Philippine History,,4,Instructor,IT Fundamentals,"HTML, CSS, Javascript",4,0
"Computer Programming, PE 2: PATH FIT 2 - Fitness Exercises","Loops, Arrays, Javascript, Input and Output Handling",4,Senior IT Student,"Computer Programming, GE 104: Readings in Philippine History, GE EL 108: Philippine Indigenous Communities, IT Fundamentals, Intro to Human Computer Interaction","Arrays, Error Handling, UI/UX",4,1
"Computer Programming, IT Fundamentals, Intro to Human Computer Interaction, NSTP 2: Civic Welfare Training Service",UI/UX,4,Senior IT Student,"GE 108: Understanding the Self, IT Fundamentals, Introduction to Computing","HTML, Javascript, Error Handling, Arrays, Input and Output Handling",5,1
Computer Programming,"Loops, Javascript, Input and Output Handling",4,Senior IT Student,"Intro to Human Computer Interaction, NSTP 1: Civic Welfare Training Service",UI/UX,3,0
"IT Fundamentals, Intro to Human Computer Interaction, NSTP 2: Civic Welfare Training Service",HTML,2,Senior IT Student,"GE EL 108: Philippine Indigenous Communities, GE 105: Mathematics in the Modern World",,3,0
"Computer Programming, GE 104: Readings in Philippine History, Intro to Human Computer Interaction",Input and Output Handling,3,Senior IT Student,"GE 104: Readings in Philippine History, GE 108: Understanding the Self, Intro to Human Computer Interaction",UI/UX,5,1
IT Fundamentals,"Javascript, HTML, CSS",3,Senior IT Student,"GE 108: Understanding the Self, Intro to Human Computer Interaction, Introduction to Computing","Input and Output Handling, Arrays, UI/UX",4,0
"Computer Programming, GE 105: Mathematics in the Modern World, GE 108: Understanding the Self, IT Fundamentals, Introduction to Computing","Input and Output Handling, HTML",3,Instructor,Intro to Human Computer Interaction,UI/UX,4,0
NSTP 1: Civic Welfare Training Service,,5,Senior IT Student,"Computer Programming, NSTP 2: Civic Welfare Training Service","Arrays, Javascript, Input and Output Handling, Error Handling, Loops",5,0
"Computer Programming, IT Fundamentals, PE 1: PATH FIT 1 - Movement Enhancement","HTML, Javascript, CSS, Input and Output Handling",3,Instructor,"Intro to Human Computer Interaction, IT Fundamentals, Computer Programming","Javascript, Arrays, Error Handling, Loops, HTML",4,1
"Computer Programming, IT Fundamentals, Intro to Human Computer Interaction, NSTP 2: Civic Welfare Training Service","UI/UX, HTML, CSS",5,Instructor,"Computer Programming, Intro to Human Computer Interaction","UI/UX, Error Handling, Loops, Javascript",5,1
"GE 104: Readings in Philippine History, GE 105: Mathematics in the Modern World, IT Fundamentals","Javascript, CSS",5,Instructor,"Intro to Human Computer Interaction, PE 1: PATH FIT 1 - Movement Enhancement, PE 2: PATH FIT 2 - Fitness Exercises",UI/UX,5,0
"Computer Programming, GE 104: Readings in Philippine History, GE 108: Understanding the Self, IT Fundamentals","Arrays, Error Handling",5,Instructor,"GE EL 108: Philippine Indigenous Communities, Intro to Human Computer Interaction, Introduction to Computing","UI/UX, Input and Output Handling",4,0
"GE 104: Readings in Philippine History, GE 108: Understanding the Self, GE EL 108: Philippine Indigenous Communities",,5,Senior IT Student,Intro to Human Computer Interaction,UI/UX,3,0
"GE 104: Readings in Philippine History, IT Fundamentals, Intro to Human Computer Interaction","CSS, HTML",3,Senior IT Student,"IT Fundamentals, Computer Programming","Javascript, Error Handling, Input and Output Handling, Arrays, HTML",3,1
"Computer Programming, IT Fundamentals","Javascript, Input and Output Handling, Error Handling, CSS",2,Senior IT Student,"Computer Programming, PE 2: PATH FIT 2 - Fitness Exercises","Error Handling, Input and Output Handling",3,1
Computer Programming,"Arrays, Input and Output Handling, Loops",3,Senior IT Student,"GE 104: Readings in Philippine History, GE EL 108: Philippine Indigenous Communities, IT Fundamentals, Introduction to Computing","HTML, CSS, Arrays, Input and Output Handling, Javascript",4,0
IT Fundamentals,"HTML, Javascript",4,Instructor,"Computer Programming, IT Fundamentals, Introduction to Computing, NSTP 2: Civic Welfare Training Service","HTML, CSS, Loops, Error Handling, Input and Output Handling, Arrays",4,1
"GE EL 108: Philippine Indigenous Communities, GE 104: Readings in Philippine History",,4,Instructor,"GE 104: Readings in Philippine History, GE 108: Understanding the Self, GE EL 108: Philippine Indigenous Communities, PE 2: PATH FIT 2 - Fitness Exercises",,4,1
"Computer Programming, NSTP 1: Civic Welfare Training Service","Loops, Arrays, Input and Output Handling, Error Handling",5,Senior IT Student,Computer Programming,"Javascript, Error Handling, Input and Output Handling",5,1
"GE 105: Mathematics in the Modern World, GE 108: Understanding the Self",,4,Senior IT Student,"IT Fundamentals, Computer Programming, Introduction to Computing","Javascript, Loops, Input and Output Handling, Error Handling, CSS",5,0
"Computer Programming, GE 108: Understanding the Self","Loops, Error Handling",4,Instructor,"GE 104: Readings in Philippine History, GE EL 108: Philippine Indigenous Communities, IT Fundamentals, Intro to Human Computer Interaction","UI/UX, CSS, HTML",5,0
"GE 108: Understanding the Self, GE EL 108: Philippine Indigenous Communities, IT Fundamentals","CSS, HTML",4,Senior IT Student,"IT Fundamentals, Intro to Human Computer Interaction, PE 1: PATH FIT 1 - Movement Enhancement, PE 2: PATH FIT 2 - Fitness Exercises","Javascript, CSS",4,1
"Computer Programming, Intro to Human Computer Interaction","Javascript, Input and Output Handling, Loops",4,Instructor,"Introduction to Computing, PE 2: PATH FIT 2 - Fitness Exercises","Arrays, Loops, Error Handling",4,0
"Computer Programming, IT Fundamentals, Intro to Human Computer Interaction, NSTP 1: Civic Welfare Training Service","Loops, HTML",5,Senior IT Student,"IT Fundamentals, Intro to Human Computer Interaction, NSTP 1: Civic Welfare Training Service","Javascript, HTML, CSS",3,1
"GE EL 108: Philippine Indigenous Communities, IT Fundamentals","HTML, CSS, Javascript",5,Senior IT Student,NSTP 2: Civic Welfare Training Service,,3,0
NSTP 1: Civic Welfare Training Service,,3,Senior IT Student,"GE 105: Mathematics in the Modern World, GE EL 108: Philippine Indigenous Communities",,3,0
"Computer Programming, IT Fundamentals, PE 1: PATH FIT 1 - Movement Enhancement","Arrays, CSS, Error Handling, Input and Output Handling, HTML",5,Senior IT Student,"GE 105: Mathematics in the Modern World, GE 108: Understanding the Self",,3,0
"Computer Programming, PE 1: PATH FIT 1 - Movement Enhancement, PE 2: PATH FIT 2 - Fitness Exercises","Input and Output Handling, Loops, Javascript, Error Handling",3,Instructor,"IT Fundamentals, Introduction to Computing, PE 2: PATH FIT 2 - Fitness Exercises","Arrays, Input and Output Handling, Loops",5,1
"GE 108: Understanding the Self, GE EL 108: Philippine Indigenous Communities, NSTP 2: Civic Welfare Training Service",,2,Instructor,"Intro to Human Computer Interaction, PE 2: PATH FIT 2 - Fitness Exercises",UI/UX,5,0
NSTP 1: Civic Welfare Training Service,,3,Instructor,"IT Fundamentals, Intro to Human Computer Interaction","Javascript, UI/UX, CSS, HTML",5,0
"Computer Programming, GE EL 108: Philippine Indigenous Communities, IT Fundamentals","Input and Output Handling, CSS, HTML, Arrays",4,Senior IT Student,"GE EL 108: Philippine Indigenous Communities, Introduction to Computing","Error Handling, Input and Output Handling",5,1
"Computer Programming, NSTP 2: Civic Welfare Training Service","Error Handling, Input and Output Handling, Javascript, Arrays",3,Senior IT Student,"GE 105: Mathematics in the Modern World, NSTP 1: Civic Welfare Training Service, NSTP 2: Civic Welfare Training Service",,4,1
"Computer Programming, GE 108: Understanding the Self, GE EL 108: Philippine Indigenous Communities, Introduction to Computing","Javascript, Error Handling, Input and Output Handling",3,Instructor,GE 105: Mathematics in the Modern World,,4,0
"GE 105: Mathematics in the Modern World, GE EL 108: Philippine Indigenous Communities, NSTP 2: Civic Welfare Training Service",,2,Senior IT Student,"Computer Programming, Introduction to Computing","Error Handling, Loops, Arrays, Javascript",4,0
"GE 105: Mathematics in the Modern World, GE EL 108: Philippine Indigenous Communities",,4,Senior IT Student,"GE 105: Mathematics in the Modern World, GE EL 108: Philippine Indigenous Communities, Intro to Human Computer Interaction, Introduction to Computing","Input and Output Handling, Loops, UI/UX, Error Handling",4,1
"Computer Programming, NSTP 2: Civic Welfare Training Service",Input and Output Handling,4,Senior IT Student,"Computer Programming, IT Fundamentals","Error Handling, Loops, Javascript, Arrays, CSS",3,0
"GE 105: Mathematics in the Modern World, GE 108: Understanding the Self, IT Fundamentals",CSS,4,Senior IT Student,"Introduction to Computing, PE 2: PATH FIT 2 - Fitness Exercises","Error Handling, Loops",5,0
GE 108: Understanding the Self,,3,Senior IT Student,"Computer Programming, GE 104: Readings in Philippine History, GE EL 108: Philippine Indigenous Communities, Introduction to Computing","Arrays, Error Handling, Input and Output Handling, Javascript, Loops",4,0
"Computer Programming, GE 104: Readings in Philippine History, IT Fundamentals",Error Handling,4,Senior IT Student,"Computer Programming, GE 104: Readings in Philippine History, GE EL 108: Philippine Indigenous Communities, Introduction to Computing","Javascript, Error Handling, Loops, Arrays",4,1
"Computer Programming, GE 104: Readings in Philippine History, IT Fundamentals, Introduction to Computing","Error Handling, Javascript, Arrays, Input and Output Handling",4,Senior IT Student,"IT Fundamentals, Computer Programming, Intro to Human Computer Interaction","UI/UX, HTML, Javascript, CSS, Error Handling",3,1
Computer Programming,"Arrays, Loops, Javascript, Input and Output Handling, Error Handling",3,Instructor,"Computer Programming, IT Fundamentals, PE 1: PATH FIT 1 - Movement Enhancement, PE 2: PATH FIT 2 - Fitness Exercises","Javascript, HTML, Input and Output Handling, Loops, Error Handling",4,1
"Computer Programming, GE EL 108: Philippine Indigenous Communities, Intro to Human Computer Interaction","Arrays, UI/UX, Error Handling, Javascript",5,Instructor,"IT Fundamentals, Intro to Human Computer Interaction, NSTP 1: Civic Welfare Training Service","UI/UX, HTML, Javascript",4,1
"Computer Programming, GE 105: Mathematics in the Modern World, GE 108: Understanding the Self, IT Fundamentals, Intro to Human Computer Interaction",Input and Output Handling,4,Senior IT Student,Introduction to Computing,"Arrays, Loops, Error Handling, Input and Output Handling",3,0
"IT Fundamentals, NSTP 2: Civic Welfare Training Service","Javascript, HTML",3,Senior IT Student,PE 2: PATH FIT 2 - Fitness Exercises,,4,0
"IT Fundamentals, NSTP 2: Civic Welfare Training Service","HTML, CSS, Javascript",4,Instructor,"GE 104: Readings in Philippine History, IT Fundamentals, Intro to Human Computer Interaction","HTML, Javascript, UI/UX, CSS",5,1
IT Fundamentals,"CSS, Javascript, HTML",4,Senior IT Student,"GE 104: Readings in Philippine History, IT Fundamentals","Javascript, HTML, CSS",3,1
"Computer Programming, Introduction to Computing","Javascript, Arrays, Loops, Error Handling, Input and Output Handling",4,Instructor,"Computer Programming, Introduction to Computing, NSTP 2: Civic Welfare Training Service","Error Handling, Arrays, Javascript, Loops, Input and Output Handling",4,1
"IT Fundamentals, Intro to Human Computer Interaction","UI/UX, Javascript, CSS",3,Senior IT Student,"GE 105: Mathematics in the Modern World, GE EL 108: Philippine Indigenous Communities, IT Fundamentals, Introduction to Computing","Input and Output Handling, Error Handling, Arrays",3,1
"IT Fundamentals, PE 1: PATH FIT 1 - Movement Enhancement, PE 2: PATH FIT 2 - Fitness Exercises","CSS, HTML, Javascript",3,Senior IT Student,"Computer Programming, Introduction to Computing, PE 1: PATH FIT 1 - Movement Enhancement","Input and Output Handling, Arrays, Error Handling, Javascript, Loops",4,1
"IT Fundamentals, Introduction to Computing","Error Handling, Input and Output Handling",3,Senior IT Student,"Computer Programming, IT Fundamentals, Introduction to Computing, NSTP 2: Civic Welfare Training Service","Loops, HTML, Input and Output Handling",3,1
"Computer Programming, GE 104: Readings in Philippine History, Intro to Human Computer Interaction","Loops, Input and Output Handling, Arrays, Javascript",3,Instructor,GE EL 108: Philippine Indigenous Communities,,4,0
"Computer Programming, Intro to Human Computer Interaction, NSTP 1: Civic Welfare Training Service","UI/UX, Loops",3,Senior IT Student,Computer Programming,"Loops, Input and Output Handling, Error Handling",3,1
"Computer Programming, IT Fundamentals, Intro to Human Computer Interaction","CSS, Javascript, Error Handling, Arrays, Loops",4,Instructor,"Computer Programming, PE 1: PATH FIT 1 - Movement Enhancement","Arrays, Loops, Javascript, Input and Output Handling, Error Handling",5,1
NSTP 1: Civic Welfare Training Service,,5,Instructor,"Introduction to Computing, NSTP 1: Civic Welfare Training Service","Loops, Arrays, Error Handling",5,1
"Computer Programming, Intro to Human Computer Interaction, PE 1: PATH FIT 1 - Movement Enhancement, PE 2: PATH FIT 2 - Fitness Exercises","UI/UX, Arrays, Error Handling",2,Senior IT Student,NSTP 1: Civic Welfare Training Service,,4,0
"Computer Programming, PE 2: PATH FIT 2 - Fitness Exercises","Javascript, Input and Output Handling, Loops, Arrays",4,Instructor,"GE EL 108: Philippine Indigenous Communities, NSTP 2: Civic Welfare Training Service, PE 2: PATH FIT 2 - Fitness Exercises",,4,0
"Computer Programming, IT Fundamentals, PE 1: PATH FIT 1 - Movement Enhancement","Arrays, Loops, Error Handling, CSS",2,Instructor,"IT Fundamentals, PE 1: PATH FIT 1 - Movement Enhancement, PE 2: PATH FIT 2 - Fitness Exercises","HTML, Javascript, CSS",5,1
"GE 105: Mathematics in the Modern World, GE EL 108: Philippine Indigenous Communities",,4,Senior IT Student,"Introduction to Computing, Computer Programming, IT Fundamentals","Arrays, Error Handling, CSS",4,0
"GE 108: Understanding the Self, GE 104: Readings in Philippine History",,4,Senior IT Student,"GE 105: Mathematics in the Modern World, GE EL 108: Philippine Indigenous Communities, IT Fundamentals","CSS, Javascript, HTML",5,0
"NSTP 1: Civic Welfare Training Service, NSTP 2: Civic Welfare Training Service",,5,Senior IT Student,Introduction to Computing,"Error Handling, Arrays, Input and Output Handling",4,0
"PE 2: PATH FIT 2 - Fitness Exercises, PE 1: PATH FIT 1 - Movement Enhancement",,4,Instructor,"Introduction to Computing, Computer Programming, IT Fundamentals","Input and Output Handling, HTML, Loops",5,0
IT Fundamentals,"HTML, CSS, Javascript",4,Senior IT Student,"Computer Programming, Introduction to Computing, NSTP 1: Civic Welfare Training Service","Error Handling, Javascript, Arrays, Input and Output Handling, Loops",4,0
"GE EL 108: Philippine Indigenous Communities, GE 108: Understanding the Self",,3,Instructor,"Intro to Human Computer Interaction, PE 2: PATH FIT 2 - Fitness Exercises",UI/UX,4,0
"Computer Programming, GE EL 108: Philippine Indigenous Communities, Introduction to Computing","Input and Output Handling, Javascript, Loops",3,Senior IT Student,"Intro to Human Computer Interaction, Introduction to Computing, NSTP 1: Civic Welfare Training Service","Input and Output Handling, UI/UX, Arrays, Error Handling, Loops",4,1
"GE 105: Mathematics in the Modern World, GE 108: Understanding the Self, IT Fundamentals",HTML,2,Senior IT Student,"Computer Programming, Introduction to Computing, NSTP 1: Civic Welfare Training Service","Javascript, Error Handling, Loops, Arrays, Input and Output Handling",4,0
"IT Fundamentals, Intro to Human Computer Interaction, NSTP 2: Civic Welfare Training Service","HTML, Javascript, UI/UX, CSS",2,Senior IT Student,"Intro to Human Computer Interaction, NSTP 1: Civic Welfare Training Service",UI/UX,3,1
"IT Fundamentals, PE 2: PATH FIT 2 - Fitness Exercises","Javascript, CSS, HTML",3,Instructor,"Computer Programming, Intro to Human Computer Interaction, NSTP 2: Civic Welfare Training Service","UI/UX, Javascript, Input and Output Handling, Error Handling",4,0
"PE 2: PATH FIT 2 - Fitness Exercises, PE 1: PATH FIT 1 - Movement Enhancement",,3,Instructor,"Intro to Human Computer Interaction, IT Fundamentals, Introduction to Computing","Error Handling, CSS, HTML, Arrays",4,0
"GE EL 108: Philippine Indigenous Communities, PE 2: PATH FIT 2 - Fitness Exercises",,3,Instructor,"Introduction to Computing, PE 1: PATH FIT 1 - Movement Enhancement, PE 2: PATH FIT 2 - Fitness Exercises","Arrays, Input and Output Handling, Error Handling, Loops",4,0
"Computer Programming, IT Fundamentals","Arrays, HTML, Loops, CSS, Javascript",4,Senior IT Student,"IT Fundamentals, Computer Programming, Intro to Human Computer Interaction","Javascript, Error Handling, Loops, CSS, Input and Output Handling",4,1
IT Fundamentals,"Javascript, HTML",2,Senior IT Student,"Intro to Human Computer Interaction, Introduction to Computing, NSTP 1: Civic Welfare Training Service","Loops, Arrays",3,0
"IT Fundamentals, NSTP 1: Civic Welfare Training Service","HTML, CSS, Javascript",2,Senior IT Student,"GE 108: Understanding the Self, Intro to Human Computer Interaction, Introduction to Computing","UI/UX, Input and Output Handling, Arrays",4,0
"GE 104: Readings in Philippine History, GE 105: Mathematics in the Modern World, IT Fundamentals","Javascript, CSS, HTML",2,Senior IT Student,"GE 104: Readings in Philippine History, PE 2: PATH FIT 2 - Fitness Exercises",,3,1
"Computer Programming, GE 105: Mathematics in the Modern World","Error Handling, Arrays, Javascript, Loops",3,Instructor,"IT Fundamentals, NSTP 2: Civic Welfare Training Service","Javascript, HTML, CSS",4,0
"PE 1: PATH FIT 1 - Movement Enhancement, PE 2: PATH FIT 2 - Fitness Exercises",,3,Instructor,"Intro to Human Computer Interaction, IT Fundamentals, Introduction to Computing","CSS, UI/UX, Javascript, Input and Output Handling",4,0
"Computer Programming, IT Fundamentals","CSS, Error Handling, Loops, HTML, Javascript",2,Instructor,"GE 105: Mathematics in the Modern World, IT Fundamentals, Introduction to Computing","Arrays, Javascript, Input and Output Handling, HTML, Loops",4,1
"IT Fundamentals, Introduction to Computing","Error Handling, CSS, Input and Output Handling, HTML",3,Senior IT Student,"Computer Programming, IT Fundamentals, Introduction to Computing, NSTP 2: Civic Welfare Training Service","Input and Output Handling, Error Handling, Loops, Javascript",3,1
"Computer Programming, PE 1: PATH FIT 1 - Movement Enhancement, PE 2: PATH FIT 2 - Fitness Exercises","Input and Output Handling, Arrays",4,Senior IT Student,IT Fundamentals,"CSS, HTML, Javascript",4,0
PE 1: PATH FIT 1 - Movement Enhancement,,3,Instructor,"IT Fundamentals, Intro to Human Computer Interaction, PE 1: PATH FIT 1 - Movement Enhancement","UI/UX, HTML, Javascript",5,0
"Computer Programming, IT Fundamentals","Error Handling, Loops, HTML",4,Senior IT Student,"Computer Programming, GE 105: Mathematics in the Modern World","Arrays, Input and Output Handling",3,0
"Computer Programming, IT Fundamentals, Introduction to Computing","HTML, Arrays, Javascript",4,Senior IT Student,"Computer Programming, Intro to Human Computer Interaction","Javascript, Arrays, Input and Output Handling, Loops, UI/UX, Error Handling",3,1
"GE 105: Mathematics in the Modern World, GE EL 108: Philippine Indigenous Communities, IT Fundamentals",Javascript,5,Senior IT Student,"IT Fundamentals, Introduction to Computing, Intro to Human Computer Interaction","CSS, Javascript, Arrays, Loops",3,0
"IT Fundamentals, Introduction to Computing, NSTP 1: Civic Welfare Training Service","Loops, Error Handling, Javascript, CSS",3,Senior IT Student,"Computer Programming, GE 105: Mathematics in the Modern World, GE EL 108: Philippine Indigenous Communities","Loops, Arrays, Input and Output Handling",4,0
NSTP 2: Civic Welfare Training Service,,3,Senior IT Student,"GE 104: Readings in Philippine History, GE 105: Mathematics in the Modern World, Introduction to Computing","Error Handling, Input and Output Handling, Arrays, Loops",4,0
IT Fundamentals,"HTML, Javascript, CSS",5,Instructor,"Introduction to Computing, NSTP 2: Civic Welfare Training Service","Error Handling, Loops",4,0
"IT Fundamentals, Intro to Human Computer Interaction","Javascript, UI/UX, CSS, HTML",2,Senior IT Student,"IT Fundamentals, Introduction to Computing","CSS, HTML, Arrays, Input and Output Handling, Javascript",4,1
NSTP 1: Civic Welfare Training Service,,5,Senior IT Student,"Intro to Human Computer Interaction, NSTP 1: Civic Welfare Training Service",UI/UX,4,0
"Computer Programming, GE 108: Understanding the Self, Intro to Human Computer Interaction","UI/UX, Error Handling, Arrays, Javascript",4,Senior IT Student,"GE 105: Mathematics in the Modern World, GE EL 108: Philippine Indigenous Communities",,3,0
PE 2: PATH FIT 2 - Fitness Exercises,,5,Senior IT Student,"Computer Programming, IT Fundamentals, NSTP 2: Civic Welfare Training Service","Error Handling, Input and Output Handling",4,0
"Computer Programming, IT Fundamentals, NSTP 2: Civic Welfare Training Service","Input and Output Handling, Error Handling, Loops",5,Senior IT Student,"Computer Programming, IT Fundamentals, PE 1: PATH FIT 1 - Movement Enhancement, PE 2: PATH FIT 2 - Fitness Exercises","Error Handling, CSS, Input and Output Handling, Arrays",5,1
IT Fundamentals,"CSS, Javascript",3,Senior IT Student,"GE 105: Mathematics in the Modern World, IT Fundamentals, Intro to Human Computer Interaction","Javascript, HTML",3,1
"Computer Programming, IT Fundamentals, Introduction to Computing","Input and Output Handling, CSS, Javascript",4,Senior IT Student,"Introduction to Computing, PE 1: PATH FIT 1 - Movement Enhancement, PE 2: PATH FIT 2 - Fitness Exercises","Error Handling, Arrays",3,0
"GE 105: Mathematics in the Modern World, GE EL 108: Philippine Indigenous Communities",,3,Senior IT Student,"Computer Programming, IT Fundamentals, Intro to Human Computer Interaction","Input and Output Handling, Arrays, UI/UX, CSS",3,0
"GE 108: Understanding the Self, IT Fundamentals",CSS,2,Senior IT Student,Introduction to Computing,"Error Handling, Arrays, Input and Output Handling, Loops",5,0
"Computer Programming, IT Fundamentals, NSTP 1: Civic Welfare Training Service",Arrays,3,Instructor,"Computer Programming, GE 104: Readings in Philippine History, GE 108: Understanding the Self, IT Fundamentals","Javascript, Input and Output Handling",4,1
"IT Fundamentals, Introduction to Computing","Error Handling, Loops, Arrays",4,Senior IT Student,"Computer Programming, GE 104: Readings in Philippine History, GE EL 108: Philippine Indigenous Communities, Intro to Human Computer Interaction, Introduction to Computing","UI/UX, Loops, Input and Output Handling, Arrays",4,1
"Computer Programming, GE EL 108: Philippine Indigenous Communities, IT Fundamentals, Introduction to Computing","Loops, CSS, Arrays",4,Instructor,"Computer Programming, GE 105: Mathematics in the Modern World, IT Fundamentals","Error Handling, CSS",5,1
"Computer Programming, Introduction to Computing","Arrays, Loops",4,Instructor,"Introduction to Computing, PE 1: PATH FIT 1 - Movement Enhancement, PE 2: PATH FIT 2 - Fitness Exercises","Input and Output Handling, Loops, Arrays",4,1
"Computer Programming, Introduction to Computing, PE 1: PATH FIT 1 - Movement Enhancement","Loops, Arrays",3,Senior IT Student,"Computer Programming, IT Fundamentals, Intro to Human Computer Interaction, PE 1: PATH FIT 1 - Movement Enhancement","HTML, Javascript, Error Handling, CSS, Arrays",3,1
"Computer Programming, GE 108: Understanding the Self, GE EL 108: Philippine Indigenous Communities, IT Fundamentals","Loops, Arrays, HTML",3,Instructor,"Computer Programming, GE 108: Understanding the Self, GE EL 108: Philippine Indigenous Communities, IT Fundamentals","Input and Output Handling, CSS",5,1
"Computer Programming, GE EL 108: Philippine Indigenous Communities, IT Fundamentals","Javascript, Input and Output Handling, HTML, CSS",4,Senior IT Student,"Computer Programming, IT Fundamentals, NSTP 1: Civic Welfare Training Service","CSS, Loops, Error Handling, Input and Output Handling, HTML",4,1
"Computer Programming, GE 104: Readings in Philippine History, GE 108: Understanding the Self, IT Fundamentals","HTML, Javascript",5,Senior IT Student,"NSTP 1: Civic Welfare Training Service, NSTP 2: Civic Welfare Training Service",,4,0
Computer Programming,"Error Handling, Input and Output Handling",4,Instructor,"GE EL 108: Philippine Indigenous Communities, GE 105: Mathematics in the Modern World",,5,0
"PE 1: PATH FIT 1 - Movement Enhancement, PE 2: PATH FIT 2 - Fitness Exercises",,2,Senior IT Student,"GE 105: Mathematics in the Modern World, GE 108: Understanding the Self",,4,0
"PE 2: PATH FIT 2 - Fitness Exercises, PE 1: PATH FIT 1 - Movement Enhancement",,2,Senior IT Student,"Intro to Human Computer Interaction, IT Fundamentals","UI/UX, HTML, CSS",3,0
"Computer Programming, GE 105: Mathematics in the Modern World, GE 108: Understanding the Self, IT Fundamentals, Introduction to Computing",Javascript,3,Senior IT Student,"Computer Programming, Intro to Human Computer Interaction, NSTP 2: Civic Welfare Training Service","Input and Output Handling, Loops",3,1
"Computer Programming, Introduction to Computing, NSTP 2: Civic Welfare Training Service",Input and Output Handling,4,Senior IT Student,"Computer Programming, GE 108: Understanding the Self, Introduction to Computing","Loops, Input and Output Handling",4,1
"Computer Programming, Introduction to Computing","Javascript, Error Handling",4,Senior IT Student,Intro to Human Computer Interaction,UI/UX,4,0
"NSTP 1: Civic Welfare Training Service, PE 1: PATH FIT 1 - Movement Enhancement, PE 2: PATH FIT 2 - Fitness Exercises",,5,Senior IT Student,"GE 105: Mathematics in the Modern World, GE 108: Understanding the Self, Intro to Human Computer Interaction, Introduction to Computing","Loops, Input and Output Handling, Arrays, Error Handling",4,0
"Computer Programming, IT Fundamentals, Intro to Human Computer Interaction","HTML, Input and Output Handling, CSS",5,Senior IT Student,"IT Fundamentals, PE 1: PATH FIT 1 - Movement Enhancement","HTML, Javascript, CSS",4,0
"Computer Programming, GE 104: Readings in Philippine History, GE 105: Mathematics in the Modern World, IT Fundamentals, Intro to Human Computer Interaction","Arrays, Javascript, Loops, CSS",4,Senior IT Student,"Computer Programming, IT Fundamentals, NSTP 2: Civic Welfare Training Service","Loops, Arrays, CSS, Error Handling",5,1
"GE 105: Mathematics in the Modern World, NSTP 2: Civic Welfare Training Service",,3,Senior IT Student,"Computer Programming, GE 104: Readings in Philippine History, GE 108: Understanding the Self","Input and Output Handling, Loops, Javascript, Error Handling",4,0
"GE 104: Readings in Philippine History, GE 108: Understanding the Self, IT Fundamentals, Intro to Human Computer Interaction","Javascript, UI/UX",4,Senior IT Student,"GE 105: Mathematics in the Modern World, NSTP 1: Civic Welfare Training Service",,4,0
IT Fundamentals,"Javascript, HTML",4,Senior IT Student,"Introduction to Computing, Computer Programming, Intro to Human Computer Interaction","Error Handling, Javascript, Input and Output Handling, Arrays",4,0
"Computer Programming, GE 104: Readings in Philippine History, IT Fundamentals",Loops,3,Instructor,"IT Fundamentals, Intro to Human Computer Interaction, PE 2: PATH FIT 2 - Fitness Exercises","CSS, Javascript, HTML, UI/UX",4,1
"GE 104: Readings in Philippine History, GE 105: Mathematics in the Modern World, IT Fundamentals, Intro to Human Computer Interaction","UI/UX, HTML, Javascript",5,Senior IT Student,"Introduction to Computing, PE 1: PATH FIT 1 - Movement Enhancement","Loops, Arrays",5,0
"PE 1: PATH FIT 1 - Movement Enhancement, PE 2: PATH FIT 2 - Fitness Exercises",,3,Senior IT Student,"GE EL 108: Philippine Indigenous Communities, IT Fundamentals, Introduction to Computing","Input and Output Handling, Loops, Arrays, CSS",3,0
IT Fundamentals,"HTML, Javascript",3,Senior IT Student,"IT Fundamentals, Intro to Human Computer Interaction, PE 1: PATH FIT 1 - Movement Enhancement","Javascript, CSS, UI/UX, HTML",3,1
"GE 104: Readings in Philippine History, GE 105: Mathematics in the Modern World",,2,Instructor,"Introduction to Computing, Intro to Human Computer Interaction","Arrays, UI/UX, Input and Output Handling, Loops, Error Handling",5,0
"IT Fundamentals, Introduction to Computing, NSTP 1: Civic Welfare Training Service","Error Handling, Arrays",3,Senior IT Student,"GE 104: Readings in Philippine History, GE 105: Mathematics in the Modern World, Intro to Human Computer Interaction, Introduction to Computing","Loops, Arrays, Input and Output Handling, Error Handling, UI/UX",3,1
"Computer Programming, IT Fundamentals","Javascript, HTML",4,Senior IT Student,"Computer Programming, GE 105: Mathematics in the Modern World, Introduction to Computing","Arrays, Input and Output Handling, Javascript, Error Handling, Loops",3,0
"Computer Programming, IT Fundamentals, Introduction to Computing, NSTP 2: Civic Welfare Training Service","Javascript, Loops, Arrays, Input and Output Handling",4,Senior IT Student,"Computer Programming, Introduction to Computing, PE 1: PATH FIT 1 - Movement Enhancement, PE 2: PATH FIT 2 - Fitness Exercises","Javascript, Arrays, Loops, Input and Output Handling",3,1
"GE 104: Readings in Philippine History, GE 108: Understanding the Self, IT Fundamentals","Javascript, CSS, HTML",2,Instructor,"GE 108: Understanding the Self, Intro to Human Computer Interaction, Introduction to Computing","Error Handling, Input and Output Handling, Loops, Arrays",4,1
"IT Fundamentals, Intro to Human Computer Interaction, NSTP 2: Civic Welfare Training Service","HTML, UI/UX, Javascript, CSS",3,Senior IT Student,"Computer Programming, Intro to Human Computer Interaction, NSTP 2: Civic Welfare Training Service","Javascript, Error Handling",5,1
"IT Fundamentals, Intro to Human Computer Interaction","CSS, UI/UX, Javascript",4,Instructor,"IT Fundamentals, Introduction to Computing, PE 1: PATH FIT 1 - Movement Enhancement, PE 2: PATH FIT 2 - Fitness Exercises","HTML, CSS, Arrays, Input and Output Handling, Error Handling",5,1
IT Fundamentals,"CSS, Javascript, HTML",5,Senior IT Student,"IT Fundamentals, Introduction to Computing, NSTP 2: Civic Welfare Training Service","Javascript, Arrays, Error Handling",4,0
"Computer Programming, GE EL 108: Philippine Indigenous Communities, IT Fundamentals, Intro to Human Computer Interaction","HTML, Loops, UI/UX, Javascript",3,Senior IT Student,"IT Fundamentals, Introduction to Computing","Error Handling, Arrays, Loops",3,1
"Computer Programming, Intro to Human Computer Interaction","UI/UX, Javascript, Arrays",3,Senior IT Student,"Computer Programming, IT Fundamentals, Introduction to Computing","Error Handling, Loops, CSS",3,0
"Computer Programming, GE EL 108: Philippine Indigenous Communities, IT Fundamentals",Input and Output Handling,2,Instructor,"GE 104: Readings in Philippine History, GE EL 108: Philippine Indigenous Communities",,5,0
"IT Fundamentals, Intro to Human Computer Interaction, PE 1: PATH FIT 1 - Movement Enhancement","CSS, UI/UX",3,Senior IT Student,"Computer Programming, GE 108: Understanding the Self, IT Fundamentals","CSS, Arrays, HTML, Javascript",3,1
Computer Programming,"Error Handling, Input and Output Handling",4,Instructor,"Intro to Human Computer Interaction, Computer Programming","UI/UX, Input and Output Handling, Javascript, Arrays",5,1
IT Fundamentals,"HTML, CSS, Javascript",4,Instructor,"GE 105: Mathematics in the Modern World, GE 104: Readings in Philippine History",,5,0
PE 1: PATH FIT 1 - Movement Enhancement,,3,Senior IT Student,"Introduction to Computing, NSTP 1: Civic Welfare Training Service","Error Handling, Loops, Input and Output Handling",5,0
"IT Fundamentals, Introduction to Computing","Arrays, Error Handling, Loops",4,Instructor,NSTP 2: Civic Welfare Training Service,,4,0
"Computer Programming, GE 104: Readings in Philippine History, GE 108: Understanding the Self, IT Fundamentals","CSS, Javascript",5,Senior IT Student,"Computer Programming, GE 105: Mathematics in the Modern World, GE 108: Understanding the Self, Introduction to Computing","Input and Output Handling, Javascript, Error Handling, Arrays, Loops",4,1
"Computer Programming, Intro to Human Computer Interaction","UI/UX, Error Handling, Input and Output Handling",3,Senior IT Student,"IT Fundamentals, Intro to Human Computer Interaction, NSTP 2: Civic Welfare Training Service","HTML, Javascript, CSS",5,0
GE 105: Mathematics in the Modern World,,3,Instructor,"Introduction to Computing, Intro to Human Computer Interaction","Arrays, Input and Output Handling, UI/UX",4,0
"Computer Programming, GE 104: Readings in Philippine History, IT Fundamentals, Introduction to Computing","CSS, Error Handling, Input and Output Handling",3,Instructor,"Intro to Human Computer Interaction, NSTP 2: Civic Welfare Training Service",UI/UX,4,0
GE 104: Readings in Philippine History,,5,Senior IT Student,"Computer Programming, GE 108: Understanding the Self, Intro to Human Computer Interaction","UI/UX, Arrays, Error Handling",5,0
"Computer Programming, GE 108: Understanding the Self, IT Fundamentals","Input and Output Handling, Javascript, CSS",5,Instructor,"Intro to Human Computer Interaction, Introduction to Computing","Error Handling, Arrays, Input and Output Handling",5,0
Computer Programming,"Javascript, Loops, Error Handling",3,Senior IT Student,"GE 105: Mathematics in the Modern World, GE EL 108: Philippine Indigenous Communities, IT Fundamentals","Javascript, CSS, HTML",4,0
"Computer Programming, NSTP 2: Civic Welfare Training Service","Javascript, Error Handling, Loops",2,Senior IT Student,"IT Fundamentals, Intro to Human Computer Interaction, NSTP 1: Civic Welfare Training Service","CSS, Javascript, UI/UX, HTML",4,0
PE 2: PATH FIT 2 - Fitness Exercises,,4,Senior IT Student,"Intro to Human Computer Interaction, Introduction to Computing, PE 1: PATH FIT 1 - Movement Enhancement","Arrays, Input and Output Handling, Error Handling",4,0
"GE 104: Readings in Philippine History, IT Fundamentals, Introduction to Computing","Loops, Arrays",3,Instructor,"Intro to Human Computer Interaction, NSTP 1: Civic Welfare Training Service",UI/UX,5,0
"IT Fundamentals, NSTP 2: Civic Welfare Training Service","HTML, CSS, Javascript",3,Senior IT Student,"Computer Programming, GE EL 108: Philippine Indigenous Communities, Intro to Human Computer Interaction","Loops, Error Handling, Javascript",4,0
"Computer Programming, PE 2: PATH FIT 2 - Fitness Exercises","Error Handling, Javascript",3,Senior IT Student,"IT Fundamentals, Computer Programming","Javascript, HTML, Arrays, Input and Output Handling",3,1
"IT Fundamentals, Intro to Human Computer Interaction, PE 1: PATH FIT 1 - Movement Enhancement, PE 2: PATH FIT 2 - Fitness Exercises",UI/UX,4,Senior IT Student,"IT Fundamentals, PE 1: PATH FIT 1 - Movement Enhancement, PE 2: PATH FIT 2 - Fitness Exercises","Javascript, CSS",3,1
"Computer Programming, GE 108: Understanding the Self, IT Fundamentals","Arrays, Input and Output Handling, HTML, Error Handling",4,Senior IT Student,"Intro to Human Computer Interaction, IT Fundamentals, Computer Programming","UI/UX, Input and Output Handling, Arrays, HTML, Error Handling, CSS",4,1
"Computer Programming, GE 104: Readings in Philippine History, GE EL 108: Philippine Indigenous Communities, IT Fundamentals",Arrays,2,Senior IT Student,Introduction to Computing,"Arrays, Input and Output Handling, Error Handling",3,0
"Computer Programming, IT Fundamentals, Introduction to Computing, NSTP 2: Civic Welfare Training Service","HTML, Arrays",4,Senior IT Student,"IT Fundamentals, Introduction to Computing, NSTP 2: Civic Welfare Training Service","Arrays, CSS, Javascript, Input and Output Handling, Loops",3,1
Computer Programming,"Error Handling, Input and Output Handling, Arrays, Loops",3,Senior IT Student,"Introduction to Computing, IT Fundamentals","HTML, Error Handling, CSS, Loops, Javascript, Input and Output Handling",5,1
"GE 104: Readings in Philippine History, GE 108: Understanding the Self, IT Fundamentals, Introduction to Computing","Arrays, Loops, CSS",4,Senior IT Student,"GE 104: Readings in Philippine History, GE 105: Mathematics in the Modern World, IT Fundamentals","HTML, CSS",3,1
"Computer Programming, PE 1: PATH FIT 1 - Movement Enhancement, PE 2: PATH FIT 2 - Fitness Exercises","Javascript, Arrays, Error Handling, Input and Output Handling",3,Instructor,"GE 104: Readings in Philippine History, GE 108: Understanding the Self, Introduction to Computing","Loops, Error Handling",4,0
"GE 104: Readings in Philippine History, GE 105: Mathematics in the Modern World, IT Fundamentals","Javascript, CSS, HTML",4,Instructor,"IT Fundamentals, Intro to Human Computer Interaction","UI/UX, Javascript, CSS, HTML",5,1
"Computer Programming, IT Fundamentals, Introduction to Computing, PE 1: PATH FIT 1 - Movement Enhancement, PE 2: PATH FIT 2 - Fitness Exercises","Javascript, Input and Output Handling, Loops",4,Senior IT Student,"GE 104: Readings in Philippine History, GE 105: Mathematics in the Modern World, IT Fundamentals","CSS, Javascript",3,0
Computer Programming,"Arrays, Input and Output Handling, Javascript, Error Handling, Loops",3,Senior IT Student,NSTP 1: Civic Welfare Training Service,,4,0
"GE 104: Readings in Philippine History, GE 108: Understanding the Self, GE EL 108: Philippine Indigenous Communities",,4,Instructor,Intro to Human Computer Interaction,UI/UX,4,0
Computer Programming,"Input and Output Handling, Loops",3,Senior IT Student,"IT Fundamentals, Intro to Human Computer Interaction, PE 1: PATH FIT 1 - Movement Enhancement, PE 2: PATH FIT 2 - Fitness Exercises","HTML, CSS, UI/UX, Javascript",3,0
"Computer Programming, IT Fundamentals","Arrays, Input and Output Handling, CSS",5,Instructor,"Computer Programming, GE 104: Readings in Philippine History, IT Fundamentals, Intro to Human Computer Interaction","CSS, Javascript, UI/UX",5,1
"Computer Programming, GE 108: Understanding the Self, Intro to Human Computer Interaction","Loops, Arrays, UI/UX",4,Instructor,Intro to Human Computer Interaction,UI/UX,4,1
"GE EL 108: Philippine Indigenous Communities, GE 104: Readings in Philippine History",,4,Senior IT Student,"GE 104: Readings in Philippine History, GE 108: Understanding the Self, IT Fundamentals, Introduction to Computing","Arrays, Input and Output Handling, Error Handling",3,0
"Computer Programming, IT Fundamentals, PE 1: PATH FIT 1 - Movement Enhancement, PE 2: PATH FIT 2 - Fitness Exercises","Javascript, Arrays, Input and Output Handling, Error Handling",2,Instructor,"Computer Programming, PE 1: PATH FIT 1 - Movement Enhancement, PE 2: PATH FIT 2 - Fitness Exercises","Input and Output Handling, Loops, Javascript",4,1
"Computer Programming, IT Fundamentals, Intro to Human Computer Interaction, NSTP 1: Civic Welfare Training Service","HTML, Error Handling, Arrays, CSS",4,Senior IT Student,"GE 104: Readings in Philippine History, GE EL 108: Philippine Indigenous Communities, Introduction to Computing","Input and Output Handling, Error Handling, Arrays, Loops",3,0
"Computer Programming, GE 104: Readings in Philippine History, IT Fundamentals","Input and Output Handling, Error Handling, CSS",5,Instructor,"Introduction to Computing, NSTP 2: Civic Welfare Training Service","Error Handling, Input and Output Handling, Arrays",4,0
"IT Fundamentals, Intro to Human Computer Interaction, NSTP 2: Civic Welfare Training Service","Javascript, CSS",2,Senior IT Student,NSTP 1: Civic Welfare Training Service,,5,0
NSTP 2: Civic Welfare Training Service,,4,Senior IT Student,IT Fundamentals,"Javascript, HTML, CSS",3,0
"GE 104: Readings in Philippine History, GE 105: Mathematics in the Modern World, GE EL 108: Philippine Indigenous Communities",,4,Instructor,"Intro to Human Computer Interaction, Computer Programming","Javascript, Loops, UI/UX, Arrays, Error Handling",5,0
"Computer Programming, Introduction to Computing, PE 1: PATH FIT 1 - Movement Enhancement, PE 2: PATH FIT 2 - Fitness Exercises","Error Handling, Input and Output Handling, Arrays, Loops",4,Senior IT Student,"NSTP 2: Civic Welfare Training Service, PE 2: PATH FIT 2 - Fitness Exercises",,3,0
"Computer Programming, IT Fundamentals, PE 1: PATH FIT 1 - Movement Enhancement, PE 2: PATH FIT 2 - Fitness Exercises","Javascript, Arrays, HTML, CSS",4,Instructor,"Computer Programming, IT Fundamentals, NSTP 1: Civic Welfare Training Service","HTML, Error Handling",4,1
"GE 104: Readings in Philippine History, GE EL 108: Philippine Indigenous Communities, PE 2: PATH FIT 2 - Fitness Exercises",,2,Senior IT Student,Intro to Human Computer Interaction,UI/UX,5,0
"Computer Programming, GE 104: Readings in Philippine History, GE EL 108: Philippine Indigenous Communities, IT Fundamentals",Javascript,3,Senior IT Student,PE 1: PATH FIT 1 - Movement Enhancement,,3,0
"IT Fundamentals, PE 2: PATH FIT 2 - Fitness Exercises",HTML,4,Senior IT Student,"IT Fundamentals, Intro to Human Computer Interaction, Introduction to Computing","Loops, Arrays, HTML, Input and Output Handling",3,0
IT Fundamentals,"Javascript, HTML, CSS",4,Senior IT Student,"Computer Programming, IT Fundamentals, NSTP 2: Civic Welfare Training Service","CSS, Arrays, Loops, Input and Output Handling, HTML",3,1
"Computer Programming, IT Fundamentals, NSTP 2: Civic Welfare Training Service","Arrays, Javascript, CSS, Error Handling",4,Senior IT Student,"Computer Programming, GE 104: Readings in Philippine History","Javascript, Loops, Arrays, Error Handling, Input and Output Handling",5,1
"Computer Programming, GE 108: Understanding the Self, IT Fundamentals, Intro to Human Computer Interaction","Javascript, CSS",4,Senior IT Student,"Computer Programming, GE 105: Mathematics in the Modern World","Input and Output Handling, Javascript, Arrays",4,1
"Computer Programming, Intro to Human Computer Interaction, NSTP 1: Civic Welfare Training Service","Javascript, Input and Output Handling",5,Instructor,"Computer Programming, GE 105: Mathematics in the Modern World, GE EL 108: Philippine Indigenous Communities, Introduction to Computing","Javascript, Arrays, Loops, Input and Output Handling, Error Handling",4,1
"Computer Programming, IT Fundamentals, Introduction to Computing, NSTP 1: Civic Welfare Training Service","Error Handling, Input and Output Handling, Arrays",4,Instructor,"GE 108: Understanding the Self, GE EL 108: Philippine Indigenous Communities",,5,0
"GE 105: Mathematics in the Modern World, IT Fundamentals, Intro to Human Computer Interaction","UI/UX, HTML, CSS, Javascript",2,Instructor,IT Fundamentals,"HTML, Javascript, CSS",5,1
"Computer Programming, IT Fundamentals, Introduction to Computing, PE 1: PATH FIT 1 - Movement Enhancement","Javascript, CSS, Arrays, Loops, HTML",5,Senior IT Student,"GE 108: Understanding the Self, IT Fundamentals, Introduction to Computing","Javascript, Input and Output Handling",4,1
NSTP 1: Civic Welfare Training Service,,4,Instructor,"Introduction to Computing, Intro to Human Computer Interaction, Computer Programming","Input and Output Handling, Javascript, Error Handling, Arrays, UI/UX",4,0
"IT Fundamentals, NSTP 1: Civic Welfare Training Service","HTML, CSS, Javascript",4,Senior IT Student,"GE 104: Readings in Philippine History, GE 105: Mathematics in the Modern World, IT Fundamentals, Introduction to Computing","Error Handling, Loops",4,1
"Computer Programming, Introduction to Computing","Javascript, Arrays, Error Handling",4,Instructor,"GE 108: Understanding the Self, Intro to Human Computer Interaction",UI/UX,4,0
"GE 105: Mathematics in the Modern World, GE EL 108: Philippine Indigenous Communities",,5,Senior IT Student,"Computer Programming, GE 105: Mathematics in the Modern World, IT Fundamentals","Input and Output Handling, HTML, Arrays, Loops, CSS",4,0
"Computer Programming, IT Fundamentals, PE 2: PATH FIT 2 - Fitness Exercises",HTML,3,Senior IT Student,"GE 104: Readings in Philippine History, GE 108: Understanding the Self, IT Fundamentals","Javascript, HTML",3,1
"GE 104: Readings in Philippine History, NSTP 1: Civic Welfare Training Service",,4,Senior IT Student,"GE 108: Understanding the Self, Intro to Human Computer Interaction, Introduction to Computing","UI/UX, Error Handling, Arrays",4,0
NSTP 2: Civic Welfare Training Service,,4,Senior IT Student,"IT Fundamentals, Intro to Human Computer Interaction","CSS, UI/UX, HTML",5,0
"IT Fundamentals, Introduction to Computing, PE 1: PATH FIT 1 - Movement Enhancement, PE 2: PATH FIT 2 - Fitness Exercises","CSS, Error Handling, HTML",4,Instructor,"GE 104: Readings in Philippine History, GE 108: Understanding the Self, Introduction to Computing","Input and Output Handling, Loops",4,1
"Computer Programming, NSTP 2: Civic Welfare Training Service","Error Handling, Javascript, Arrays",5,Instructor,Introduction to Computing,"Loops, Arrays, Error Handling, Input and Output Handling",4,0
Computer Programming,"Error Handling, Javascript, Loops, Input and Output Handling, Arrays",4,Instructor,"Computer Programming, GE 108: Understanding the Self, GE EL 108: Philippine Indigenous Communities, Intro to Human Computer Interaction","UI/UX, Arrays, Javascript, Error Handling",4,1
"IT Fundamentals, Intro to Human Computer Interaction, PE 2: PATH FIT 2 - Fitness Exercises","CSS, UI/UX, Javascript, HTML",4,Instructor,"IT Fundamentals, Introduction to Computing, PE 1: PATH FIT 1 - Movement Enhancement, PE 2: PATH FIT 2 - Fitness Exercises","CSS, Loops, HTML, Error Handling",4,1
"Computer Programming, NSTP 2: Civic Welfare Training Service",Input and Output Handling,3,Senior IT Student,"Computer Programming, Introduction to Computing, NSTP 1: Civic Welfare Training Service","Arrays, Error Handling",5,1
"Computer Programming, IT Fundamentals, NSTP 1: Civic Welfare Training Service","CSS, HTML, Arrays, Error Handling",4,Instructor,"IT Fundamentals, Intro to Human Computer Interaction, Introduction to Computing","UI/UX, Input and Output Handling, Javascript, Error Handling, Arrays, Loops",5,1
Computer Programming,"Arrays, Input and Output Handling, Error Handling, Loops",5,Instructor,IT Fundamentals,"HTML, Javascript, CSS",4,0
"GE 108: Understanding the Self, IT Fundamentals, Intro to Human Computer Interaction","UI/UX, CSS, Javascript, HTML",5,Instructor,"Introduction to Computing, Intro to Human Computer Interaction","UI/UX, Arrays, Loops, Error Handling, Input and Output Handling",4,0
"Computer Programming, IT Fundamentals, Intro to Human Computer Interaction","Arrays, HTML, Loops, CSS, Javascript",5,Senior IT Student,"GE EL 108: Philippine Indigenous Communities, Intro to Human Computer Interaction",UI/UX,4,0
"Computer Programming, GE 104: Readings in Philippine History, GE 105: Mathematics in the Modern World","Arrays, Javascript",3,Instructor,"Computer Programming, PE 1: PATH FIT 1 - Movement Enhancement, PE 2: PATH FIT 2 - Fitness Exercises","Error Handling, Input and Output Handling",5,1
GE 108: Understanding the Self,,3,Senior IT Student,"GE 108: Understanding the Self, GE EL 108: Philippine Indigenous Communities",,5,0
IT Fundamentals,"HTML, Javascript",3,Senior IT Student,"Introduction to Computing, NSTP 2: Civic Welfare Training Service","Input and Output Handling, Error Handling",4,0
"Computer Programming, GE 108: Understanding the Self, IT Fundamentals, Intro to Human Computer Interaction","CSS, Arrays, UI/UX",2,Senior IT Student,"GE 105: Mathematics in the Modern World, GE EL 108: Philippine Indigenous Communities, Introduction to Computing","Loops, Arrays, Error Handling",3,0
"GE 105: Mathematics in the Modern World, GE EL 108: Philippine Indigenous Communities",,5,Senior IT Student,"PE 2: PATH FIT 2 - Fitness Exercises, PE 1: PATH FIT 1 - Movement Enhancement",,4,0
"Computer Programming, GE 108: Understanding the Self, IT Fundamentals","Javascript, Error Handling",5,Senior IT Student,"Computer Programming, GE 108: Understanding the Self, GE EL 108: Philippine Indigenous Communities, Intro to Human Computer Interaction","Input and Output Handling, UI/UX, Error Handling, Javascript",3,1
"Computer Programming, PE 1: PATH FIT 1 - Movement Enhancement, PE 2: PATH FIT 2 - Fitness Exercises","Arrays, Input and Output Handling",4,Senior IT Student,"Computer Programming, PE 1: PATH FIT 1 - Movement Enhancement, PE 2: PATH FIT 2 - Fitness Exercises","Arrays, Input and Output Handling, Loops",4,1
"Computer Programming, GE 104: Readings in Philippine History, GE 105: Mathematics in the Modern World, IT Fundamentals, Intro to Human Computer Interaction",Input and Output Handling,2,Instructor,"GE 104: Readings in Philippine History, GE 108: Understanding the Self, IT Fundamentals","CSS, Javascript, HTML",4,1
"Computer Programming, IT Fundamentals","HTML, CSS, Loops",2,Senior IT Student,"Intro to Human Computer Interaction, PE 2: PATH FIT 2 - Fitness Exercises",UI/UX,4,0
GE EL 108: Philippine Indigenous Communities,,5,Senior IT Student,"Computer Programming, Introduction to Computing, Intro to Human Computer Interaction","UI/UX, Input and Output Handling, Error Handling",4,0
"GE 108: Understanding the Self, GE EL 108: Philippine Indigenous Communities, IT Fundamentals, Intro to Human Computer Interaction","UI/UX, CSS, HTML",2,Instructor,"Computer Programming, GE EL 108: Philippine Indigenous Communities, Intro to Human Computer Interaction","Arrays, Input and Output Handling, Javascript, UI/UX, Error Handling",5,1
IT Fundamentals,"HTML, Javascript",3,Senior IT Student,"GE EL 108: Philippine Indigenous Communities, Intro to Human Computer Interaction",UI/UX,4,0
"Computer Programming, Intro to Human Computer Interaction","Loops, UI/UX, Javascript, Arrays",3,Senior IT Student,"Computer Programming, IT Fundamentals, PE 2: PATH FIT 2 - Fitness Exercises","Javascript, Arrays, Error Handling, HTML",3,1
"Computer Programming, IT Fundamentals, Intro to Human Computer Interaction","Javascript, Arrays, HTML, Input and Output Handling, Loops",4,Senior IT Student,"GE 108: Understanding the Self, NSTP 1: Civic Welfare Training Service",,3,0
"Computer Programming, GE 104: Readings in Philippine History, GE 108: Understanding the Self, Intro to Human Computer Interaction",Input and Output Handling,3,Instructor,GE 105: Mathematics in the Modern World,,5,0
"IT Fundamentals, NSTP 2: Civic Welfare Training Service",HTML,4,Senior IT Student,NSTP 2: Civic Welfare Training Service,,4,1
"GE EL 108: Philippine Indigenous Communities, GE 108: Understanding the Self",,3,Senior IT Student,"GE EL 108: Philippine Indigenous Communities, IT Fundamentals","HTML, Javascript, CSS",3,0
"Computer Programming, NSTP 1: Civic Welfare Training Service",Input and Output Handling,2,Senior IT Student,"Intro to Human Computer Interaction, NSTP 2: Civic Welfare Training Service",UI/UX,4,0
"Computer Programming, IT Fundamentals, NSTP 2: Civic Welfare Training Service","Input and Output Handling, CSS, Javascript",4,Senior IT Student,IT Fundamentals,"HTML, CSS, Javascript",4,1
"Computer Programming, GE 104: Readings in Philippine History, GE 105: Mathematics in the Modern World, IT Fundamentals, Intro to Human Computer Interaction","Error Handling, CSS, Javascript, Input and Output Handling",5,Senior IT Student,"Computer Programming, GE 108: Understanding the Self, IT Fundamentals","Arrays, Error Handling, Loops, Input and Output Handling",4,1
"Computer Programming, Intro to Human Computer Interaction, PE 1: PATH FIT 1 - Movement Enhancement","Error Handling, Arrays, UI/UX, Input and Output Handling",3,Senior IT Student,"Computer Programming, IT Fundamentals, Introduction to Computing","HTML, Error Handling, Arrays",3,1
"PE 1: PATH FIT 1 - Movement Enhancement, PE 2: PATH FIT 2 - Fitness Exercises",,3,Senior IT Student,Introduction to Computing,"Input and Output Handling, Error Handling, Loops, Arrays",4,0
"IT Fundamentals, Intro to Human Computer Interaction","CSS, UI/UX",5,Senior IT Student,"IT Fundamentals, Intro to Human Computer Interaction, Computer Programming","UI/UX, CSS, Input and Output Handling",4,1
NSTP 2: Civic Welfare Training Service,,3,Senior IT Student,"IT Fundamentals, Intro to Human Computer Interaction, NSTP 2: Civic Welfare Training Service","Javascript, UI/UX, CSS, HTML",3,0
Computer Programming,"Loops, Javascript, Arrays",4,Senior IT Student,"Computer Programming, IT Fundamentals, PE 2: PATH FIT 2 - Fitness Exercises","Error Handling, CSS, Input and Output Handling, Loops, Arrays",5,1
"Computer Programming, GE 105: Mathematics in the Modern World, Intro to Human Computer Interaction","Javascript, Error Handling",5,Senior IT Student,"Computer Programming, GE 104: Readings in Philippine History, GE 108: Understanding the Self, Intro to Human Computer Interaction","Loops, Arrays, Input and Output Handling, Javascript, UI/UX",5,1
"GE 104: Readings in Philippine History, GE 108: Understanding the Self, IT Fundamentals","CSS, HTML",2,Senior IT Student,"GE 104: Readings in Philippine History, GE 108: Understanding the Self, Introduction to Computing","Input and Output Handling, Arrays, Loops, Error Handling",3,1
"Computer Programming, PE 1: PATH FIT 1 - Movement Enhancement, PE 2: PATH FIT 2 - Fitness Exercises","Arrays, Loops, Input and Output Handling",5,Instructor,"Computer Programming, IT Fundamentals, NSTP 1: Civic Welfare Training Service","Error Handling, Loops, HTML",4,0
"Computer Programming, GE 108: Understanding the Self, GE EL 108: Philippine Indigenous Communities","Javascript, Input and Output Handling",4,Senior IT Student,"GE 108: Understanding the Self, GE EL 108: Philippine Indigenous Communities, Introduction to Computing","Input and Output Handling, Loops, Arrays, Error Handling",3,1
"Computer Programming, PE 1: PATH FIT 1 - Movement Enhancement, PE 2: PATH FIT 2 - Fitness Exercises","Arrays, Loops, Input and Output Handling",3,Senior IT Student,"GE 105: Mathematics in the Modern World, GE 104: Readings in Philippine History",,5,0
"GE EL 108: Philippine Indigenous Communities, IT Fundamentals","HTML, CSS, Javascript",3,Senior IT Student,"Computer Programming, GE 108: Understanding the Self, GE EL 108: Philippine Indigenous Communities, Intro to Human Computer Interaction","Input and Output Handling, Loops",3,0
"Computer Programming, GE EL 108: Philippine Indigenous Communities, IT Fundamentals","Loops, Arrays, Error Handling, Javascript",3,Instructor,"GE 104: Readings in Philippine History, GE 105: Mathematics in the Modern World, IT Fundamentals","CSS, Javascript",5,1
"Computer Programming, Intro to Human Computer Interaction","Error Handling, Loops, UI/UX, Javascript, Arrays",4,Senior IT Student,"IT Fundamentals, Intro to Human Computer Interaction, Introduction to Computing, NSTP 1: Civic Welfare Training Service","UI/UX, Input and Output Handling, HTML, Error Handling, Javascript",4,1
"Computer Programming, Introduction to Computing, PE 1: PATH FIT 1 - Movement Enhancement, PE 2: PATH FIT 2 - Fitness Exercises","Arrays, Input and Output Handling, Javascript, Loops",5,Senior IT Student,"GE 105: Mathematics in the Modern World, Intro to Human Computer Interaction",UI/UX,3,0
"Computer Programming, PE 1: PATH FIT 1 - Movement Enhancement","Error Handling, Javascript, Arrays",2,Senior IT Student,"GE 105: Mathematics in the Modern World, GE EL 108: Philippine Indigenous Communities",,5,0
"GE 108: Understanding the Self, IT Fundamentals, Intro to Human Computer Interaction","UI/UX, Javascript, HTML",4,Senior IT Student,"Computer Programming, GE 105: Mathematics in the Modern World, GE 108: Understanding the Self","Input and Output Handling, Loops, Arrays, Error Handling, Javascript",5,1
"IT Fundamentals, PE 2: PATH FIT 2 - Fitness Exercises",CSS,2,Senior IT Student,"GE 104: Readings in Philippine History, GE 108: Understanding the Self",,3,0
"Computer Programming, PE 1: PATH FIT 1 - Movement Enhancement, PE 2: PATH FIT 2 - Fitness Exercises","Arrays, Error Handling, Javascript, Loops",4,Senior IT Student,"Intro to Human Computer Interaction, IT Fundamentals","UI/UX, CSS, HTML, Javascript",4,0
"Computer Programming, IT Fundamentals","Arrays, Input and Output Handling, Loops, Error Handling",4,Senior IT Student,"IT Fundamentals, NSTP 1: Civic Welfare Training Service","HTML, CSS, Javascript",3,0
"NSTP 1: Civic Welfare Training Service, PE 2: PATH FIT 2 - Fitness Exercises",,3,Senior IT Student,"GE 104: Readings in Philippine History, GE 108: Understanding the Self, IT Fundamentals, Introduction to Computing","HTML, Input and Output Handling, Arrays, Loops",4,0
Computer Programming,"Input and Output Handling, Error Handling, Javascript, Loops",4,Instructor,"Intro to Human Computer Interaction, Introduction to Computing, PE 1: PATH FIT 1 - Movement Enhancement, PE 2: PATH FIT 2 - Fitness Exercises","Input and Output Handling, Error Handling, UI/UX, Arrays",4,0
"GE 104: Readings in Philippine History, GE 108: Understanding the Self, IT Fundamentals, Intro to Human Computer Interaction","Javascript, HTML, CSS, UI/UX",4,Senior IT Student,NSTP 2: Civic Welfare Training Service,,4,0
"GE 108: Understanding the Self, GE 104: Readings in Philippine History",,3,Senior IT Student,"Intro to Human Computer Interaction, PE 1: PATH FIT 1 - Movement Enhancement, PE 2: PATH FIT 2 - Fitness Exercises",UI/UX,3,0
"Computer Programming, GE 104: Readings in Philippine History, IT Fundamentals, Introduction to Computing",Javascript,5,Senior IT Student,Introduction to Computing,"Arrays, Error Handling, Loops",3,0
"IT Fundamentals, Introduction to Computing","CSS, Loops, Arrays, HTML",3,Senior IT Student,NSTP 2: Civic Welfare Training Service,,5,0
NSTP 2: Civic Welfare Training Service,,2,Senior IT Student,"GE 104: Readings in Philippine History, IT Fundamentals, Intro to Human Computer Interaction","Javascript, UI/UX, CSS, HTML",3,0
"Computer Programming, IT Fundamentals","CSS, HTML",4,Instructor,"PE 2: PATH FIT 2 - Fitness Exercises, PE 1: PATH FIT 1 - Movement Enhancement",,4,0
IT Fundamentals,"HTML, CSS, Javascript",4,Senior IT Student,"Computer Programming, PE 1: PATH FIT 1 - Movement Enhancement","Arrays, Javascript, Input and Output Handling, Loops, Error Handling",3,0
"Computer Programming, IT Fundamentals, Intro to Human Computer Interaction, NSTP 2: Civic Welfare Training Service","CSS, Loops, Input and Output Handling",5,Senior IT Student,"Computer Programming, GE 104: Readings in Philippine History, GE EL 108: Philippine Indigenous Communities","Javascript, Loops, Input and Output Handling",4,0
"GE 105: Mathematics in the Modern World, GE EL 108: Philippine Indigenous Communities",,2,Senior IT Student,"Computer Programming, GE 108: Understanding the Self, IT Fundamentals","Input and Output Handling, Javascript, CSS",3,0
"Computer Programming, IT Fundamentals","HTML, Loops, CSS",4,Senior IT Student,"NSTP 1: Civic Welfare Training Service, PE 1: PATH FIT 1 - Movement Enhancement, PE 2: PATH FIT 2 - Fitness Exercises",,3,0
"Computer Programming, GE 104: Readings in Philippine History, GE 108: Understanding the Self","Error Handling, Loops, Javascript, Input and Output Handling",3,Senior IT Student,"GE EL 108: Philippine Indigenous Communities, Intro to Human Computer Interaction",UI/UX,5,0
"Computer Programming, IT Fundamentals, PE 1: PATH FIT 1 - Movement Enhancement","Javascript, Input and Output Handling, Loops",4,Instructor,"GE 104: Readings in Philippine History, IT Fundamentals","HTML, Javascript, CSS",5,1
"IT Fundamentals, NSTP 1: Civic Welfare Training Service",Javascript,4,Senior IT Student,"Computer Programming, GE 105: Mathematics in the Modern World, GE EL 108: Philippine Indigenous Communities","Javascript, Input and Output Handling, Loops",4,0
GE 108: Understanding the Self,,2,Senior IT Student,Computer Programming,"Error Handling, Input and Output Handling, Javascript, Arrays, Loops",3,0
"Computer Programming, GE 105: Mathematics in the Modern World, Intro to Human Computer Interaction",Input and Output Handling,3,Instructor,PE 1: PATH FIT 1 - Movement Enhancement,,4,0
"Computer Programming, IT Fundamentals, Intro to Human Computer Interaction, NSTP 2: Civic Welfare Training Service","Loops, Arrays, Javascript, UI/UX",3,Senior IT Student,"Computer Programming, GE 108: Understanding the Self","Loops, Javascript, Error Handling, Input and Output Handling, Arrays",4,1
"Computer Programming, IT Fundamentals","Error Handling, HTML, Arrays, Loops",3,Senior IT Student,"GE 105: Mathematics in the Modern World, GE EL 108: Philippine Indigenous Communities, Introduction to Computing","Input and Output Handling, Arrays, Loops, Error Handling",4,1
"Computer Programming, IT Fundamentals, Introduction to Computing","Arrays, HTML, Error Handling, Javascript",4,Senior IT Student,"Intro to Human Computer Interaction, Introduction to Computing, PE 1: PATH FIT 1 - Movement Enhancement","Arrays, Input and Output Handling, Loops",4,1
"IT Fundamentals, NSTP 1: Civic Welfare Training Service","HTML, Javascript, CSS",3,Senior IT Student,"GE 104: Readings in Philippine History, GE 105: Mathematics in the Modern World",,3,0
"Computer Programming, IT Fundamentals","Loops, Javascript",4,Senior IT Student,PE 1: PATH FIT 1 - Movement Enhancement,,3,0
"Computer Programming, Introduction to Computing, NSTP 2: Civic Welfare Training Service",Arrays,5,Senior IT Student,"Computer Programming, Intro to Human Computer Interaction, NSTP 2: Civic Welfare Training Service","UI/UX, Javascript, Input and Output Handling, Arrays, Error Handling",5,1
"IT Fundamentals, NSTP 1: Civic Welfare Training Service","Javascript, HTML",3,Senior IT Student,"Intro to Human Computer Interaction, IT Fundamentals","Javascript, CSS, UI/UX",5,1
GE EL 108: Philippine Indigenous Communities,,2,Senior IT Student,"IT Fundamentals, PE 1: PATH FIT 1 - Movement Enhancement, PE 2: PATH FIT 2 - Fitness Exercises","CSS, Javascript",5,0
PE 2: PATH FIT 2 - Fitness Exercises,,3,Senior IT Student,"Intro to Human Computer Interaction, IT Fundamentals","Javascript, UI/UX, HTML",4,0
"Computer Programming, IT Fundamentals, PE 1: PATH FIT 1 - Movement Enhancement, PE 2: PATH FIT 2 - Fitness Exercises",Input and Output Handling,2,Senior IT Student,"Computer Programming, GE 105: Mathematics in the Modern World, GE 108: Understanding the Self, IT Fundamentals","CSS, HTML, Javascript, Error Handling, Input and Output Handling",3,1
IT Fundamentals,"HTML, CSS, Javascript",4,Senior IT Student,"Computer Programming, IT Fundamentals, PE 1: PATH FIT 1 - Movement Enhancement","Javascript, Loops",5,1
"Computer Programming, IT Fundamentals","Error Handling, CSS, Javascript",3,Senior IT Student,"Computer Programming, PE 1: PATH FIT 1 - Movement Enhancement","Arrays, Error Handling",3,1
"Computer Programming, GE 108: Understanding the Self, Introduction to Computing","Loops, Error Handling",5,Senior IT Student,"IT Fundamentals, PE 1: PATH FIT 1 - Movement Enhancement","CSS, HTML",3,0
"Computer Programming, IT Fundamentals","Javascript, Arrays, Loops, HTML",5,Senior IT Student,"IT Fundamentals, Intro to Human Computer Interaction, NSTP 1: Civic Welfare Training Service","HTML, Javascript, UI/UX, CSS",4,0
"Computer Programming, Intro to Human Computer Interaction","Input and Output Handling, Loops, Error Handling",2,Senior IT Student,"Intro to Human Computer Interaction, Introduction to Computing","UI/UX, Input and Output Handling, Loops",3,1
"IT Fundamentals, Introduction to Computing, PE 1: PATH FIT 1 - Movement Enhancement, PE 2: PATH FIT 2 - Fitness Exercises","Input and Output Handling, Error Handling",5,Instructor,"Computer Programming, GE 105: Mathematics in the Modern World, Intro to Human Computer Interaction, Introduction to Computing","Arrays, Input and Output Handling, Loops",4,0
"GE 104: Readings in Philippine History, GE EL 108: Philippine Indigenous Communities",,3,Senior IT Student,"GE 105: Mathematics in the Modern World, GE EL 108: Philippine Indigenous Communities, Introduction to Computing","Input and Output Handling, Arrays, Error Handling, Loops",4,0
NSTP 2: Civic Welfare Training Service,,2,Senior IT Student,"NSTP 2: Civic Welfare Training Service, PE 1: PATH FIT 1 - Movement Enhancement, PE 2: PATH FIT 2 - Fitness Exercises",,3,1
"Computer Programming, GE EL 108: Philippine Indigenous Communities",Error Handling,5,Instructor,"Computer Programming, GE EL 108: Philippine Indigenous Communities","Arrays, Input and Output Handling, Javascript",4,1
"GE 105: Mathematics in the Modern World, GE 108: Understanding the Self, GE EL 108: Philippine Indigenous Communities",,3,Senior IT Student,"IT Fundamentals, Intro to Human Computer Interaction, NSTP 1: Civic Welfare Training Service","UI/UX, CSS",4,0
"IT Fundamentals, Intro to Human Computer Interaction, NSTP 1: Civic Welfare Training Service","CSS, UI/UX, HTML, Javascript",5,Senior IT Student,"Introduction to Computing, NSTP 1: Civic Welfare Training Service","Arrays, Loops",3,0
"PE 1: PATH FIT 1 - Movement Enhancement, PE 2: PATH FIT 2 - Fitness Exercises",,4,Senior IT Student,"GE 104: Readings in Philippine History, GE 108: Understanding the Self, IT Fundamentals","HTML, Javascript, CSS",4,0
Computer Programming,"Javascript, Input and Output Handling, Loops, Error Handling",4,Instructor,"Introduction to Computing, PE 1: PATH FIT 1 - Movement Enhancement, PE 2: PATH FIT 2 - Fitness Exercises","Arrays, Loops, Input and Output Handling, Error Handling",4,1
"Computer Programming, Intro to Human Computer Interaction, PE 1: PATH FIT 1 - Movement Enhancement, PE 2: PATH FIT 2 - Fitness Exercises","Error Handling, UI/UX, Javascript, Arrays",4,Senior IT Student,"Computer Programming, Intro to Human Computer Interaction, NSTP 1: Civic Welfare Training Service","Error Handling, Input and Output Handling, Javascript, Arrays, Loops",4,1
"PE 1: PATH FIT 1 - Movement Enhancement, PE 2: PATH FIT 2 - Fitness Exercises",,4,Senior IT Student,"Introduction to Computing, PE 2: PATH FIT 2 - Fitness Exercises","Loops, Error Handling, Input and Output Handling, Arrays",4,1
"Computer Programming, IT Fundamentals, PE 1: PATH FIT 1 - Movement Enhancement","Arrays, Javascript, Loops",4,Senior IT Student,IT Fundamentals,"Javascript, CSS, HTML",3,0
"Computer Programming, IT Fundamentals","Javascript, Arrays, CSS",5,Senior IT Student,"Computer Programming, Introduction to Computing, NSTP 1: Civic Welfare Training Service","Input and Output Handling, Arrays, Loops",3,0
GE EL 108: Philippine Indigenous Communities,,2,Instructor,IT Fundamentals,"CSS, Javascript, HTML",5,0
"NSTP 2: Civic Welfare Training Service, PE 1: PATH FIT 1 - Movement Enhancement, PE 2: PATH FIT 2 - Fitness Exercises",,3,Senior IT Student,"Intro to Human Computer Interaction, Introduction to Computing, PE 1: PATH FIT 1 - Movement Enhancement","UI/UX, Input and Output Handling",4,0
"GE EL 108: Philippine Indigenous Communities, IT Fundamentals, Intro to Human Computer Interaction","Javascript, CSS",3,Instructor,Introduction to Computing,"Error Handling, Loops, Input and Output Handling",4,0
"IT Fundamentals, Intro to Human Computer Interaction, NSTP 1: Civic Welfare Training Service","Javascript, UI/UX, HTML, CSS",3,Senior IT Student,"Computer Programming, GE 104: Readings in Philippine History, Introduction to Computing","Error Handling, Loops, Input and Output Handling, Arrays",3,0
"Computer Programming, NSTP 2: Civic Welfare Training Service","Input and Output Handling, Loops, Javascript, Error Handling, Arrays",3,Instructor,"Computer Programming, GE 108: Understanding the Self, GE EL 108: Philippine Indigenous Communities, IT Fundamentals, Introduction to Computing","Error Handling, Javascript, CSS",4,1
"Computer Programming, Introduction to Computing, NSTP 1: Civic Welfare Training Service","Input and Output Handling, Arrays, Loops, Error Handling",3,Senior IT Student,"Computer Programming, GE 104: Readings in Philippine History","Loops, Arrays, Javascript, Error Handling, Input and Output Handling",4,1
PE 2: PATH FIT 2 - Fitness Exercises,,4,Senior IT Student,"GE 104: Readings in Philippine History, GE 108: Understanding the Self, Introduction to Computing","Input and Output Handling, Arrays, Loops, Error Handling",4,0
"IT Fundamentals, Introduction to Computing, NSTP 1: Civic Welfare Training Service","Error Handling, Javascript, CSS",3,Senior IT Student,"Intro to Human Computer Interaction, NSTP 1: Civic Welfare Training Service",UI/UX,3,1
"IT Fundamentals, NSTP 2: Civic Welfare Training Service","CSS, Javascript, HTML",4,Senior IT Student,"GE 104: Readings in Philippine History, GE 105: Mathematics in the Modern World, Introduction to Computing","Error Handling, Input and Output Handling, Arrays, Loops",4,0
Computer Programming,"Input and Output Handling, Arrays",3,Senior IT Student,"GE 105: Mathematics in the Modern World, GE 108: Understanding the Self, Introduction to Computing","Input and Output Handling, Error Handling, Loops, Arrays",4,1
"IT Fundamentals, PE 1: PATH FIT 1 - Movement Enhancement, PE 2: PATH FIT 2 - Fitness Exercises","HTML, Javascript",2,Senior IT Student,GE 104: Readings in Philippine History,,4,0
"Computer Programming, GE EL 108: Philippine Indigenous Communities, Intro to Human Computer Interaction","Input and Output Handling, Loops, UI/UX, Arrays, Javascript",5,Instructor,"IT Fundamentals, Computer Programming, Introduction to Computing","Input and Output Handling, Javascript, Error Handling, Arrays, HTML, CSS",5,1
"GE 104: Readings in Philippine History, IT Fundamentals","Javascript, CSS",4,Senior IT Student,"Computer Programming, Intro to Human Computer Interaction, Introduction to Computing","Loops, Error Handling, UI/UX, Input and Output Handling",4,0
"Computer Programming, IT Fundamentals, Intro to Human Computer Interaction, NSTP 1: Civic Welfare Training Service",Error Handling,5,Senior IT Student,"Computer Programming, Intro to Human Computer Interaction","Input and Output Handling, Javascript, Arrays",3,0
"IT Fundamentals, Intro to Human Computer Interaction, PE 1: PATH FIT 1 - Movement Enhancement, PE 2: PATH FIT 2 - Fitness Exercises","CSS, Javascript, UI/UX",4,Senior IT Student,"GE 108: Understanding the Self, GE EL 108: Philippine Indigenous Communities",,4,0
PE 1: PATH FIT 1 - Movement Enhancement,,4,Senior IT Student,"Introduction to Computing, NSTP 1: Civic Welfare Training Service","Loops, Input and Output Handling, Arrays, Error Handling",3,0
"GE 108: Understanding the Self, IT Fundamentals, Introduction to Computing","Javascript, Error Handling, HTML",4,Senior IT Student,"Computer Programming, GE 104: Readings in Philippine History, IT Fundamentals","Loops, Error Handling",5,1
"Computer Programming, NSTP 2: Civic Welfare Training Service","Error Handling, Javascript, Arrays, Loops",3,Senior IT Student,"GE 104: Readings in Philippine History, IT Fundamentals, Introduction to Computing","Loops, HTML, Error Handling, Javascript",4,1
"Computer Programming, Introduction to Computing, NSTP 1: Civic Welfare Training Service","Arrays, Loops",3,Senior IT Student,"GE EL 108: Philippine Indigenous Communities, Introduction to Computing","Input and Output Handling, Loops, Arrays, Error Handling",3,1
"IT Fundamentals, Intro to Human Computer Interaction","Javascript, UI/UX",2,Senior IT Student,"Computer Programming, GE 105: Mathematics in the Modern World, GE EL 108: Philippine Indigenous Communities, Intro to Human Computer Interaction","UI/UX, Input and Output Handling, Loops",4,1
"Computer Programming, GE 105: Mathematics in the Modern World, GE 108: Understanding the Self, IT Fundamentals","Loops, HTML, Arrays",3,Instructor,"Introduction to Computing, Intro to Human Computer Interaction","Loops, Input and Output Handling, Error Handling",4,0
"Computer Programming, IT Fundamentals","Error Handling, HTML",5,Senior IT Student,"IT Fundamentals, Introduction to Computing, Intro to Human Computer Interaction","Loops, Arrays, Javascript, Input and Output Handling, CSS",3,0
"GE 104: Readings in Philippine History, GE 105: Mathematics in the Modern World",,5,Senior IT Student,"IT Fundamentals, Introduction to Computing, NSTP 1: Civic Welfare Training Service","Error Handling, Arrays, Loops, Javascript, HTML",3,0
IT Fundamentals,"CSS, Javascript",3,Instructor,"Introduction to Computing, PE 1: PATH FIT 1 - Movement Enhancement","Input and Output Handling, Error Handling, Arrays, Loops",5,0
NSTP 2: Civic Welfare Training Service,,4,Senior IT Student,"GE EL 108: Philippine Indigenous Communities, PE 1: PATH FIT 1 - Movement Enhancement",,3,0
"Computer Programming, IT Fundamentals","HTML, Javascript, Loops",3,Instructor,"Computer Programming, IT Fundamentals, PE 2: PATH FIT 2 - Fitness Exercises","Javascript, CSS, Arrays, Input and Output Handling, Loops",5,1
"Computer Programming, IT Fundamentals","Arrays, Javascript, Loops, Error Handling",5,Senior IT Student,"Computer Programming, Introduction to Computing, IT Fundamentals","Arrays, CSS, Loops, Javascript, Input and Output Handling, Error Handling",4,1
"GE 108: Understanding the Self, GE EL 108: Philippine Indigenous Communities",,3,Senior IT Student,"IT Fundamentals, Intro to Human Computer Interaction, PE 1: PATH FIT 1 - Movement Enhancement, PE 2: PATH FIT 2 - Fitness Exercises","UI/UX, Javascript, CSS, HTML",3,0
"Computer Programming, GE 105: Mathematics in the Modern World, IT Fundamentals","Loops, Input and Output Handling",4,Senior IT Student,"GE 104: Readings in Philippine History, Introduction to Computing","Input and Output Handling, Loops, Arrays",3,0
"GE 105: Mathematics in the Modern World, PE 2: PATH FIT 2 - Fitness Exercises",,4,Instructor,"GE 104: Readings in Philippine History, GE 105: Mathematics in the Modern World, PE 2: PATH FIT 2 - Fitness Exercises",,5,1
"GE 108: Understanding the Self, IT Fundamentals","Javascript, HTML",4,Senior IT Student,IT Fundamentals,"Javascript, CSS, HTML",4,1
"Computer Programming, PE 1: PATH FIT 1 - Movement Enhancement","Arrays, Loops",4,Instructor,"PE 2: PATH FIT 2 - Fitness Exercises, PE 1: PATH FIT 1 - Movement Enhancement",,5,0
"Computer Programming, Introduction to Computing, NSTP 2: Civic Welfare Training Service","Javascript, Arrays, Error Handling, Loops",4,Senior IT Student,"IT Fundamentals, Introduction to Computing, Computer Programming","CSS, Arrays, Javascript, Loops",4,1
NSTP 1: Civic Welfare Training Service,,4,Instructor,Intro to Human Computer Interaction,UI/UX,4,0
"GE 104: Readings in Philippine History, GE EL 108: Philippine Indigenous Communities",,5,Senior IT Student,"IT Fundamentals, PE 1: PATH FIT 1 - Movement Enhancement","CSS, Javascript, HTML",4,0
"PE 1: PATH FIT 1 - Movement Enhancement, PE 2: PATH FIT 2 - Fitness Exercises",,4,Senior IT Student,Computer Programming,"Javascript, Error Handling, Loops, Input and Output Handling",4,0
GE 105: Mathematics in the Modern World,,4,Senior IT Student,"Computer Programming, Intro to Human Computer Interaction, Introduction to Computing, NSTP 2: Civic Welfare Training Service","Loops, Javascript, Input and Output Handling",5,0
"GE 104: Readings in Philippine History, GE 105: Mathematics in the Modern World, IT Fundamentals",Javascript,3,Senior IT Student,"GE 108: Understanding the Self, IT Fundamentals, Intro to Human Computer Interaction","Javascript, UI/UX, CSS, HTML",4,1
"GE 104: Readings in Philippine History, GE 105: Mathematics in the Modern World",,2,Senior IT Student,"GE 108: Understanding the Self, GE EL 108: Philippine Indigenous Communities, Intro to Human Computer Interaction",UI/UX,4,0
"Computer Programming, GE 104: Readings in Philippine History","Arrays, Loops",2,Senior IT Student,"GE 105: Mathematics in the Modern World, Intro to Human Computer Interaction, Introduction to Computing","UI/UX, Arrays, Loops",4,0
"Computer Programming, Intro to Human Computer Interaction, NSTP 1: Civic Welfare Training Service",Input and Output Handling,4,Senior IT Student,"GE 104: Readings in Philippine History, GE 108: Understanding the Self, IT Fundamentals, Introduction to Computing","Arrays, Error Handling, CSS, Loops",3,0
"Computer Programming, IT Fundamentals, Intro to Human Computer Interaction, PE 1: PATH FIT 1 - Movement Enhancement, PE 2: PATH FIT 2 - Fitness Exercises","CSS, Javascript, Arrays",2,Senior IT Student,"Introduction to Computing, PE 2: PATH FIT 2 - Fitness Exercises","Loops, Error Handling, Input and Output Handling",4,1
"Computer Programming, Introduction to Computing, PE 1: PATH FIT 1 - Movement Enhancement, PE 2: PATH FIT 2 - Fitness Exercises","Arrays, Javascript, Error Handling, Input and Output Handling",4,Instructor,"GE 104: Readings in Philippine History, GE EL 108: Philippine Indigenous Communities, Intro to Human Computer Interaction",UI/UX,5,0
"IT Fundamentals, Introduction to Computing","HTML, CSS, Error Handling, Javascript",4,Senior IT Student,"Introduction to Computing, PE 1: PATH FIT 1 - Movement Enhancement, PE 2: PATH FIT 2 - Fitness Exercises","Loops, Error Handling, Arrays, Input and Output Handling",3,0
"Computer Programming, IT Fundamentals, PE 2: PATH FIT 2 - Fitness Exercises","HTML, Javascript",3,Senior IT Student,NSTP 1: Civic Welfare Training Service,,3,0
"IT Fundamentals, Intro to Human Computer Interaction, NSTP 2: Civic Welfare Training Service","CSS, UI/UX",2,Senior IT Student,"IT Fundamentals, Introduction to Computing, NSTP 1: Civic Welfare Training Service","Loops, HTML",5,0
"Computer Programming, IT Fundamentals","Loops, Javascript, CSS, Arrays, HTML",2,Senior IT Student,"GE 108: Understanding the Self, IT Fundamentals","Javascript, CSS, HTML",4,1
"Computer Programming, IT Fundamentals","CSS, Arrays, Loops",2,Senior IT Student,"GE 104: Readings in Philippine History, GE 108: Understanding the Self, IT Fundamentals, Introduction to Computing","CSS, Arrays",3,1
"Computer Programming, IT Fundamentals, Intro to Human Computer Interaction","CSS, Input and Output Handling, UI/UX",4,Instructor,"GE 105: Mathematics in the Modern World, GE 104: Readings in Philippine History",,4,0
"Computer Programming, Intro to Human Computer Interaction","UI/UX, Javascript, Loops, Error Handling",3,Senior IT Student,"Computer Programming, PE 1: PATH FIT 1 - Movement Enhancement, PE 2: PATH FIT 2 - Fitness Exercises","Input and Output Handling, Error Handling",4,1
"IT Fundamentals, NSTP 1: Civic Welfare Training Service","CSS, HTML, Javascript",4,Senior IT Student,GE 108: Understanding the Self,,3,0
"Computer Programming, IT Fundamentals, Intro to Human Computer Interaction, PE 1: PATH FIT 1 - Movement Enhancement, PE 2: PATH FIT 2 - Fitness Exercises","Error Handling, CSS, Loops",4,Senior IT Student,"Intro to Human Computer Interaction, Introduction to Computing, PE 1: PATH FIT 1 - Movement Enhancement, PE 2: PATH FIT 2 - Fitness Exercises","Loops, Error Handling",4,1
"Computer Programming, GE EL 108: Philippine Indigenous Communities","Error Handling, Arrays",4,Senior IT Student,NSTP 2: Civic Welfare Training Service,,4,0
"IT Fundamentals, Introduction to Computing","CSS, Input and Output Handling",4,Instructor,"IT Fundamentals, Intro to Human Computer Interaction, NSTP 1: Civic Welfare Training Service","CSS, Javascript, UI/UX",4,1
"Computer Programming, GE 105: Mathematics in the Modern World","Input and Output Handling, Loops",5,Instructor,"GE 108: Understanding the Self, GE EL 108: Philippine Indigenous Communities, IT Fundamentals","CSS, HTML",4,0
"PE 1: PATH FIT 1 - Movement Enhancement, PE 2: PATH FIT 2 - Fitness Exercises",,3,Senior IT Student,"Computer Programming, Introduction to Computing, IT Fundamentals","Input and Output Handling, Error Handling, Arrays, HTML, CSS, Loops",3,0
NSTP 1: Civic Welfare Training Service,,3,Senior IT Student,"Intro to Human Computer Interaction, Introduction to Computing, PE 2: PATH FIT 2 - Fitness Exercises","Input and Output Handling, UI/UX, Loops, Error Handling, Arrays",3,0
"GE 105: Mathematics in the Modern World, IT Fundamentals, Introduction to Computing","CSS, HTML",4,Senior IT Student,"Introduction to Computing, IT Fundamentals","HTML, Arrays, Loops, Javascript",4,1
"PE 2: PATH FIT 2 - Fitness Exercises, PE 1: PATH FIT 1 - Movement Enhancement",,5,Instructor,GE 108: Understanding the Self,,4,0
"Computer Programming, IT Fundamentals","Input and Output Handling, Arrays, CSS, HTML",4,Senior IT Student,"Computer Programming, Introduction to Computing, PE 1: PATH FIT 1 - Movement Enhancement, PE 2: PATH FIT 2 - Fitness Exercises","Javascript, Input and Output Handling",5,1
NSTP 1: Civic Welfare Training Service,,2,Senior IT Student,IT Fundamentals,"Javascript, HTML, CSS",4,0
Computer Programming,"Input and Output Handling, Javascript, Arrays",2,Senior IT Student,"IT Fundamentals, Introduction to Computing, Intro to Human Computer Interaction","Javascript, HTML, Arrays, UI/UX",3,1
"Computer Programming, IT Fundamentals, NSTP 2: Civic Welfare Training Service","CSS, Arrays, Error Handling",2,Senior IT Student,"Intro to Human Computer Interaction, PE 1: PATH FIT 1 - Movement Enhancement, PE 2: PATH FIT 2 - Fitness Exercises",UI/UX,4,0
"Computer Programming, GE 104: Readings in Philippine History, IT Fundamentals, Intro to Human Computer Interaction",UI/UX,2,Senior IT Student,"IT Fundamentals, Introduction to Computing","CSS, Loops, Input and Output Handling",3,0
"Computer Programming, NSTP 2: Civic Welfare Training Service","Arrays, Input and Output Handling",3,Senior IT Student,GE 108: Understanding the Self,,3,0
IT Fundamentals,"Javascript, HTML, CSS",3,Senior IT Student,"GE 104: Readings in Philippine History, IT Fundamentals","HTML, Javascript, CSS",4,1
"Computer Programming, IT Fundamentals, Introduction to Computing, NSTP 2: Civic Welfare Training Service","Loops, Javascript, HTML",4,Instructor,"Computer Programming, IT Fundamentals, Intro to Human Computer Interaction, PE 1: PATH FIT 1 - Movement Enhancement, PE 2: PATH FIT 2 - Fitness Exercises","CSS, HTML, Loops, UI/UX, Arrays",5,1
"Computer Programming, Intro to Human Computer Interaction","Javascript, Arrays, Input and Output Handling, UI/UX",4,Senior IT Student,NSTP 1: Civic Welfare Training Service,,4,0
Computer Programming,"Arrays, Javascript, Error Handling, Loops",3,Senior IT Student,"IT Fundamentals, Intro to Human Computer Interaction, Introduction to Computing","UI/UX, Error Handling, Javascript, Loops, Input and Output Handling, CSS",4,1
Computer Programming,"Input and Output Handling, Arrays, Error Handling, Javascript, Loops",4,Senior IT Student,NSTP 2: Civic Welfare Training Service,,3,0
"Computer Programming, IT Fundamentals, PE 2: PATH FIT 2 - Fitness Exercises",Loops,4,Instructor,"GE 105: Mathematics in the Modern World, GE EL 108: Philippine Indigenous Communities, Intro to Human Computer Interaction, Introduction to Computing","Error Handling, UI/UX, Input and Output Handling, Loops",5,0
"Computer Programming, Introduction to Computing","Error Handling, Javascript, Loops",3,Instructor,"GE 104: Readings in Philippine History, GE EL 108: Philippine Indigenous Communities, Introduction to Computing","Loops, Input and Output Handling, Error Handling",4,1
IT Fundamentals,"HTML, Javascript",3,Senior IT Student,"GE 104: Readings in Philippine History, GE EL 108: Philippine Indigenous Communities, Intro to Human Computer Interaction, Introduction to Computing","Input and Output Handling, UI/UX, Arrays, Error Handling, Loops",4,0
"IT Fundamentals, Intro to Human Computer Interaction, NSTP 1: Civic Welfare Training Service","HTML, UI/UX, Javascript, CSS",2,Senior IT Student,"Computer Programming, Intro to Human Computer Interaction","Input and Output Handling, Arrays, Error Handling",4,0
"Computer Programming, PE 1: PATH FIT 1 - Movement Enhancement, PE 2: PATH FIT 2 - Fitness Exercises","Javascript, Arrays, Loops, Input and Output Handling",4,Senior IT Student,IT Fundamentals,"HTML, CSS, Javascript",4,0
"Computer Programming, GE 104: Readings in Philippine History, GE EL 108: Philippine Indigenous Communities, IT Fundamentals",Javascript,3,Senior IT Student,"Introduction to Computing, PE 1: PATH FIT 1 - Movement Enhancement, PE 2: PATH FIT 2 - Fitness Exercises","Arrays, Input and Output Handling, Loops, Error Handling",5,0
"GE 108: Understanding the Self, IT Fundamentals","CSS, HTML, Javascript",4,Senior IT Student,"Intro to Human Computer Interaction, Introduction to Computing, PE 1: PATH FIT 1 - Movement Enhancement, PE 2: PATH FIT 2 - Fitness Exercises","UI/UX, Loops, Input and Output Handling, Arrays, Error Handling",3,0
"Computer Programming, GE 108: Understanding the Self, Introduction to Computing","Input and Output Handling, Arrays, Loops, Javascript",3,Senior IT Student,"Introduction to Computing, NSTP 2: Civic Welfare Training Service","Error Handling, Arrays",4,1
"Computer Programming, GE 104: Readings in Philippine History, GE 105: Mathematics in the Modern World, IT Fundamentals","HTML, Input and Output Handling, CSS, Error Handling",5,Senior IT Student,"IT Fundamentals, Introduction to Computing, NSTP 1: Civic Welfare Training Service","CSS, Loops, Error Handling, Javascript",5,1
"IT Fundamentals, Intro to Human Computer Interaction, NSTP 2: Civic Welfare Training Service","HTML, CSS",2,Senior IT Student,"Computer Programming, GE 108: Understanding the Self, Intro to Human Computer Interaction","UI/UX, Error Handling, Javascript, Loops, Input and Output Handling",3,0
"Computer Programming, IT Fundamentals, NSTP 1: Civic Welfare Training Service","Error Handling, Loops, Input and Output Handling, Arrays",4,Instructor,"GE EL 108: Philippine Indigenous Communities, Intro to Human Computer Interaction",UI/UX,5,0
"Computer Programming, IT Fundamentals","HTML, Input and Output Handling, CSS",3,Senior IT Student,"Computer Programming, GE 104: Readings in Philippine History, GE 105: Mathematics in the Modern World","Loops, Input and Output Handling, Javascript, Arrays, Error Handling",4,1
"Computer Programming, GE 105: Mathematics in the Modern World, Introduction to Computing",Input and Output Handling,5,Senior IT Student,"Intro to Human Computer Interaction, PE 2: PATH FIT 2 - Fitness Exercises",UI/UX,3,0
PE 2: PATH FIT 2 - Fitness Exercises,,4,Senior IT Student,"Computer Programming, Introduction to Computing, Intro to Human Computer Interaction","Input and Output Handling, Loops, Arrays, UI/UX",4,0
"Computer Programming, IT Fundamentals","Arrays, Error Handling, Javascript, CSS, Loops",4,Senior IT Student,"IT Fundamentals, NSTP 1: Civic Welfare Training Service","CSS, Javascript",5,1
"GE EL 108: Philippine Indigenous Communities, IT Fundamentals",HTML,4,Instructor,NSTP 1: Civic Welfare Training Service,,4,0
"IT Fundamentals, Introduction to Computing","Input and Output Handling, Loops, Error Handling, Arrays",5,Instructor,"GE 108: Understanding the Self, NSTP 2: Civic Welfare Training Service, PE 2: PATH FIT 2 - Fitness Exercises",,5,0
"Computer Programming, IT Fundamentals","HTML, Input and Output Handling, Arrays, Loops, Error Handling",4,Senior IT Student,Introduction to Computing,"Input and Output Handling, Loops, Error Handling",5,1
"Computer Programming, GE 105: Mathematics in the Modern World, IT Fundamentals, Intro to Human Computer Interaction","CSS, Arrays, Input and Output Handling",3,Instructor,"Computer Programming, GE 104: Readings in Philippine History, IT Fundamentals","CSS, Error Handling, Arrays, Javascript",4,1
"Computer Programming, IT Fundamentals, Intro to Human Computer Interaction, PE 1: PATH FIT 1 - Movement Enhancement, PE 2: PATH FIT 2 - Fitness Exercises","Loops, CSS, UI/UX, Error Handling",4,Instructor,NSTP 1: Civic Welfare Training Service,,4,0
Computer Programming,"Loops, Input and Output Handling, Error Handling",2,Senior IT Student,"Computer Programming, IT Fundamentals, Intro to Human Computer Interaction","HTML, UI/UX, Javascript, Error Handling",5,1
"Computer Programming, GE 104: Readings in Philippine History, GE EL 108: Philippine Indigenous Communities",Loops,5,Instructor,"PE 2: PATH FIT 2 - Fitness Exercises, PE 1: PATH FIT 1 - Movement Enhancement",,4,0
NSTP 1: Civic Welfare Training Service,,3,Instructor,"GE 105: Mathematics in the Modern World, GE EL 108: Philippine Indigenous Communities, PE 1: PATH FIT 1 - Movement Enhancement",,4,0
GE EL 108: Philippine Indigenous Communities,,3,Senior IT Student,"Computer Programming, Introduction to Computing","Javascript, Arrays, Error Handling, Input and Output Handling",4,0
"Computer Programming, GE 108: Understanding the Self, GE EL 108: Philippine Indigenous Communities, IT Fundamentals, Introduction to Computing","Loops, HTML, Javascript, Input and Output Handling",3,Senior IT Student,"GE EL 108: Philippine Indigenous Communities, Introduction to Computing","Error Handling, Loops, Input and Output Handling, Arrays",3,1
"GE 105: Mathematics in the Modern World, GE EL 108: Philippine Indigenous Communities, IT Fundamentals","HTML, Javascript",5,Senior IT Student,"Introduction to Computing, Intro to Human Computer Interaction, Computer Programming","Input and Output Handling, Javascript, Loops, UI/UX, Error Handling",5,0
"Computer Programming, GE 104: Readings in Philippine History, GE 108: Understanding the Self","Javascript, Error Handling, Arrays",4,Senior IT Student,Intro to Human Computer Interaction,UI/UX,4,0
"Computer Programming, IT Fundamentals, NSTP 1: Civic Welfare Training Service","CSS, Loops",4,Instructor,"NSTP 2: Civic Welfare Training Service, PE 1: PATH FIT 1 - Movement Enhancement",,4,0
"Computer Programming, IT Fundamentals","Arrays, HTML, Input and Output Handling, Loops",4,Instructor,GE 108: Understanding the Self,,5,0
"IT Fundamentals, PE 1: PATH FIT 1 - Movement Enhancement, PE 2: PATH FIT 2 - Fitness Exercises","CSS, HTML",2,Senior IT Student,"GE EL 108: Philippine Indigenous Communities, IT Fundamentals","Javascript, CSS",5,1
"GE 105: Mathematics in the Modern World, GE EL 108: Philippine Indigenous Communities",,4,Senior IT Student,"GE 104: Readings in Philippine History, GE EL 108: Philippine Indigenous Communities, IT Fundamentals","Javascript, HTML",3,0
"Computer Programming, IT Fundamentals","HTML, Input and Output Handling, Arrays, Loops, Javascript",5,Senior IT Student,"Computer Programming, GE 104: Readings in Philippine History, GE EL 108: Philippine Indigenous Communities, Introduction to Computing","Loops, Error Handling",3,0
"IT Fundamentals, NSTP 1: Civic Welfare Training Service",Javascript,5,Senior IT Student,"Introduction to Computing, Intro to Human Computer Interaction, IT Fundamentals","Arrays, Error Handling, UI/UX, Loops, HTML, Input and Output Handling",4,0
"Computer Programming, IT Fundamentals, Introduction to Computing, PE 1: PATH FIT 1 - Movement Enhancement, PE 2: PATH FIT 2 - Fitness Exercises","HTML, Error Handling, Javascript, Arrays",4,Senior IT Student,"GE 104: Readings in Philippine History, IT Fundamentals, Introduction to Computing","Loops, Input and Output Handling, Javascript, Error Handling",5,1
"Computer Programming, GE 105: Mathematics in the Modern World, GE 108: Understanding the Self, Intro to Human Computer Interaction","Error Handling, Loops, UI/UX",4,Senior IT Student,"Intro to Human Computer Interaction, PE 1: PATH FIT 1 - Movement Enhancement, PE 2: PATH FIT 2 - Fitness Exercises",UI/UX,4,1
"Computer Programming, GE 104: Readings in Philippine History, GE EL 108: Philippine Indigenous Communities, Introduction to Computing","Error Handling, Arrays, Loops, Javascript",3,Senior IT Student,NSTP 2: Civic Welfare Training Service,,3,0
"Computer Programming, NSTP 2: Civic Welfare Training Service","Input and Output Handling, Loops, Javascript",3,Senior IT Student,"IT Fundamentals, Intro to Human Computer Interaction, Introduction to Computing","Arrays, Input and Output Handling, Error Handling, CSS",3,0
"IT Fundamentals, Intro to Human Computer Interaction, NSTP 1: Civic Welfare Training Service","Javascript, HTML",4,Senior IT Student,"IT Fundamentals, Intro to Human Computer Interaction, Introduction to Computing, PE 2: PATH FIT 2 - Fitness Exercises","Error Handling, Javascript, HTML, CSS, Loops",3,1
"GE 108: Understanding the Self, IT Fundamentals, Intro to Human Computer Interaction","HTML, Javascript, UI/UX, CSS",3,Senior IT Student,"GE 108: Understanding the Self, IT Fundamentals, Intro to Human Computer Interaction","HTML, UI/UX, CSS",3,1
Computer Programming,"Loops, Error Handling, Input and Output Handling, Javascript",5,Senior IT Student,"NSTP 2: Civic Welfare Training Service, PE 2: PATH FIT 2 - Fitness Exercises",,5,0
"Computer Programming, GE 104: Readings in Philippine History, GE 105: Mathematics in the Modern World, IT Fundamentals","HTML, CSS, Arrays, Loops",5,Senior IT Student,"Introduction to Computing, IT Fundamentals, Intro to Human Computer Interaction","Loops, Javascript, HTML, Error Handling",3,1
"IT Fundamentals, Introduction to Computing, NSTP 2: Civic Welfare Training Service","Arrays, CSS, HTML, Loops",5,Senior IT Student,"Computer Programming, Intro to Human Computer Interaction, Introduction to Computing","Input and Output Handling, Arrays, Error Handling, UI/UX, Loops, Javascript",4,1
"Computer Programming, IT Fundamentals","CSS, HTML, Error Handling",5,Senior IT Student,"GE 105: Mathematics in the Modern World, Intro to Human Computer Interaction",UI/UX,5,0
"Computer Programming, IT Fundamentals, Intro to Human Computer Interaction","UI/UX, Arrays",3,Instructor,"Computer Programming, GE 105: Mathematics in the Modern World, Introduction to Computing","Arrays, Loops",4,1
"Computer Programming, Introduction to Computing, NSTP 2: Civic Welfare Training Service",Loops,2,Instructor,"IT Fundamentals, Computer Programming, Introduction to Computing","Input and Output Handling, CSS, Loops",4,1
NSTP 1: Civic Welfare Training Service,,3,Instructor,"IT Fundamentals, Intro to Human Computer Interaction, PE 1: PATH FIT 1 - Movement Enhancement, PE 2: PATH FIT 2 - Fitness Exercises","CSS, Javascript",5,0
NSTP 1: Civic Welfare Training Service,,4,Instructor,Introduction to Computing,"Loops, Arrays, Error Handling",4,0
"Computer Programming, IT Fundamentals, Intro to Human Computer Interaction","CSS, Javascript, HTML",3,Senior IT Student,"GE 105: Mathematics in the Modern World, IT Fundamentals, Intro to Human Computer Interaction","CSS, Javascript, HTML, UI/UX",3,1
NSTP 1: Civic Welfare Training Service,,2,Senior IT Student,"IT Fundamentals, Introduction to Computing, PE 1: PATH FIT 1 - Movement Enhancement, PE 2: PATH FIT 2 - Fitness Exercises","Loops, HTML, Input and Output Handling, Error Handling",5,0
"GE 105: Mathematics in the Modern World, GE 108: Understanding the Self, IT Fundamentals","HTML, CSS, Javascript",4,Senior IT Student,"IT Fundamentals, Introduction to Computing, Intro to Human Computer Interaction","Arrays, Javascript, UI/UX, Input and Output Handling",4,1
"Computer Programming, IT Fundamentals","CSS, HTML, Error Handling",3,Senior IT Student,"GE 104: Readings in Philippine History, GE EL 108: Philippine Indigenous Communities, IT Fundamentals","HTML, CSS, Javascript",3,1
NSTP 2: Civic Welfare Training Service,,2,Senior IT Student,"Computer Programming, IT Fundamentals","Loops, Javascript, Arrays, Input and Output Handling, CSS, Error Handling",4,0
"IT Fundamentals, NSTP 2: Civic Welfare Training Service","CSS, HTML",4,Senior IT Student,"IT Fundamentals, Intro to Human Computer Interaction","Javascript, UI/UX, CSS, HTML",3,0
"GE 104: Readings in Philippine History, GE EL 108: Philippine Indigenous Communities, IT Fundamentals, Intro to Human Computer Interaction","CSS, UI/UX, Javascript",3,Senior IT Student,Intro to Human Computer Interaction,UI/UX,3,1
"Computer Programming, IT Fundamentals","Javascript, CSS",4,Senior IT Student,"Introduction to Computing, Computer Programming, IT Fundamentals","HTML, Arrays, CSS",4,1
IT Fundamentals,"CSS, HTML, Javascript",5,Senior IT Student,"Computer Programming, GE 105: Mathematics in the Modern World, IT Fundamentals","Loops, CSS",5,1
"Computer Programming, GE EL 108: Philippine Indigenous Communities","Input and Output Handling, Error Handling",3,Instructor,"Intro to Human Computer Interaction, PE 1: PATH FIT 1 - Movement Enhancement",UI/UX,4,0
"Computer Programming, IT Fundamentals, PE 2: PATH FIT 2 - Fitness Exercises","Loops, Arrays, Javascript, Error Handling",4,Senior IT Student,"Introduction to Computing, Intro to Human Computer Interaction, IT Fundamentals","Javascript, UI/UX, Input and Output Handling, HTML, Arrays, Error Handling",4,1
"Computer Programming, NSTP 1: Civic Welfare Training Service","Error Handling, Loops",5,Instructor,"IT Fundamentals, Computer Programming","Javascript, Error Handling, Arrays, CSS",4,0
"Computer Programming, NSTP 1: Civic Welfare Training Service","Loops, Input and Output Handling, Error Handling, Javascript, Arrays",5,Instructor,"Computer Programming, IT Fundamentals, NSTP 1: Civic Welfare Training Service","Input and Output Handling, HTML, CSS, Loops, Javascript",4,1
"IT Fundamentals, Introduction to Computing, PE 1: PATH FIT 1 - Movement Enhancement, PE 2: PATH FIT 2 - Fitness Exercises",Javascript,2,Instructor,"GE 108: Understanding the Self, Intro to Human Computer Interaction, Introduction to Computing","Input and Output Handling, Arrays, Loops, Error Handling",4,1
"PE 1: PATH FIT 1 - Movement Enhancement, PE 2: PATH FIT 2 - Fitness Exercises",,4,Senior IT Student,"GE 104: Readings in Philippine History, GE 108: Understanding the Self, IT Fundamentals","HTML, CSS",3,0
"Computer Programming, GE 105: Mathematics in the Modern World, IT Fundamentals",Error Handling,4,Senior IT Student,"GE 108: Understanding the Self, GE 104: Readings in Philippine History",,4,0
"Computer Programming, IT Fundamentals","Input and Output Handling, Arrays, HTML, CSS",5,Senior IT Student,"GE EL 108: Philippine Indigenous Communities, IT Fundamentals, Intro to Human Computer Interaction","CSS, UI/UX",5,1
"Computer Programming, IT Fundamentals, NSTP 1: Civic Welfare Training Service","Error Handling, Javascript, Input and Output Handling",3,Senior IT Student,"Computer Programming, GE 108: Understanding the Self","Arrays, Input and Output Handling, Javascript, Loops",4,1
GE 105: Mathematics in the Modern World,,2,Senior IT Student,"GE 108: Understanding the Self, NSTP 1: Civic Welfare Training Service, NSTP 2: Civic Welfare Training Service",,4,0
"Computer Programming, GE 104: Readings in Philippine History, IT Fundamentals, Intro to Human Computer Interaction","Arrays, Error Handling, Javascript, HTML",5,Senior IT Student,"GE 104: Readings in Philippine History, GE 105: Mathematics in the Modern World",,4,0
"Computer Programming, GE 105: Mathematics in the Modern World, Intro to Human Computer Interaction","Error Handling, Loops, Javascript",3,Instructor,"Computer Programming, Introduction to Computing, Intro to Human Computer Interaction","Loops, Input and Output Handling, Arrays, UI/UX",4,1
"Computer Programming, GE 108: Understanding the Self, IT Fundamentals","Input and Output Handling, Loops, Javascript",5,Senior IT Student,"GE 104: Readings in Philippine History, GE 108: Understanding the Self, IT Fundamentals, Intro to Human Computer Interaction","UI/UX, HTML",4,0
"IT Fundamentals, PE 2: PATH FIT 2 - Fitness Exercises","Javascript, HTML",3,Senior IT Student,"GE 108: Understanding the Self, IT Fundamentals, Intro to Human Computer Interaction","HTML, UI/UX, CSS",4,1
"GE 104: Readings in Philippine History, GE 105: Mathematics in the Modern World, IT Fundamentals, Introduction to Computing",CSS,4,Senior IT Student,"Introduction to Computing, Computer Programming","Input and Output Handling, Error Handling, Javascript, Loops, Arrays",4,0
"Computer Programming, GE 105: Mathematics in the Modern World, GE 108: Understanding the Self, IT Fundamentals","Arrays, Input and Output Handling, Loops, Error Handling",2,Instructor,"Intro to Human Computer Interaction, Computer Programming","UI/UX, Loops, Error Handling, Javascript, Arrays",4,1
"Computer Programming, IT Fundamentals","HTML, Input and Output Handling, CSS, Arrays",5,Senior IT Student,"Introduction to Computing, PE 1: PATH FIT 1 - Movement Enhancement, PE 2: PATH FIT 2 - Fitness Exercises","Error Handling, Loops, Arrays, Input and Output Handling",5,0
"Computer Programming, IT Fundamentals","Loops, Error Handling, HTML, Arrays",5,Senior IT Student,"GE 105: Mathematics in the Modern World, GE 108: Understanding the Self, IT Fundamentals","Javascript, HTML, CSS",4,0
"GE 108: Understanding the Self, GE EL 108: Philippine Indigenous Communities, PE 2: PATH FIT 2 - Fitness Exercises",,2,Senior IT Student,"Computer Programming, NSTP 2: Civic Welfare Training Service","Input and Output Handling, Loops, Error Handling",4,0
"Computer Programming, IT Fundamentals","HTML, Arrays, Error Handling",3,Senior IT Student,Introduction to Computing,"Loops, Error Handling, Arrays",3,0
"Computer Programming, GE 104: Readings in Philippine History, GE 105: Mathematics in the Modern World, IT Fundamentals","Javascript, Input and Output Handling, CSS, Arrays, HTML",5,Instructor,"Intro to Human Computer Interaction, Introduction to Computing, NSTP 2: Civic Welfare Training Service","Error Handling, Arrays, UI/UX, Loops",5,0
"GE EL 108: Philippine Indigenous Communities, IT Fundamentals",CSS,5,Senior IT Student,"Computer Programming, GE 108: Understanding the Self, IT Fundamentals, Introduction to Computing","Error Handling, Javascript, Arrays, Input and Output Handling, HTML, Loops",3,0
"Computer Programming, PE 1: PATH FIT 1 - Movement Enhancement",Error Handling,4,Instructor,Introduction to Computing,"Arrays, Input and Output Handling, Error Handling",5,0
GE 105: Mathematics in the Modern World,,2,Senior IT Student,IT Fundamentals,"HTML, CSS, Javascript",3,0
"Computer Programming, GE 105: Mathematics in the Modern World, Intro to Human Computer Interaction","Loops, Input and Output Handling",4,Senior IT Student,"GE 105: Mathematics in the Modern World, IT Fundamentals","HTML, CSS",3,0
"GE 105: Mathematics in the Modern World, GE 108: Understanding the Self, NSTP 1: Civic Welfare Training Service",,5,Senior IT Student,"Intro to Human Computer Interaction, NSTP 2: Civic Welfare Training Service",UI/UX,4,0
IT Fundamentals,"HTML, CSS",2,Senior IT Student,Computer Programming,"Arrays, Input and Output Handling, Javascript, Error Handling",3,0
"Computer Programming, GE 105: Mathematics in the Modern World, Intro to Human Computer Interaction",UI/UX,3,Instructor,"IT Fundamentals, Intro to Human Computer Interaction, PE 1: PATH FIT 1 - Movement Enhancement, PE 2: PATH FIT 2 - Fitness Exercises","CSS, UI/UX",4,1
"Computer Programming, Intro to Human Computer Interaction, NSTP 2: Civic Welfare Training Service","Arrays, UI/UX, Input and Output Handling",4,Senior IT Student,"GE 105: Mathematics in the Modern World, Intro to Human Computer Interaction, Introduction to Computing","Loops, Error Handling, Arrays, UI/UX",3,0
"Computer Programming, GE 104: Readings in Philippine History, GE 105: Mathematics in the Modern World, Intro to Human Computer Interaction","Input and Output Handling, UI/UX, Arrays",3,Senior IT Student,"GE 105: Mathematics in the Modern World, Intro to Human Computer Interaction",UI/UX,5,1
"Computer Programming, Introduction to Computing, PE 1: PATH FIT 1 - Movement Enhancement, PE 2: PATH FIT 2 - Fitness Exercises","Loops, Javascript",2,Senior IT Student,"GE 108: Understanding the Self, Intro to Human Computer Interaction, Introduction to Computing","Input and Output Handling, UI/UX, Error Handling, Loops",3,1
PE 1: PATH FIT 1 - Movement Enhancement,,4,Senior IT Student,"GE EL 108: Philippine Indigenous Communities, GE 108: Understanding the Self",,4,0
"Computer Programming, IT Fundamentals, Introduction to Computing","Arrays, Error Handling",2,Senior IT Student,"IT Fundamentals, Introduction to Computing, PE 1: PATH FIT 1 - Movement Enhancement, PE 2: PATH FIT 2 - Fitness Exercises","Loops, Input and Output Handling",5,1
"Computer Programming, GE EL 108: Philippine Indigenous Communities, IT Fundamentals","CSS, Error Handling",3,Senior IT Student,"Intro to Human Computer Interaction, Computer Programming","UI/UX, Arrays, Javascript, Input and Output Handling, Loops",5,1
"Computer Programming, GE 104: Readings in Philippine History, IT Fundamentals, Intro to Human Computer Interaction","UI/UX, Error Handling, CSS, Input and Output Handling",2,Senior IT Student,"Computer Programming, Intro to Human Computer Interaction, NSTP 1: Civic Welfare Training Service","UI/UX, Error Handling, Javascript",4,1
"Computer Programming, IT Fundamentals, NSTP 1: Civic Welfare Training Service","Arrays, Input and Output Handling, CSS, Javascript",2,Instructor,Introduction to Computing,"Input and Output Handling, Loops, Error Handling, Arrays",4,0
"Computer Programming, IT Fundamentals, PE 1: PATH FIT 1 - Movement Enhancement, PE 2: PATH FIT 2 - Fitness Exercises","Error Handling, Javascript, Input and Output Handling, HTML",3,Senior IT Student,"Computer Programming, GE 108: Understanding the Self, Intro to Human Computer Interaction","Error Handling, Arrays, UI/UX, Javascript, Loops",3,1
"Computer Programming, NSTP 1: Civic Welfare Training Service","Loops, Arrays, Error Handling, Javascript",4,Senior IT Student,"Computer Programming, GE EL 108: Philippine Indigenous Communities, IT Fundamentals","CSS, Loops, Error Handling, Arrays",4,1
"GE EL 108: Philippine Indigenous Communities, IT Fundamentals","Javascript, HTML, CSS",3,Senior IT Student,"GE 104: Readings in Philippine History, Intro to Human Computer Interaction, Introduction to Computing","UI/UX, Input and Output Handling, Arrays",3,0
"GE 108: Understanding the Self, GE EL 108: Philippine Indigenous Communities, IT Fundamentals, Introduction to Computing","Loops, CSS, Input and Output Handling",3,Senior IT Student,"Computer Programming, Introduction to Computing, PE 1: PATH FIT 1 - Movement Enhancement, PE 2: PATH FIT 2 - Fitness Exercises","Input and Output Handling, Loops, Arrays, Javascript",4,1
"Computer Programming, IT Fundamentals","Arrays, CSS, Loops, Error Handling",5,Senior IT Student,NSTP 1: Civic Welfare Training Service,,3,0
"Computer Programming, IT Fundamentals","Error Handling, HTML, CSS, Arrays",2,Instructor,"Computer Programming, GE 105: Mathematics in the Modern World, GE EL 108: Philippine Indigenous Communities","Error Handling, Input and Output Handling, Loops, Arrays",4,1
"IT Fundamentals, Intro to Human Computer Interaction","CSS, UI/UX, HTML",2,Instructor,"Computer Programming, GE 104: Readings in Philippine History, IT Fundamentals","Arrays, CSS, HTML, Input and Output Handling, Error Handling",5,1
"GE 108: Understanding the Self, GE EL 108: Philippine Indigenous Communities, IT Fundamentals, Introduction to Computing","Arrays, Loops, CSS",4,Senior IT Student,NSTP 2: Civic Welfare Training Service,,4,0
"Computer Programming, GE 108: Understanding the Self, GE EL 108: Philippine Indigenous Communities, IT Fundamentals","Loops, HTML, Error Handling, Arrays",4,Instructor,"Intro to Human Computer Interaction, NSTP 1: Civic Welfare Training Service",UI/UX,4,0
"Computer Programming, GE 104: Readings in Philippine History, Introduction to Computing","Error Handling, Javascript, Loops",3,Instructor,"Introduction to Computing, IT Fundamentals, Intro to Human Computer Interaction","Loops, Error Handling, UI/UX, Javascript, Arrays, CSS",4,1
"GE 104: Readings in Philippine History, GE EL 108: Philippine Indigenous Communities, IT Fundamentals, Introduction to Computing","Error Handling, Javascript, CSS, HTML",5,Instructor,"GE 104: Readings in Philippine History, GE 105: Mathematics in the Modern World, IT Fundamentals","HTML, CSS, Javascript",4,1
"Computer Programming, GE 104: Readings in Philippine History, GE EL 108: Philippine Indigenous Communities, IT Fundamentals",CSS,4,Senior IT Student,"Intro to Human Computer Interaction, Introduction to Computing, Computer Programming","Input and Output Handling, Arrays, Javascript, Loops",4,0
"Computer Programming, GE 108: Understanding the Self, Introduction to Computing","Loops, Arrays, Error Handling",2,Senior IT Student,"Computer Programming, Intro to Human Computer Interaction, Introduction to Computing","Javascript, Input and Output Handling, Arrays, Error Handling, UI/UX",3,1
GE 108: Understanding the Self,,3,Senior IT Student,"Computer Programming, IT Fundamentals, NSTP 1: Civic Welfare Training Service","Error Handling, Arrays, Javascript",4,0
"Computer Programming, Introduction to Computing","Loops, Error Handling, Input and Output Handling",2,Senior IT Student,"Introduction to Computing, Intro to Human Computer Interaction, Computer Programming","Arrays, Error Handling, Input and Output Handling, Loops",5,1
"Computer Programming, GE 104: Readings in Philippine History, GE EL 108: Philippine Indigenous Communities",Arrays,3,Senior IT Student,"GE 104: Readings in Philippine History, GE EL 108: Philippine Indigenous Communities, IT Fundamentals, Introduction to Computing","Arrays, Error Handling",3,1
"Computer Programming, IT Fundamentals, PE 1: PATH FIT 1 - Movement Enhancement",HTML,4,Senior IT Student,"GE EL 108: Philippine Indigenous Communities, IT Fundamentals","CSS, HTML, Javascript",5,1
IT Fundamentals,"HTML, Javascript, CSS",4,Senior IT Student,"Computer Programming, Intro to Human Computer Interaction, NSTP 1: Civic Welfare Training Service","Arrays, UI/UX, Javascript",4,0
"Computer Programming, IT Fundamentals, Introduction to Computing, NSTP 1: Civic Welfare Training Service","HTML, Arrays, Loops",4,Senior IT Student,"Computer Programming, Intro to Human Computer Interaction","Arrays, Error Handling, UI/UX, Input and Output Handling",5,1
"GE 104: Readings in Philippine History, GE 108: Understanding the Self",,2,Instructor,"IT Fundamentals, Computer Programming","Arrays, CSS, Input and Output Handling, Javascript, Loops",4,0
"Computer Programming, GE 105: Mathematics in the Modern World, GE 108: Understanding the Self, Introduction to Computing",Error Handling,3,Instructor,"IT Fundamentals, NSTP 1: Civic Welfare Training Service","Javascript, CSS, HTML",4,0
"GE 108: Understanding the Self, GE EL 108: Philippine Indigenous Communities, IT Fundamentals, Intro to Human Computer Interaction","Javascript, CSS, HTML, UI/UX",3,Instructor,"IT Fundamentals, Computer Programming, Introduction to Computing","Arrays, Error Handling, Javascript, HTML, Loops",4,1
"IT Fundamentals, NSTP 1: Civic Welfare Training Service",HTML,3,Instructor,"IT Fundamentals, PE 1: PATH FIT 1 - Movement Enhancement, PE 2: PATH FIT 2 - Fitness Exercises","HTML, Javascript, CSS",5,1
"Computer Programming, GE 104: Readings in Philippine History, GE EL 108: Philippine Indigenous Communities, IT Fundamentals, Intro to Human Computer Interaction","UI/UX, Error Handling, Javascript, Loops",3,Senior IT Student,"Computer Programming, GE EL 108: Philippine Indigenous Communities, IT Fundamentals","CSS, Input and Output Handling, Error Handling",4,1
Computer Programming,"Arrays, Javascript, Input and Output Handling, Error Handling",3,Senior IT Student,"Computer Programming, IT Fundamentals, NSTP 1: Civic Welfare Training Service","Input and Output Handling, Javascript",4,1
Computer Programming,"Error Handling, Input and Output Handling",2,Senior IT Student,"IT Fundamentals, Intro to Human Computer Interaction, NSTP 1: Civic Welfare Training Service","HTML, Javascript, UI/UX, CSS",3,0
"IT Fundamentals, Intro to Human Computer Interaction, NSTP 2: Civic Welfare Training Service","UI/UX, CSS, Javascript",5,Instructor,IT Fundamentals,"Javascript, HTML, CSS",4,1
"Computer Programming, GE 105: Mathematics in the Modern World, GE EL 108: Philippine Indigenous Communities","Javascript, Error Handling",5,Instructor,"IT Fundamentals, PE 1: PATH FIT 1 - Movement Enhancement, PE 2: PATH FIT 2 - Fitness Exercises","Javascript, CSS",5,0
"IT Fundamentals, Introduction to Computing, NSTP 2: Civic Welfare Training Service",Input and Output Handling,4,Senior IT Student,"Intro to Human Computer Interaction, Introduction to Computing, PE 1: PATH FIT 1 - Movement Enhancement, PE 2: PATH FIT 2 - Fitness Exercises","Loops, Arrays",4,1
Computer Programming,"Input and Output Handling, Error Handling, Loops, Javascript, Arrays",4,Senior IT Student,"Computer Programming, NSTP 2: Civic Welfare Training Service","Error Handling, Input and Output Handling, Arrays",4,1
"Computer Programming, IT Fundamentals, NSTP 2: Civic Welfare Training Service","CSS, Error Handling, Input and Output Handling, Arrays",2,Instructor,"IT Fundamentals, Introduction to Computing, NSTP 2: Civic Welfare Training Service","Input and Output Handling, Javascript",5,1
IT Fundamentals,"CSS, Javascript, HTML",3,Instructor,"Computer Programming, GE 105: Mathematics in the Modern World, GE EL 108: Philippine Indigenous Communities","Arrays, Input and Output Handling, Loops, Error Handling",4,0
"Computer Programming, IT Fundamentals, NSTP 2: Civic Welfare Training Service","HTML, CSS, Error Handling",4,Instructor,"Computer Programming, Introduction to Computing, PE 1: PATH FIT 1 - Movement Enhancement, PE 2: PATH FIT 2 - Fitness Exercises","Arrays, Input and Output Handling, Javascript, Error Handling",5,1
"Computer Programming, IT Fundamentals, NSTP 1: Civic Welfare Training Service","CSS, Loops, Error Handling",4,Senior IT Student,GE 104: Readings in Philippine History,,4,0
"Computer Programming, IT Fundamentals, Intro to Human Computer Interaction, PE 1: PATH FIT 1 - Movement Enhancement, PE 2: PATH FIT 2 - Fitness Exercises","Error Handling, UI/UX, CSS, HTML",5,Senior IT Student,"Computer Programming, Introduction to Computing, PE 1: PATH FIT 1 - Movement Enhancement","Loops, Error Handling, Input and Output Handling, Javascript, Arrays",4,1
"Computer Programming, Introduction to Computing","Javascript, Arrays, Loops, Error Handling, Input and Output Handling",2,Senior IT Student,"Computer Programming, Intro to Human Computer Interaction, IT Fundamentals","Arrays, Loops, HTML, Error Handling, Input and Output Handling",3,1
"Computer Programming, GE 108: Understanding the Self, Intro to Human Computer Interaction","UI/UX, Javascript, Input and Output Handling, Error Handling",4,Senior IT Student,"GE 104: Readings in Philippine History, GE 105: Mathematics in the Modern World",,5,0
"Computer Programming, GE 108: Understanding the Self, IT Fundamentals","CSS, Loops, Javascript",5,Instructor,"GE 104: Readings in Philippine History, GE 108: Understanding the Self, IT Fundamentals, Intro to Human Computer Interaction","Javascript, HTML, UI/UX, CSS",5,1
"GE 105: Mathematics in the Modern World, IT Fundamentals","CSS, HTML, Javascript",5,Instructor,"GE 105: Mathematics in the Modern World, Introduction to Computing","Loops, Input and Output Handling, Arrays",5,1
"Computer Programming, GE 104: Readings in Philippine History, IT Fundamentals","Error Handling, Javascript, HTML, Loops",3,Senior IT Student,"IT Fundamentals, Introduction to Computing, NSTP 2: Civic Welfare Training Service","Loops, CSS, Error Handling, Javascript, Arrays",3,1
"IT Fundamentals, NSTP 1: Civic Welfare Training Service",CSS,2,Instructor,Intro to Human Computer Interaction,UI/UX,4,0
"Computer Programming, GE EL 108: Philippine Indigenous Communities, IT Fundamentals","HTML, Arrays",4,Senior IT Student,"GE 105: Mathematics in the Modern World, IT Fundamentals","HTML, CSS",4,1
"Computer Programming, GE 104: Readings in Philippine History, IT Fundamentals","Loops, Arrays, HTML",2,Instructor,"GE 108: Understanding the Self, IT Fundamentals, Introduction to Computing","Arrays, HTML, Input and Output Handling",4,1
"Computer Programming, IT Fundamentals, NSTP 1: Civic Welfare Training Service","Loops, Arrays, CSS, HTML",5,Instructor,"GE 105: Mathematics in the Modern World, GE 108: Understanding the Self, Intro to Human Computer Interaction, Introduction to Computing","UI/UX, Loops",4,0
PE 1: PATH FIT 1 - Movement Enhancement,,5,Senior IT Student,"GE 104: Readings in Philippine History, GE EL 108: Philippine Indigenous Communities, Intro to Human Computer Interaction",UI/UX,3,0
"Computer Programming, Intro to Human Computer Interaction, NSTP 2: Civic Welfare Training Service","Arrays, UI/UX, Javascript, Error Handling",3,Senior IT Student,"Introduction to Computing, Computer Programming","Input and Output Handling, Error Handling, Arrays, Javascript, Loops",4,1
"PE 2: PATH FIT 2 - Fitness Exercises, PE 1: PATH FIT 1 - Movement Enhancement",,4,Senior IT Student,"PE 2: PATH FIT 2 - Fitness Exercises, PE 1: PATH FIT 1 - Movement Enhancement",,4,1
"Computer Programming, IT Fundamentals","HTML, CSS, Javascript, Error Handling",2,Instructor,"Computer Programming, IT Fundamentals, NSTP 2: Civic Welfare Training Service","Arrays, CSS, Input and Output Handling, HTML, Loops",4,1
"Computer Programming, GE 105: Mathematics in the Modern World, IT Fundamentals, Intro to Human Computer Interaction","CSS, UI/UX, Input and Output Handling, Arrays",3,Senior IT Student,"IT Fundamentals, Intro to Human Computer Interaction, PE 1: PATH FIT 1 - Movement Enhancement, PE 2: PATH FIT 2 - Fitness Exercises","HTML, Javascript, UI/UX, CSS",3,1
"Computer Programming, IT Fundamentals, PE 1: PATH FIT 1 - Movement Enhancement, PE 2: PATH FIT 2 - Fitness Exercises",Input and Output Handling,3,Senior IT Student,"Computer Programming, Introduction to Computing, Intro to Human Computer Interaction","Error Handling, UI/UX, Arrays",4,1
NSTP 1: Civic Welfare Training Service,,4,Senior IT Student,Intro to Human Computer Interaction,UI/UX,4,0
"Computer Programming, GE 105: Mathematics in the Modern World","Arrays, Javascript, Error Handling",4,Senior IT Student,"IT Fundamentals, PE 1: PATH FIT 1 - Movement Enhancement, PE 2: PATH FIT 2 - Fitness Exercises","Javascript, CSS",4,0
GE 108: Understanding the Self,,3,Senior IT Student,"IT Fundamentals, NSTP 2: Civic Welfare Training Service","HTML, Javascript",3,0
Computer Programming,"Error Handling, Javascript, Loops",5,Senior IT Student,NSTP 1: Civic Welfare Training Service,,5,0
"IT Fundamentals, PE 1: PATH FIT 1 - Movement Enhancement",Javascript,3,Senior IT Student,Computer Programming,"Arrays, Javascript, Input and Output Handling, Error Handling",3,0
"Computer Programming, PE 1: PATH FIT 1 - Movement Enhancement","Loops, Error Handling, Arrays, Input and Output Handling",3,Senior IT Student,"GE 105: Mathematics in the Modern World, GE 108: Understanding the Self, IT Fundamentals","Javascript, CSS, HTML",5,0
"IT Fundamentals, NSTP 1: Civic Welfare Training Service",CSS,3,Senior IT Student,"Computer Programming, Introduction to Computing, PE 1: PATH FIT 1 - Movement Enhancement","Input and Output Handling, Javascript, Arrays, Error Handling",4,0
"GE 104: Readings in Philippine History, GE EL 108: Philippine Indigenous Communities",,4,Instructor,"IT Fundamentals, PE 1: PATH FIT 1 - Movement Enhancement","CSS, Javascript",5,0
Computer Programming,"Arrays, Javascript, Loops",4,Instructor,"GE 108: Understanding the Self, GE EL 108: Philippine Indigenous Communities",,5,0
"Computer Programming, Intro to Human Computer Interaction","UI/UX, Input and Output Handling",5,Senior IT Student,"Computer Programming, GE 104: Readings in Philippine History, Intro to Human Computer Interaction","Error Handling, Input and Output Handling, Javascript, Arrays, UI/UX",3,1
"IT Fundamentals, PE 2: PATH FIT 2 - Fitness Exercises","CSS, Javascript",4,Senior IT Student,"GE 104: Readings in Philippine History, GE EL 108: Philippine Indigenous Communities, IT Fundamentals","Javascript, CSS, HTML",4,1
Computer Programming,"Input and Output Handling, Arrays, Error Handling, Javascript",3,Senior IT Student,"GE 105: Mathematics in the Modern World, GE EL 108: Philippine Indigenous Communities",,4,0
Computer Programming,"Arrays, Javascript, Loops, Error Handling",3,Senior IT Student,"NSTP 1: Civic Welfare Training Service, NSTP 2: Civic Welfare Training Service",,4,0
Computer Programming,"Error Handling, Input and Output Handling, Loops",3,Instructor,Computer Programming,"Input and Output Handling, Loops, Arrays",4,1
"GE 104: Readings in Philippine History, GE 108: Understanding the Self",,4,Senior IT Student,"IT Fundamentals, NSTP 1: Civic Welfare Training Service","CSS, Javascript, HTML",4,0
"Computer Programming, IT Fundamentals, Intro to Human Computer Interaction, PE 1: PATH FIT 1 - Movement Enhancement, PE 2: PATH FIT 2 - Fitness Exercises","Loops, Input and Output Handling, Arrays, Javascript",4,Senior IT Student,"Intro to Human Computer Interaction, IT Fundamentals","Javascript, CSS, HTML",4,1
"Computer Programming, Introduction to Computing","Javascript, Loops, Arrays",5,Senior IT Student,"GE 105: Mathematics in the Modern World, IT Fundamentals","CSS, HTML",3,0
IT Fundamentals,"CSS, HTML",4,Senior IT Student,"GE 105: Mathematics in the Modern World, GE 108: Understanding the Self",,3,0
"Computer Programming, IT Fundamentals, PE 1: PATH FIT 1 - Movement Enhancement","CSS, Arrays",4,Senior IT Student,"Introduction to Computing, Intro to Human Computer Interaction, IT Fundamentals","HTML, Arrays, UI/UX, Error Handling, Loops, CSS",3,1
"IT Fundamentals, NSTP 1: Civic Welfare Training Service","Javascript, CSS",2,Instructor,PE 1: PATH FIT 1 - Movement Enhancement,,4,0
"GE 105: Mathematics in the Modern World, IT Fundamentals, Introduction to Computing","CSS, Input and Output Handling",3,Senior IT Student,"GE 105: Mathematics in the Modern World, PE 1: PATH FIT 1 - Movement Enhancement, PE 2: PATH FIT 2 - Fitness Exercises",,4,1
"NSTP 1: Civic Welfare Training Service, NSTP 2: Civic Welfare Training Service",,3,Instructor,"Intro to Human Computer Interaction, IT Fundamentals","Javascript, UI/UX, CSS",4,0
"Computer Programming, GE EL 108: Philippine Indigenous Communities, IT Fundamentals","HTML, CSS, Input and Output Handling, Loops",5,Senior IT Student,NSTP 2: Civic Welfare Training Service,,4,0
"IT Fundamentals, PE 1: PATH FIT 1 - Movement Enhancement, PE 2: PATH FIT 2 - Fitness Exercises",CSS,3,Instructor,Introduction to Computing,"Loops, Input and Output Handling, Arrays, Error Handling",4,0
NSTP 2: Civic Welfare Training Service,,3,Senior IT Student,"IT Fundamentals, Computer Programming, Intro to Human Computer Interaction","Javascript, Arrays, CSS, HTML, UI/UX, Error Handling",5,0
Computer Programming,"Error Handling, Input and Output Handling, Arrays, Javascript",3,Senior IT Student,"Introduction to Computing, Computer Programming","Error Handling, Input and Output Handling, Loops, Javascript, Arrays",4,1
"GE 104: Readings in Philippine History, GE EL 108: Philippine Indigenous Communities, IT Fundamentals",Javascript,4,Senior IT Student,"GE 105: Mathematics in the Modern World, GE 108: Understanding the Self, GE EL 108: Philippine Indigenous Communities, PE 2: PATH FIT 2 - Fitness Exercises",,4,1
"Computer Programming, IT Fundamentals","HTML, Javascript, CSS, Loops, Arrays",4,Senior IT Student,"NSTP 1: Civic Welfare Training Service, NSTP 2: Civic Welfare Training Service, PE 1: PATH FIT 1 - Movement Enhancement",,5,0
"GE 105: Mathematics in the Modern World, GE 108: Understanding the Self",,3,Instructor,"IT Fundamentals, Intro to Human Computer Interaction, Computer Programming","UI/UX, Loops, Javascript, HTML, Error Handling, Arrays",4,0
"GE 105: Mathematics in the Modern World, GE EL 108: Philippine Indigenous Communities",,4,Senior IT Student,"Computer Programming, GE 105: Mathematics in the Modern World","Input and Output Handling, Javascript, Loops, Error Handling, Arrays",3,0
"PE 2: PATH FIT 2 - Fitness Exercises, PE 1: PATH FIT 1 - Movement Enhancement",,4,Instructor,"Computer Programming, PE 1: PATH FIT 1 - Movement Enhancement, PE 2: PATH FIT 2 - Fitness Exercises","Javascript, Error Handling, Input and Output Handling, Arrays",4,1
"Computer Programming, IT Fundamentals, Intro to Human Computer Interaction, NSTP 1: Civic Welfare Training Service","Arrays, HTML, Javascript, Error Handling",2,Instructor,"Introduction to Computing, NSTP 1: Civic Welfare Training Service","Loops, Error Handling, Arrays, Input and Output Handling",5,1
"NSTP 2: Civic Welfare Training Service, PE 1: PATH FIT 1 - Movement Enhancement",,5,Senior IT Student,"Intro to Human Computer Interaction, Introduction to Computing, NSTP 2: Civic Welfare Training Service","UI/UX, Input and Output Handling",3,0
"IT Fundamentals, Intro to Human Computer Interaction","CSS, HTML, UI/UX, Javascript",5,Senior IT Student,"Introduction to Computing, Computer Programming, IT Fundamentals","Error Handling, Input and Output Handling, Loops",3,0
"Computer Programming, IT Fundamentals","Loops, CSS, HTML, Input and Output Handling",3,Senior IT Student,"GE 105: Mathematics in the Modern World, GE 108: Understanding the Self, IT Fundamentals, Intro to Human Computer Interaction","UI/UX, Javascript, CSS",5,1
"Computer Programming, GE 108: Understanding the Self, IT Fundamentals, Introduction to Computing",Javascript,4,Senior IT Student,Introduction to Computing,"Arrays, Loops, Input and Output Handling",3,0
IT Fundamentals,"HTML, CSS",4,Senior IT Student,"IT Fundamentals, Intro to Human Computer Interaction, NSTP 2: Civic Welfare Training Service","Javascript, HTML, CSS, UI/UX",4,1
"GE 105: Mathematics in the Modern World, GE EL 108: Philippine Indigenous Communities",,4,Senior IT Student,"IT Fundamentals, NSTP 1: Civic Welfare Training Service","CSS, Javascript, HTML",5,0
"Computer Programming, Introduction to Computing","Error Handling, Input and Output Handling, Javascript",3,Senior IT Student,"GE EL 108: Philippine Indigenous Communities, GE 104: Readings in Philippine History",,5,0
